resource,key,text
_3S.CoDeSys.Compiler35220.Resources.CompilerStrings.es.resources,AffectionCopied,"Valor antiguo copiado"
_3S.CoDeSys.Compiler35220.Resources.CompilerStrings.es.resources,AffectionInitialized,"Inicializado"
_3S.CoDeSys.Compiler35220.Resources.CompilerStrings.es.resources,AffectionInitNewVariables,"Nuevas variables inicializadas"
_3S.CoDeSys.Compiler35220.Resources.CompilerStrings.es.resources,AffectionLocationChanged,"Posición modificada"
_3S.CoDeSys.Compiler35220.Resources.CompilerStrings.es.resources,AffectionVFTableInitialized,"Tabla virtual de funciones inicializada"
_3S.CoDeSys.Compiler35220.Resources.CompilerStrings.es.resources,And_Text,"y"
_3S.CoDeSys.Compiler35220.Resources.CompilerStrings.es.resources,Area_Output_Checked,"Tamaño requerido para {0}: {1} bytes (tamaño disponible: {2} bytes)"
_3S.CoDeSys.Compiler35220.Resources.CompilerStrings.es.resources,Area_Output_Checked_Exceeded,"Tamaño superado para {0}: {1} bytes (tamaño disponible: {2} bytes)"
_3S.CoDeSys.Compiler35220.Resources.CompilerStrings.es.resources,Area_Output_Info,"El intervalo de memoria {0} contiene {1}: tamaño: {2} bytes, dirección más alta empleada: {3}, hueco de memoria más grande: {4} bytes ({5} %)"
_3S.CoDeSys.Compiler35220.Resources.CompilerStrings.es.resources,Area_Output_Info_Simple,"El intervalo de memoria {0} contiene {1}: Intervalo de memoria más grande relacionado: {2} ({3} %)"
_3S.CoDeSys.Compiler35220.Resources.CompilerStrings.es.resources,Area_Output_Info_Simple_2,"El área de memoria {0} contiene {1}: tamaño: {2} bytes, hueco de memoria más grande: {3} bytes ({4} %)"
_3S.CoDeSys.Compiler35220.Resources.CompilerStrings.es.resources,AttributeHasNoEffect,"(El atributo no tiene ningún efecto)"
_3S.CoDeSys.Compiler35220.Resources.CompilerStrings.es.resources,Build,"Compilar"
_3S.CoDeSys.Compiler35220.Resources.CompilerStrings.es.resources,BuildCompleteErrors,"Compilación terminada -- {0} errores, {1} advertencias: ¡Imposible la descarga"
_3S.CoDeSys.Compiler35220.Resources.CompilerStrings.es.resources,BuildCompleteOK,"Compilación terminada -- {0} errores, {1} advertencias: Listo para la descarga"
_3S.CoDeSys.Compiler35220.Resources.CompilerStrings.es.resources,BuildStarted,"------ Proceso de compilación iniciado: Aplicación: {0} -------"
_3S.CoDeSys.Compiler35220.Resources.CompilerStrings.es.resources,Code_Text,"Código"
_3S.CoDeSys.Compiler35220.Resources.CompilerStrings.es.resources,CodeNoChange,"El código no ha modificado: Cambio en línea no necesario."
_3S.CoDeSys.Compiler35220.Resources.CompilerStrings.es.resources,CodeSizeOutput,"Tamaño del código generado: {0} bytes"
_3S.CoDeSys.Compiler35220.Resources.CompilerStrings.es.resources,Constant,"Constante"
_3S.CoDeSys.Compiler35220.Resources.CompilerStrings.es.resources,Data_Text,"Datos"
_3S.CoDeSys.Compiler35220.Resources.CompilerStrings.es.resources,DataSizeOutput,"Tamaño de los datos globales: {0} bytes"
_3S.CoDeSys.Compiler35220.Resources.CompilerStrings.es.resources,DoCodeTypification,"Tipificar código"
_3S.CoDeSys.Compiler35220.Resources.CompilerStrings.es.resources,DoLocation,"encontrar datos globales"
_3S.CoDeSys.Compiler35220.Resources.CompilerStrings.es.resources,DoTypification,"Tipificando"
_3S.CoDeSys.Compiler35220.Resources.CompilerStrings.es.resources,Err_NoCodegeneratorDetailed,"Ha fallado la creación de un generador de código: El complemento requerido '{0}' no está instalado"
_3S.CoDeSys.Compiler35220.Resources.CompilerStrings.es.resources,Err_NoMemoryAllocationCallbackDetailed,"Ha fallado la creación del asignador de memoria: El complemento requerido '{0}' no está instalado"
_3S.CoDeSys.Compiler35220.Resources.CompilerStrings.es.resources,ErrNoApplication,"No se ha encontrado la aplicación"
_3S.CoDeSys.Compiler35220.Resources.CompilerStrings.es.resources,Error_Check_ImplicitParameter_MissingDefault,"el parámetro implícito requiere un valor predeterminado para la entrada."
_3S.CoDeSys.Compiler35220.Resources.CompilerStrings.es.resources,Error_Check_ImplicitParameter_UnknownKind,"Tipo desconocido de parámetro implícito '{0}', debe ser uno de [{1}]."
_3S.CoDeSys.Compiler35220.Resources.CompilerStrings.es.resources,Error_Check_ImplicitParameter_WrongPouType,"el parámetro implícito solo puede aplicarse a las entradas de funciones y métodos."
_3S.CoDeSys.Compiler35220.Resources.CompilerStrings.es.resources,Error_Check_ImplicitParameter_WrongVarKind,"el parámetro implícito solo puede aplicarse a variables VAR_INPUT."
_3S.CoDeSys.Compiler35220.Resources.CompilerStrings.es.resources,Error_Check_ImplicitParameter_WrongVarType,"el parámetro implícito solo puede aplicarse a variables de tipo STRING o POINTER TO STRING."
_3S.CoDeSys.Compiler35220.Resources.CompilerStrings.es.resources,ErrorLimitExceeded,"Se produjeron más de {0} errores: se omiten todos los demás mensajes de error"
_3S.CoDeSys.Compiler35220.Resources.CompilerStrings.es.resources,Except_Boot_Project_Error,"En este estado no es posible ningún proyecto de inicio: Memoria insuficiente en la aplicación. Ejecutar primero la descarga completa."
_3S.CoDeSys.Compiler35220.Resources.CompilerStrings.es.resources,Except_Boot_Project_Error_Error_In_Compile,"En este estado no es posible ningún proyecto de inicio. Error al crear la información de proyecto de inicio. Véase ventana de mensajes."
_3S.CoDeSys.Compiler35220.Resources.CompilerStrings.es.resources,GenerateCode,"Crear código para {0}..."
_3S.CoDeSys.Compiler35220.Resources.CompilerStrings.es.resources,GenerateCodeInit,"Crear inicialización de código..."
_3S.CoDeSys.Compiler35220.Resources.CompilerStrings.es.resources,GenerateCodeProgress,"Se está creando código..."
_3S.CoDeSys.Compiler35220.Resources.CompilerStrings.es.resources,GenerateGlobalInit,"Crear inicializaciones globales..."
_3S.CoDeSys.Compiler35220.Resources.CompilerStrings.es.resources,GenerateRelocations,"Crear relocalizaciones..."
_3S.CoDeSys.Compiler35220.Resources.CompilerStrings.es.resources,GeneratingCode,"Crear código..."
_3S.CoDeSys.Compiler35220.Resources.CompilerStrings.es.resources,GlobalInitErrorPrefix,"Error en el código de inicialización implícito:"
_3S.CoDeSys.Compiler35220.Resources.CompilerStrings.es.resources,Input_Text,"Entrada"
_3S.CoDeSys.Compiler35220.Resources.CompilerStrings.es.resources,InterfaceReferencesAffected,"Se comprueban las siguientes referencias de interfaz a reenvío:"
_3S.CoDeSys.Compiler35220.Resources.CompilerStrings.es.resources,InterfacesChanged,"Se modificaron las siguientes interfaces POU:"
_3S.CoDeSys.Compiler35220.Resources.CompilerStrings.es.resources,Literal,"Literal"
_3S.CoDeSys.Compiler35220.Resources.CompilerStrings.es.resources,Memory_Text,"Memoria"
_3S.CoDeSys.Compiler35220.Resources.CompilerStrings.es.resources,NonSafety_Text,"Datos no seguros"
_3S.CoDeSys.Compiler35220.Resources.CompilerStrings.es.resources,NumInterfacesChanged,"{0} interfaces POU modificadas"
_3S.CoDeSys.Compiler35220.Resources.CompilerStrings.es.resources,NumInterfacesToTest,"{0} referencias de interfaz comprobadas a reenvío"
_3S.CoDeSys.Compiler35220.Resources.CompilerStrings.es.resources,NumPOUsDownloaded,"{0} POUs modificaron su código"
_3S.CoDeSys.Compiler35220.Resources.CompilerStrings.es.resources,NumVariablesAffected,"{0} variables afectadas por el cambio en línea, {1} posiciones modificadas, {2} inicializado, {3} copiado, {4} tabla de funciones inicializada"
_3S.CoDeSys.Compiler35220.Resources.CompilerStrings.es.resources,Output_Text,"Salida"
_3S.CoDeSys.Compiler35220.Resources.CompilerStrings.es.resources,Persistent_Text,"Datos persistentes"
_3S.CoDeSys.Compiler35220.Resources.CompilerStrings.es.resources,PersistenVariablesChanged,"¡Variables persistentes modificadas! ¿Quiere inicializar con la lista actual?\n\nSí: Se inicializará con la lista actual, sobrescribiendo los valores persistentes existentes.\nNo: Los valores persistentes existentes se mantienen, la lista actual asume estos valores.\n     ADVERTENCIA: Los valores podrían no corresponderse con los valores de variables. Los valores deben comprobarse manualmente."
_3S.CoDeSys.Compiler35220.Resources.CompilerStrings.es.resources,POUsDownloaded,"Se carga el código de los siguientes módulos."
_3S.CoDeSys.Compiler35220.Resources.CompilerStrings.es.resources,POUUnit,"Módulos"
_3S.CoDeSys.Compiler35220.Resources.CompilerStrings.es.resources,ProjectUpToDate,"La aplicación es actual"
_3S.CoDeSys.Compiler35220.Resources.CompilerStrings.es.resources,Retain_Text,"Datos Retain"
_3S.CoDeSys.Compiler35220.Resources.CompilerStrings.es.resources,StoppingPrecompileChecks,"Deteniendo las comprobaciones de precompilación..."
_3S.CoDeSys.Compiler35220.Resources.CompilerStrings.es.resources,TooLongStringLiteralHint,"...({0} caracteres más)...."
_3S.CoDeSys.Compiler35220.Resources.CompilerStrings.es.resources,TotalMemorySizeCodeAndData,"Memoria total asignada para código y datos: {0} bytes"
_3S.CoDeSys.Compiler35220.Resources.CompilerStrings.es.resources,TypifyAll,"Tipificar código..."
_3S.CoDeSys.Compiler35220.Resources.CompilerStrings.es.resources,UnknownMacroText,"Desconocido"
_3S.CoDeSys.Compiler35220.Resources.CompilerStrings.es.resources,VariablesAffected,"Las siguientes variables se ven afectadas por el cambio en línea:"
_3S.CoDeSys.Compiler35220.Resources.CompilerStrings.es.resources,WaitForDownloadInfoSaving,"Esperando a que se complete la escritura del archivo compileinfo"
_3S.CoDeSys.Compiler35220.Resources.CompilerStrings.es.resources,WarningLimitExceeded,"Se produjeron más de {0} advertencias: Todas las demás advertencias serán omitidas"
_3S.CoDeSys.Compiler35220.Resources.ErrorMessages.es.resources,Err_AbstractAndFinalNotPossible,"Un método o bloque de funciones no puede ser ABSTRACT y FINAL"
_3S.CoDeSys.Compiler35220.Resources.ErrorMessages.es.resources,Err_AbstractAndPrivateNotPossible,"Un método PRIVATE no puede ser ABSTRACT"
_3S.CoDeSys.Compiler35220.Resources.ErrorMessages.es.resources,Err_AbstractFunctionBlockAssigned,"El bloque de funciones {0} es ABSTRACT y no puede ser utilizado como un destino de una asignación"
_3S.CoDeSys.Compiler35220.Resources.ErrorMessages.es.resources,Err_AbstractFunctionBlockInstance,"El bloque de funciones {0} es ABSTRACT y no puede ser instanciado"
_3S.CoDeSys.Compiler35220.Resources.ErrorMessages.es.resources,Err_AbstractMethodMustNotContainAnyStatements,"El método ABSTRACT {0}.{1} no debe contener ninguna instrucción"
_3S.CoDeSys.Compiler35220.Resources.ErrorMessages.es.resources,Err_AbstractMethodNotImplemented,"No hay ninguna implementación definida para el método ABSTRACT '{0}' en el bloque de funciones '{1}'"
_3S.CoDeSys.Compiler35220.Resources.ErrorMessages.es.resources,Err_AbstractMethodOnlyInAbstractFunctionblock,"El método ABSTRACT {0} requiere que el bloque de funciones {1} también sea ABSTRACT"
_3S.CoDeSys.Compiler35220.Resources.ErrorMessages.es.resources,Err_AbstractMethodStaticCall,"El método ABSTRACT '{0}' no puede ser llamado por una llamada estática"
_3S.CoDeSys.Compiler35220.Resources.ErrorMessages.es.resources,Err_AbstractOnFunctionBlocksAndMethodsOnly,"ABSTRACT solo se puede aplicar en métodos y bloques de funciones"
_3S.CoDeSys.Compiler35220.Resources.ErrorMessages.es.resources,Err_AbstractPropertyNotImplemented,"No hay ninguna implementación definida para {0} de la propiedad ABSTRACT '{1}' en el bloque de funciones '{2}'"
_3S.CoDeSys.Compiler35220.Resources.ErrorMessages.es.resources,Err_AbstractPropertyStaticCall,"La propiedad ABSTRACT '{0}' no puede ser accedida estáticamente"
_3S.CoDeSys.Compiler35220.Resources.ErrorMessages.es.resources,Err_AbstractWrongVarInMethod,"En métodos ABSTRACT solo se permiten entradas (Inputs), salidas (Outputs) e Inouts"
_3S.CoDeSys.Compiler35220.Resources.ErrorMessages.es.resources,Err_AccessOutsideOfCall,"A la entrada '{0}' de '{1}' no puede accederse desde fuera de la llamada"
_3S.CoDeSys.Compiler35220.Resources.ErrorMessages.es.resources,Err_AccessToInternalObject,"No hay acceso a objeto interno {0} de biblioteca {1}"
_3S.CoDeSys.Compiler35220.Resources.ErrorMessages.es.resources,Err_AccessToInternalProperty,"No hay acceso a propiedad interna {0} de biblioteca {1}"
_3S.CoDeSys.Compiler35220.Resources.ErrorMessages.es.resources,Err_AccessToInternalVariable,"No hay acceso a variable interna {0} de biblioteca {1}"
_3S.CoDeSys.Compiler35220.Resources.ErrorMessages.es.resources,Err_AccessVarInstFromOutsideTheDeclaringMethod,"No se puede acceder a VAR_INST '{0}' de '{1}' desde fuera del método declarante"
_3S.CoDeSys.Compiler35220.Resources.ErrorMessages.es.resources,Err_AddressExpected,"Se esperaba la dirección directa tras 'AT' en el lugar de '{0}'"
_3S.CoDeSys.Compiler35220.Resources.ErrorMessages.es.resources,Err_AddressMisaligned,"Dirección {0} mal alineada para tipo de datos {1}"
_3S.CoDeSys.Compiler35220.Resources.ErrorMessages.es.resources,Err_AddressOfNonInstanceVar,"Se requiere instancia en lugar del nombre de tipo en la dirección de la expresión '{0}'"
_3S.CoDeSys.Compiler35220.Resources.ErrorMessages.es.resources,Err_AddressOutOfRange,"Dirección '{0}' fuera del margen válido: Desplazamiento calculado: {1} bytes, tamaño: {2} bytes"
_3S.CoDeSys.Compiler35220.Resources.ErrorMessages.es.resources,Err_AddressSourceIsAddressDest,"La variable '{0}' se encontraba ubicada en la dirección '{1}'. En esta dirección se encuentra ubicada ahora la variable '{2}'. Esta modificación no es posible a través de una modificación en línea."
_3S.CoDeSys.Compiler35220.Resources.ErrorMessages.es.resources,Err_Ambiguity,"Utilización ambigua del nombre '{0}' "
_3S.CoDeSys.Compiler35220.Resources.ErrorMessages.es.resources,Err_AnyTypeOnlyInFunction,"Las variables del tipo '{0}' solo están permitidas como entrada de funciones"
_3S.CoDeSys.Compiler35220.Resources.ErrorMessages.es.resources,Err_ApplicationConflict,"Hay dos aplicaciones con el mismo nombre '{0}' en el dispositivo '{1}'"
_3S.CoDeSys.Compiler35220.Resources.ErrorMessages.es.resources,Err_ArrayBorderIsNoConstant,"El límite de margen de matriz '{0}' no es un valor constante"
_3S.CoDeSys.Compiler35220.Resources.ErrorMessages.es.resources,Err_ArrayBorderNoValidSignedInteger,"La evaluación del límite de matriz {0} no da como resultado ninguna constante entera válida con signo"
_3S.CoDeSys.Compiler35220.Resources.ErrorMessages.es.resources,Err_ArrayIndexNumWrong,"La matriz requiere exactamente {0} índices"
_3S.CoDeSys.Compiler35220.Resources.ErrorMessages.es.resources,Err_ArrayInitialisationCountNoConstant,"El número '{0}' de la inicialización de matriz no es un valor constante"
_3S.CoDeSys.Compiler35220.Resources.ErrorMessages.es.resources,Err_ArrayInitialisationNotPossible,"No es posible una inicialización de matriz como parámetro de una llamada de función Init. En su lugar utilice una variable"
_3S.CoDeSys.Compiler35220.Resources.ErrorMessages.es.resources,Err_ArrayInitializationExpected,"Inicialización de matriz esperada"
_3S.CoDeSys.Compiler35220.Resources.ErrorMessages.es.resources,Err_ATDeclarationNotAllowed,"Una declaración AT solo está permitida dentro de un bloque VAR"
_3S.CoDeSys.Compiler35220.Resources.ErrorMessages.es.resources,Err_AtLeastOneExpected,"Se esperaba como mínimo una instrucción"
_3S.CoDeSys.Compiler35220.Resources.ErrorMessages.es.resources,Err_AttributeNameExpected,"Para un valor del atributo se espera una cadena de un byte, en ver de {0}"
_3S.CoDeSys.Compiler35220.Resources.ErrorMessages.es.resources,Err_AttributeNotAllowedFor,"Atributo '{0}' no permitido para '{1}'"
_3S.CoDeSys.Compiler35220.Resources.ErrorMessages.es.resources,Err_AttributeNotValidForNonExternalPOU,"El atributo '{0}' no está permitido para POU no externo."
_3S.CoDeSys.Compiler35220.Resources.ErrorMessages.es.resources,Err_BaseClassNotFound,"No se ha encontrado ninguna definición para base '{0}'"
_3S.CoDeSys.Compiler35220.Resources.ErrorMessages.es.resources,Err_BaseNotAllowed,"La expresión SUPER no está admitida en este contexto"
_3S.CoDeSys.Compiler35220.Resources.ErrorMessages.es.resources,Err_Bitaccessnoconst,"El acceso a bit requiere un literal o una constante simbólica de entero"
_3S.CoDeSys.Compiler35220.Resources.ErrorMessages.es.resources,Err_BitAccessOnlyOnInt,"El acceso de bit solo es posible para tipos enteros."
_3S.CoDeSys.Compiler35220.Resources.ErrorMessages.es.resources,Err_BitAdrOnOperation,"El operador BITADR solo está permitido para variables, no para operaciones"
_3S.CoDeSys.Compiler35220.Resources.ErrorMessages.es.resources,Err_BitNrOverflow,"'{0}' no es un número de bit válido para '{1}'"
_3S.CoDeSys.Compiler35220.Resources.ErrorMessages.es.resources,Err_BitsForStructureOnly,"Sólo estructuras y bloques de funciones pueden contener variables del tipo BIT."
_3S.CoDeSys.Compiler35220.Resources.ErrorMessages.es.resources,Err_BitsWrongScope,"Las variables del tipo BIT deben definirse dentro de VAR_INPUT-, VAR_OUTPUT o de un bloque VAR."
_3S.CoDeSys.Compiler35220.Resources.ErrorMessages.es.resources,Err_BlobInitError,"Se esperaba valor constante en lugar de '{0}'"
_3S.CoDeSys.Compiler35220.Resources.ErrorMessages.es.resources,Err_CalcNeedsCall,"El segundo parámetro de una llamada condicionada debe ser una instrucción válida de llamada"
_3S.CoDeSys.Compiler35220.Resources.ErrorMessages.es.resources,Err_CallAfterInitHasInputs,"Un método marcado con '{0}' no puede tener entradas."
_3S.CoDeSys.Compiler35220.Resources.ErrorMessages.es.resources,Err_CalleeInvalidType,"Se esperaba un nombre de programa, función o instancia de bloque de funciones en lugar de '{0}'"
_3S.CoDeSys.Compiler35220.Resources.ErrorMessages.es.resources,Err_CallOfPrivateMethod,"No hay acceso al método privado {0}.{1}"
_3S.CoDeSys.Compiler35220.Resources.ErrorMessages.es.resources,Err_CallOfPrivateProperty,"No hay acceso a propiedad privada {0}.{1}"
_3S.CoDeSys.Compiler35220.Resources.ErrorMessages.es.resources,Err_CallOfProtectedMethod,"No hay acceso a método protegido {0}.{1}"
_3S.CoDeSys.Compiler35220.Resources.ErrorMessages.es.resources,Err_CallOfProtectedProperty,"No hay acceso a propiedad protegida {0}.{1}"
_3S.CoDeSys.Compiler35220.Resources.ErrorMessages.es.resources,Err_CallRecursion,"Recursión de llamada: {0}"
_3S.CoDeSys.Compiler35220.Resources.ErrorMessages.es.resources,Err_CancelledByUser,"Compilación interrumpida por el usuario"
_3S.CoDeSys.Compiler35220.Resources.ErrorMessages.es.resources,Err_CannotAddMultipleTime,"No es posible la suma de varios operandos del tipo '{0}'"
_3S.CoDeSys.Compiler35220.Resources.ErrorMessages.es.resources,Err_CannotMultiplyMultipleTime,"No es posible multiplicar varios operandos del tipo '{0}'"
_3S.CoDeSys.Compiler35220.Resources.ErrorMessages.es.resources,Err_CantHaveBaseClass,"No se puede usar palabra clave EXTENDS en el tipo {0}"
_3S.CoDeSys.Compiler35220.Resources.ErrorMessages.es.resources,Err_CaseLabelDuplicate,"Doble etiqueta 'CASE'"
_3S.CoDeSys.Compiler35220.Resources.ErrorMessages.es.resources,Err_CaseLabelInCaseRange,"La etiqueta CASE {0} también está contenida en el margen {1} ... {2}"
_3S.CoDeSys.Compiler35220.Resources.ErrorMessages.es.resources,Err_CaseLabelNoConstant,"La etiqueta CASE requiere un literal o una constante simbólica de entero"
_3S.CoDeSys.Compiler35220.Resources.ErrorMessages.es.resources,Err_CaseLabelOutsideOfCase,"Etiqueta CASE fuera de la instrucción CASE"
_3S.CoDeSys.Compiler35220.Resources.ErrorMessages.es.resources,Err_CaseRangesOverlapping,"CASE contiene márgenes superpuestos {0} .. {1} y {2} .. {3}"
_3S.CoDeSys.Compiler35220.Resources.ErrorMessages.es.resources,Err_CheckLicenseNeedsSysTarget,"Se requieren las bibliotecas SysTarget y 3S License para el operador __CHECKLICENSE"
_3S.CoDeSys.Compiler35220.Resources.ErrorMessages.es.resources,Err_CompareNotPossible1,"Imposible la comparación para objetos del tipo '{0}'"
_3S.CoDeSys.Compiler35220.Resources.ErrorMessages.es.resources,Err_CompareNotPossible2,"Imposible la comparación para objetos del tipo '{0}' o '{1}"
_3S.CoDeSys.Compiler35220.Resources.ErrorMessages.es.resources,Err_ComparisonOperatorExpected,"Se esperaba operador de comparación en lugar de '{0}'"
_3S.CoDeSys.Compiler35220.Resources.ErrorMessages.es.resources,Err_CompilerVersionError,"La versión de compilador {0} fue retirada. Por favor, utilice en su lugar una versión de compilador superior."
_3S.CoDeSys.Compiler35220.Resources.ErrorMessages.es.resources,Err_CompoAccessNoStruct,"'{0}' no es ninguna variable de estructura"
_3S.CoDeSys.Compiler35220.Resources.ErrorMessages.es.resources,Err_ConditionExpected,"Se esperaba una condición"
_3S.CoDeSys.Compiler35220.Resources.ErrorMessages.es.resources,Err_ConstantIndexOutOfRange,"El índice constante '{0}' queda fuera del margen de '{1}' a '{2}'"
_3S.CoDeSys.Compiler35220.Resources.ErrorMessages.es.resources,Err_ConstantOverflow,"La constante '{0}' es demasiado grande para el tipo '{1}'"
_3S.CoDeSys.Compiler35220.Resources.ErrorMessages.es.resources,Err_ContainsNoDefinition,"'{0}' no contiene ninguna definición para '{1}'"
_3S.CoDeSys.Compiler35220.Resources.ErrorMessages.es.resources,Err_CounterStartExpected,"Se esperaba inicialización de variable de conteo"
_3S.CoDeSys.Compiler35220.Resources.ErrorMessages.es.resources,Err_DataRecursion,"Recursión de datos: {0}"
_3S.CoDeSys.Compiler35220.Resources.ErrorMessages.es.resources,Err_DeclarationKeywordNotAllowed,"'{0}' no está permitido en este lugar"
_3S.CoDeSys.Compiler35220.Resources.ErrorMessages.es.resources,Err_DefineValueExpected,"Se esperaba valor Define en lugar de '{0}'"
_3S.CoDeSys.Compiler35220.Resources.ErrorMessages.es.resources,Err_DeleteNeedsPointer,"El operando de __DELETE tiene que ser un puntero."
_3S.CoDeSys.Compiler35220.Resources.ErrorMessages.es.resources,Err_DerefNoPointer,"La desreferenciación necesita un puntero"
_3S.CoDeSys.Compiler35220.Resources.ErrorMessages.es.resources,Err_DeviceNameNoIdent,"Nombre de dispositivo '{0}' no admisible. Debe ser un identificador IEC 61131-3 válido"
_3S.CoDeSys.Compiler35220.Resources.ErrorMessages.es.resources,Err_DeviceNotInstalled,"El dispositivo no está disponible en la instalación. No es posible la generación de código."
_3S.CoDeSys.Compiler35220.Resources.ErrorMessages.es.resources,Err_DivisionByZero,"División por cero"
_3S.CoDeSys.Compiler35220.Resources.ErrorMessages.es.resources,Err_DuplicateElseInCaseStatement,"Definición ELSE doble en instrucción CASE"
_3S.CoDeSys.Compiler35220.Resources.ErrorMessages.es.resources,Err_DuplicateLabelDefinition,"Etiqueta '{0}' definida varias veces"
_3S.CoDeSys.Compiler35220.Resources.ErrorMessages.es.resources,Err_DuplicateVarConfig,"Duplicar VAR_CONFIG para '{0}' "
_3S.CoDeSys.Compiler35220.Resources.ErrorMessages.es.resources,Err_DynamicMemoryNotSupported,"No hay memoria definida para la creación dinámica de objetos para la aplicación '{0}'."
_3S.CoDeSys.Compiler35220.Resources.ErrorMessages.es.resources,Err_ExplicitTransitionAssignMissing,"El código de transición contiene múltiples instrucciones. Se requiere la asignación explícita a la variable de salida de transición."
_3S.CoDeSys.Compiler35220.Resources.ErrorMessages.es.resources,Err_ExpressionExpectedInstead,"Se esperaba expresión en vez de '{0}'"
_3S.CoDeSys.Compiler35220.Resources.ErrorMessages.es.resources,Err_ExprNoConstantError,"Se esperaba valor constante en lugar de '{0}'"
_3S.CoDeSys.Compiler35220.Resources.ErrorMessages.es.resources,Err_FCallExpectedPointerAsSecondArgument,"El segundo argumento de FCall debe ser un puntero a una función."
_3S.CoDeSys.Compiler35220.Resources.ErrorMessages.es.resources,Err_FCallWrongCallPatternSignature,"El primer argumento de FCall debe ser un tipo de firma que se utilice como patrón para la llamada."
_3S.CoDeSys.Compiler35220.Resources.ErrorMessages.es.resources,Err_FCallWrongNumberOfArguments,"FCall espera exactamente 2+{0} argumentos."
_3S.CoDeSys.Compiler35220.Resources.ErrorMessages.es.resources,Err_FeatureNotImplemented,"La característica '{0}' no está implementada."
_3S.CoDeSys.Compiler35220.Resources.ErrorMessages.es.resources,Err_FinalOnFunctionBlocksAndMethodsOnly,"FINAL solo se puede aplicar a métodos y bloques de funciones"
_3S.CoDeSys.Compiler35220.Resources.ErrorMessages.es.resources,Err_FunctionBlockNeedsInstance,"Es preciso crear instancia de bloque de funciones '{0}' para el acceso"
_3S.CoDeSys.Compiler35220.Resources.ErrorMessages.es.resources,Err_FunctionBlockNoLongerValid,"La palabra clave FUNCTIONBLOCK ya no se soporta. Utilice en su lugar FUNCTION_BLOCK"
_3S.CoDeSys.Compiler35220.Resources.ErrorMessages.es.resources,Err_FunctionCallMixedStyle,"En la llamada de función deben asignarse explícitamente todos los parámetros formales o ninguno"
_3S.CoDeSys.Compiler35220.Resources.ErrorMessages.es.resources,Err_FunNeedsAtLeastNInputs,"La función '{0}' requiere al menos '{1}' y máximo '{2}'entradas"
_3S.CoDeSys.Compiler35220.Resources.ErrorMessages.es.resources,Err_FunNeedsNInputs,"La función '{0}' necesita exactamente '{1}' entradas"
_3S.CoDeSys.Compiler35220.Resources.ErrorMessages.es.resources,Err_GeneratingVarInitializations,"Uno o varios valores de inicialización para variables no son válidos"
_3S.CoDeSys.Compiler35220.Resources.ErrorMessages.es.resources,Err_GenericDeclarationProducesErrorInGeneratedCode,"La declaración de tipo '{0}' conduce a errores en el código del bloque de funciones genérico"
_3S.CoDeSys.Compiler35220.Resources.ErrorMessages.es.resources,Err_GenericNoInitialValueSupported,"Ningún valor inicial es soportado para la declaración de constante genérica"
_3S.CoDeSys.Compiler35220.Resources.ErrorMessages.es.resources,Err_GenericNoInteger,"Solo se permiten tipos enteros para constantes genéricas"
_3S.CoDeSys.Compiler35220.Resources.ErrorMessages.es.resources,Err_GenericNotConstant,"La definición '{0}' para la constante genérica '{1}' no es un valor constante"
_3S.CoDeSys.Compiler35220.Resources.ErrorMessages.es.resources,Err_GenericOnlyConst,"Solo genéricos CONSTANT son soportados en la declaración VAR_GENERIC"
_3S.CoDeSys.Compiler35220.Resources.ErrorMessages.es.resources,Err_GenericOnWrongPosition,"La declaración VAR_GENERIC solo está permitida en bloques de funciones después del nombre del bloque de funciones"
_3S.CoDeSys.Compiler35220.Resources.ErrorMessages.es.resources,Err_GenericParamMissing,"Falta inicialización para la variable genérica '{0}'"
_3S.CoDeSys.Compiler35220.Resources.ErrorMessages.es.resources,Err_GenericParamsAllExplicitOrNone,"O bien todas las variables genéricas deben ser asignadas explícitamente, o ninguna"
_3S.CoDeSys.Compiler35220.Resources.ErrorMessages.es.resources,Err_GenericParamUnknown,"{0}' no es ninguna constante genérica declarada del bloque de funciones '{1}'"
_3S.CoDeSys.Compiler35220.Resources.ErrorMessages.es.resources,Err_GenericWrongNumberOfInitializer,"El bloque de funciones genérico '{0}' espera exactamente un número '{1}' de definiciones de constante genérica"
_3S.CoDeSys.Compiler35220.Resources.ErrorMessages.es.resources,Err_GlobalVariableListExpected,"Se esperaba VAR_GLOBAL de VAR_CONFIG en lugar de {0}"
_3S.CoDeSys.Compiler35220.Resources.ErrorMessages.es.resources,Err_IdentifierExpected,"Se esperaba un identificador en el lugar '{0}'"
_3S.CoDeSys.Compiler35220.Resources.ErrorMessages.es.resources,Err_IdentNotDefined,"Identificador '{0}' sin definir"
_3S.CoDeSys.Compiler35220.Resources.ErrorMessages.es.resources,Err_IllegalOperator,"'{0}' no es ningún operador ST válido"
_3S.CoDeSys.Compiler35220.Resources.ErrorMessages.es.resources,Err_ImplicitEnumerationTypeNotExpected,"Tipo de enumeración implícito no esperado en este punto"
_3S.CoDeSys.Compiler35220.Resources.ErrorMessages.es.resources,Err_ImplicitMethodImplementationNotPublic,"Bloque de funciones '{0}': El acceso a los métodos 'FB_Init', 'FB_Exit' y 'FB_ReInit' debe ser PUBLIC"
_3S.CoDeSys.Compiler35220.Resources.ErrorMessages.es.resources,Err_ImplicitMethodNameForVariable,"{0} es el nombre de un método creado de forma implícita y no es admisible para variables en bloques de funciones"
_3S.CoDeSys.Compiler35220.Resources.ErrorMessages.es.resources,Err_ImplicitReferenceTypeDeclNotAllowed,"En este punto no se admite ninguna declaración de un tipo de referencia implícita"
_3S.CoDeSys.Compiler35220.Resources.ErrorMessages.es.resources,Err_ImplicitReferenceTypeOnlChangeError,"No es posible agregar un tipo de referencia implícito local a través de modificación en línea"
_3S.CoDeSys.Compiler35220.Resources.ErrorMessages.es.resources,Err_ImplicitRefTypeAllClassesNeedAttrib,"El bloque de funciones que hereda difiere en cuanto al uso del atributo '{0}'"
_3S.CoDeSys.Compiler35220.Resources.ErrorMessages.es.resources,Err_ImplicitRefTypeDeclarationNotAllowed,"El tipo de referencia implícito '{0}' no se puede declarar en este tipo"
_3S.CoDeSys.Compiler35220.Resources.ErrorMessages.es.resources,Err_ImplicitRefTypeIsnotAllowedAsBase,"Los tipos de referencia implícitos no pueden ser el tipo de base de referencias, punteros o matrices"
_3S.CoDeSys.Compiler35220.Resources.ErrorMessages.es.resources,Err_ImplicitRefTypeSignNotSupported,"Solo bloques de funciones y estructuras pueden identificarse como tipos de referencia implícitos"
_3S.CoDeSys.Compiler35220.Resources.ErrorMessages.es.resources,Err_IncompletePOUDeclaration,"La declaración POU está incompleta sin un nombre"
_3S.CoDeSys.Compiler35220.Resources.ErrorMessages.es.resources,Err_InconsistentInheritanceOfCPPCompatibility,"Herencia inconsistente de la compatibilidad C++. Falta atributo para '{0}'."
_3S.CoDeSys.Compiler35220.Resources.ErrorMessages.es.resources,Err_InconsistentUseOfCPPCompatibility,"Uso inconsistente de la compatibilidad C++. Falta atributo para '{0}'."
_3S.CoDeSys.Compiler35220.Resources.ErrorMessages.es.resources,Err_InconsistentUseOfCPPCompatibility_MissingParent,"Uso inconsistente de la compatibilidad C++. Falta atributo para pou padre '{0}'."
_3S.CoDeSys.Compiler35220.Resources.ErrorMessages.es.resources,Err_IndexingInvalid,"La indexación con '[]' no puede aplicarse a una expresión del tipo '{0}'"
_3S.CoDeSys.Compiler35220.Resources.ErrorMessages.es.resources,Err_IndexNumWrong,"La variable del tipo '{0}' necesita exactamente un índice"
_3S.CoDeSys.Compiler35220.Resources.ErrorMessages.es.resources,Err_IndexOfNotSupported,"Ya no se soporta el operador INDEXOF. Utilice en su lugar ADR. Si ADR se aplica a un nombre POU, se devuelve un puntero al código POU."
_3S.CoDeSys.Compiler35220.Resources.ErrorMessages.es.resources,Err_InheritanceError,"La herencia sólo está permitida en bloques de funciones, interfaces y estructuras"
_3S.CoDeSys.Compiler35220.Resources.ErrorMessages.es.resources,Err_IniNeedsUserdefType,"El operador INI necesita instancia de bloque de funciones o DUT"
_3S.CoDeSys.Compiler35220.Resources.ErrorMessages.es.resources,Err_InOutAccessOutside,"Acceso externo al parámetro VAR_IN_OUT '{0}' de '{1}'."""
_3S.CoDeSys.Compiler35220.Resources.ErrorMessages.es.resources,Err_InOutAssignedInActionCall,"VAR_IN_OUT {0} no puede ser asignado en una llamada de acción local '{1}'"
_3S.CoDeSys.Compiler35220.Resources.ErrorMessages.es.resources,Err_InOutNotAssigned,"VAR_IN_OUT '{0}' debe estar asignada en la llamada de '{1}'"
_3S.CoDeSys.Compiler35220.Resources.ErrorMessages.es.resources,Err_InOutParamNotEqual,"El tipo '{0}' no corresponde al tipo '{1}' de VAR_IN_OUT o REFERENCE '{2}'"
_3S.CoDeSys.Compiler35220.Resources.ErrorMessages.es.resources,Err_InputMissing,"Falta asignación de entrada para parámetro '{0}' en la llamada de '{1}'"
_3S.CoDeSys.Compiler35220.Resources.ErrorMessages.es.resources,Err_InstanceNotAllowedInRetain,"Las instancias de '{0}' no están permitidas en datos Retain"
_3S.CoDeSys.Compiler35220.Resources.ErrorMessages.es.resources,Err_IntegerLiteralExpected,"Se esperaba literal entero en lugar de {0}"
_3S.CoDeSys.Compiler35220.Resources.ErrorMessages.es.resources,Err_InterfaceChanged,"La interfaz del método reemplazado '{0}' de la interfaz '{1}' no coincide con la declaración"
_3S.CoDeSys.Compiler35220.Resources.ErrorMessages.es.resources,Err_InterfaceChanged_NumberOfInputsOutputsDifferent,"El número de entradas/salidas del método '{0}' no se corresponde con la interfaz '{1}'."
_3S.CoDeSys.Compiler35220.Resources.ErrorMessages.es.resources,Err_InterfaceChanged_VariableDifferent,"La variable '{0}' del método '{1}' no se corresponde con la interfaz '{2}'."
_3S.CoDeSys.Compiler35220.Resources.ErrorMessages.es.resources,Err_InterfaceChangedBase,"La interfaz del método reemplazado '{0}' de base '{1}' no coincide con la declaración"
_3S.CoDeSys.Compiler35220.Resources.ErrorMessages.es.resources,Err_InterfaceImplementationError,"Las interfaces sólo pueden ser implementadas por bloques de funciones"
_3S.CoDeSys.Compiler35220.Resources.ErrorMessages.es.resources,Err_InterfaceMethodImplementationNotPublic,"La implementación del método de interfaz '{0}' del bloque de funciones '{1}' debe ser PUBLIC"
_3S.CoDeSys.Compiler35220.Resources.ErrorMessages.es.resources,Err_InterfaceNeedsInstance,"Se debe crear instancia para la interfaz '{0}', para poder acceder a ella"
_3S.CoDeSys.Compiler35220.Resources.ErrorMessages.es.resources,Err_InterfaceNotFound,"No se ha encontrado ninguna definición para la interfaz '{0}'"
_3S.CoDeSys.Compiler35220.Resources.ErrorMessages.es.resources,Err_InternalErrorProhibitingOnlineChange,"Un error interno {0} evita la modificación en línea. Se requiere limpiar aplicación y descarga."
_3S.CoDeSys.Compiler35220.Resources.ErrorMessages.es.resources,Err_InvalidAccessPathForNamespaceAccess,"'{0}' no es ninguna ruta de acceso válida"
_3S.CoDeSys.Compiler35220.Resources.ErrorMessages.es.resources,Err_InvalidBaseForGlobalScopeExpression,"El operador global de margen '.' no puede utilizarse en la expresión '{0}'"
_3S.CoDeSys.Compiler35220.Resources.ErrorMessages.es.resources,Err_InvalidEnumBaseType,"Para un tipo de base ENUM se soportan únicamente tipos de datos enteros"
_3S.CoDeSys.Compiler35220.Resources.ErrorMessages.es.resources,Err_InvalidEnumDefaultValue,"Solo los componentes de enumeración locales se pueden utilizar como valores de inicialización predeterminados de una enumeración"
_3S.CoDeSys.Compiler35220.Resources.ErrorMessages.es.resources,Err_InvalidInitialisationForArray,"{0} es una inicialización no válida para la constante {1}. Los valores de inicialización de constantes tienen que ser constantes."
_3S.CoDeSys.Compiler35220.Resources.ErrorMessages.es.resources,Err_InvalidInitialisationForVarInst,"El valor inicial de una variable VAR_INST no debe utilizar variables locales."
_3S.CoDeSys.Compiler35220.Resources.ErrorMessages.es.resources,Err_InvalidJumpDestination,"Destino {0} no válido para JMP"
_3S.CoDeSys.Compiler35220.Resources.ErrorMessages.es.resources,Err_InvalidLoopIncrement,"Incremento de bucle no válido"
_3S.CoDeSys.Compiler35220.Resources.ErrorMessages.es.resources,Err_InvalidNamespaceForNamespaceAccess,"'{0}' no es ningún acceso de espacio de nombres válido"
_3S.CoDeSys.Compiler35220.Resources.ErrorMessages.es.resources,Err_InvalidSignatureName,"El nombre '{0}' no es un identificador válido"
_3S.CoDeSys.Compiler35220.Resources.ErrorMessages.es.resources,Err_IsNoInput,"'{0}' no es ninguna entrada de '{1}'"
_3S.CoDeSys.Compiler35220.Resources.ErrorMessages.es.resources,Err_IsNoLValue,"'{0}' no es un destino de asignación válido"
_3S.CoDeSys.Compiler35220.Resources.ErrorMessages.es.resources,Err_IsNoOutput,"'{0}' no es ninguna salida de '{1}'"
_3S.CoDeSys.Compiler35220.Resources.ErrorMessages.es.resources,Err_IsValidRefNeedsReference,"El operando para __ISVALIDREF debe ser de tipo REFERENCE"
_3S.CoDeSys.Compiler35220.Resources.ErrorMessages.es.resources,Err_LibNamespaceConflict,"El espacio de nombres local '{0}' de la biblioteca '{1}' oculta el espacio de nombres de la biblioteca '{2}'"
_3S.CoDeSys.Compiler35220.Resources.ErrorMessages.es.resources,Err_LibraryConflict,"Espacio de nombres no inequívoco '{0}' definido por Biblioteca '{1}'"
_3S.CoDeSys.Compiler35220.Resources.ErrorMessages.es.resources,Err_LibraryNamespaceNotValid,"El espacio de nombres {0} de la biblioteca {1} no es un identificador válido"
_3S.CoDeSys.Compiler35220.Resources.ErrorMessages.es.resources,Err_LibraryWithUnicodeIdentifiers,"La biblioteca '{0}' se guardó con ayuda de un identificador Unicode y solo puede utilizarse si el proyecto también soporta identificadores Unicode (véase opciones de compilación)."
_3S.CoDeSys.Compiler35220.Resources.ErrorMessages.es.resources,Err_LibSupports32BitOnly,"La biblioteca '{0}' solo es soportada en aplicaciones de 32 bit"
_3S.CoDeSys.Compiler35220.Resources.ErrorMessages.es.resources,Err_LiteralExpected,"Se espera literal en lugar de '{0}'"
_3S.CoDeSys.Compiler35220.Resources.ErrorMessages.es.resources,Err_LowerGreaterUpperBorder,"El límite inferior debe ser menor al límite superior"
_3S.CoDeSys.Compiler35220.Resources.ErrorMessages.es.resources,Err_LowerUpperBoundOnVariableLengthArrayOnly,"Los operadores LOWER_BOUND y UPPER_BOUND son soportados únicamente para matrices"
_3S.CoDeSys.Compiler35220.Resources.ErrorMessages.es.resources,Err_LowerUpperBoundOperandNotExactly,"El valor del segundo operando del operador {0} debe ser 1 en este caso"
_3S.CoDeSys.Compiler35220.Resources.ErrorMessages.es.resources,Err_LowerUpperBoundOperandNotInRange,"El valor del segundo operando del operador {0} debe estar entre 1 y {1} en este caso"
_3S.CoDeSys.Compiler35220.Resources.ErrorMessages.es.resources,Err_LValueForAnyVar,"El parámetro ANY '{0}' de '{1}' necesita una variable con acceso de escritura como entrada"
_3S.CoDeSys.Compiler35220.Resources.ErrorMessages.es.resources,Err_LValueForReference,"La asignación de referencias requiere una variable con acceso de escritura"
_3S.CoDeSys.Compiler35220.Resources.ErrorMessages.es.resources,Err_LValueForVarinout,"El parámetro VAR_IN_OUT o REFERENCE '{0}' de '{1}' necesita una variable con acceso de escritura como entrada"
_3S.CoDeSys.Compiler35220.Resources.ErrorMessages.es.resources,Err_LValueForVarinoutStrings,"El parámetro VAR_IN_OUT o REFERENCE '{0}' de '{1}' necesita una variable con acceso de escritura como entrada"
_3S.CoDeSys.Compiler35220.Resources.ErrorMessages.es.resources,Err_LValueNoRefType,"La asignación de referencia sólo está permitida para variables de tipos de referencia"
_3S.CoDeSys.Compiler35220.Resources.ErrorMessages.es.resources,Err_MalformedAddress,"La dirección directa '{0}' no está representada correctamente"
_3S.CoDeSys.Compiler35220.Resources.ErrorMessages.es.resources,Err_MappedVarWrittenInDiffTasks,"La variable {0} que está asignada a la dirección {1} se escribe en diferentes tareas"
_3S.CoDeSys.Compiler35220.Resources.ErrorMessages.es.resources,Err_MaxArraySizeExceeded,"Se ha sobrepasado el tamaño máximo de matriz. Aumente el límite inferior o reduzca el límite superior."
_3S.CoDeSys.Compiler35220.Resources.ErrorMessages.es.resources,Err_MaxNestingDepthExceeded,"Profundidad de anidamiento máxima superada. "
_3S.CoDeSys.Compiler35220.Resources.ErrorMessages.es.resources,Err_MissingImplementationTerminator,"Imposible encontrar el terminador '{0}' para el bloque de implementación."
_3S.CoDeSys.Compiler35220.Resources.ErrorMessages.es.resources,Err_MissingInstancePathForPersistent,"No se ha encontrado ninguna ruta de instancia coincidente en la lista VAR_PERSISTENT para variable {0}. Utilice el comando ""Agregar todas las rutas de instancia"" para agregar todas las rutas de instancia a la lista VAR_PERSISTENT. (Véase la ayuda para obtener más detalles)."
_3S.CoDeSys.Compiler35220.Resources.ErrorMessages.es.resources,Err_MissingObjectForPersistent,"No hay disponible una lista VAR_PERSISTENT para la aplicación para introducir la ruta de instancia para la variable {0}"
_3S.CoDeSys.Compiler35220.Resources.ErrorMessages.es.resources,Err_MissingParameterList,"{0} '{1}' referenciado sin paréntesis '()'"
_3S.CoDeSys.Compiler35220.Resources.ErrorMessages.es.resources,Err_ModNotReal,"MOD no está definido para REAL"
_3S.CoDeSys.Compiler35220.Resources.ErrorMessages.es.resources,Err_Multiassigninfor,"Se esperaba exactamente una variable de conteo para la instrucción FOR"
_3S.CoDeSys.Compiler35220.Resources.ErrorMessages.es.resources,Err_MultipleAssignmentsNotAllowedForOperator,"Asignaciones múltiples no están permitidas para el operador '{0}'."
_3S.CoDeSys.Compiler35220.Resources.ErrorMessages.es.resources,Err_MultipleAssignmentsToInterfaceVariables,"No están permitidas las asignaciones múltiples a variables de interfaz"
_3S.CoDeSys.Compiler35220.Resources.ErrorMessages.es.resources,Err_MultipleAssignmentWithChangingValueTypes,"No se permiten asignaciones múltiples de tipos de valores con conversiones implícitas"
_3S.CoDeSys.Compiler35220.Resources.ErrorMessages.es.resources,Err_MultipleAssignmentWithProperty,"No se pueden utilizar propiedades en medio de múltiples asignaciones."
_3S.CoDeSys.Compiler35220.Resources.ErrorMessages.es.resources,Err_MultipleAssignmentWithReferences,"No se permiten asignaciones múltiples de referencias a bloques de funciones o estructuras de datos"
_3S.CoDeSys.Compiler35220.Resources.ErrorMessages.es.resources,Err_MultipleAssignsToSameInputInCall,"Asignaciones de entrada múltiples para el parámetro '{0}'"
_3S.CoDeSys.Compiler35220.Resources.ErrorMessages.es.resources,Err_NamesNotEqual,"El nombre empleado en la interfaz no es idéntico con el nombre del objeto"
_3S.CoDeSys.Compiler35220.Resources.ErrorMessages.es.resources,Err_NewArrayOnUserdefNotAllowed,"La creación de una matriz con __NEW no está permitida para tipos definidos por el usuario"
_3S.CoDeSys.Compiler35220.Resources.ErrorMessages.es.resources,Err_NewNeedsType,"Se esperaba definición de tipo como operando para __NEW"
_3S.CoDeSys.Compiler35220.Resources.ErrorMessages.es.resources,Err_NewOnInterfaceNotPossible,"__NEW no es posible en interfaces"
_3S.CoDeSys.Compiler35220.Resources.ErrorMessages.es.resources,Err_NewOnlyWithAttribute,"Un bloque de funciones o una estructura necesita el atributo '{{attribute 'enable_dynamic_creation'}}' para ser creada con __NEW."
_3S.CoDeSys.Compiler35220.Resources.ErrorMessages.es.resources,Err_NewPositionNotOK,"El resultado de __NEW tiene que ser asignado"
_3S.CoDeSys.Compiler35220.Resources.ErrorMessages.es.resources,Err_NoArrayOfBit,"BIT no está permitido como tipo de base de una matriz"
_3S.CoDeSys.Compiler35220.Resources.ErrorMessages.es.resources,Err_NoAssign,"La asignación no está permitida para el tipo {0}"
_3S.CoDeSys.Compiler35220.Resources.ErrorMessages.es.resources,Err_NoBitAccessOnFunctionCall,"No está permitido el acceso de bit en una llamada de función."
_3S.CoDeSys.Compiler35220.Resources.ErrorMessages.es.resources,Err_NoBitTypeOnBitAddress,"No es posible el tipo {0} a la dirección de bit {1}"
_3S.CoDeSys.Compiler35220.Resources.ErrorMessages.es.resources,Err_NoBranchOutOfFinally,"No se permite Rama fuera de __FINALLY-Block"
_3S.CoDeSys.Compiler35220.Resources.ErrorMessages.es.resources,Err_NoBytesInRetain,"Un tipo de datos estructurado que se encuentra en el área de datos Retain no puede contener BYTE, SINT o USINT"
_3S.CoDeSys.Compiler35220.Resources.ErrorMessages.es.resources,Err_NoCallInInstancePath,"No es posible realizar un acceso a componentes '.', un acceso por índice '[]' o una llamada '()' al resultado de una llamada de función. Asigne primero el resultado a una variable."
_3S.CoDeSys.Compiler35220.Resources.ErrorMessages.es.resources,Err_NoCallInInterfaceComparison,"No es posible comparar una interfaz que es un valor devuelto de una llamada. Asigne primero el resultado a una variable."
_3S.CoDeSys.Compiler35220.Resources.ErrorMessages.es.resources,Err_NoCaseLabelFound,"No se ha encontrado ninguna etiqueta CASE"
_3S.CoDeSys.Compiler35220.Resources.ErrorMessages.es.resources,Err_NoChangeOnAccessModifier,"El método {0}.{1} no puede modificar el identificador de acceso ""{2}"" cuando sobrescribe el método {3}.{1}"
_3S.CoDeSys.Compiler35220.Resources.ErrorMessages.es.resources,Err_NoCodegenerator,"Fallo en la creación de un generador de código. El complemento requerido no está instalado"
_3S.CoDeSys.Compiler35220.Resources.ErrorMessages.es.resources,Err_NoComponentOf,"'{0}' no es ningún componente de '{1}'"
_3S.CoDeSys.Compiler35220.Resources.ErrorMessages.es.resources,Err_NoConstantInitialisationForValue,"Constante '{0}' no inicializada con valor constante."
_3S.CoDeSys.Compiler35220.Resources.ErrorMessages.es.resources,Err_NoCopyCodeAllowed,"No está permitido mover este módulo a una posición nueva durante una modificación en línea"
_3S.CoDeSys.Compiler35220.Resources.ErrorMessages.es.resources,Err_NoCopyCodeForVariableAtDirectAddress,"una variable en una dirección directa no puede cambiar su tipo durante el cambio en línea"
_3S.CoDeSys.Compiler35220.Resources.ErrorMessages.es.resources,Err_NoDirectAddressInSubsequentVarDecl,"La declaración de la variable '{0}' con una asignación de dirección no se puede utilizar en un PRG o una lista de variables globales con atributo 'subsequent'."
_3S.CoDeSys.Compiler35220.Resources.ErrorMessages.es.resources,Err_NoEnclosingLoopExit,"Imposible aplicar ninguna instrucción de bucle circundante a {0}"
_3S.CoDeSys.Compiler35220.Resources.ErrorMessages.es.resources,Err_NoExitOrContinueOutOfCatch,"No se permite Salir o Continuar fuera de __CATCH-Block"
_3S.CoDeSys.Compiler35220.Resources.ErrorMessages.es.resources,Err_NoExitOrContinueOutOfTry,"No se permite Salir o Continuar fuera de __TRY-Block"
_3S.CoDeSys.Compiler35220.Resources.ErrorMessages.es.resources,Err_NoExplicitCall,"Llamadas explícitas no permitidas para '{0}'. {1}. "
_3S.CoDeSys.Compiler35220.Resources.ErrorMessages.es.resources,Err_NoFormalParamsCallsForExtensibleFunction,"No es posible una asignación de entrada explícita para la llamada de la función extensible {0}"
_3S.CoDeSys.Compiler35220.Resources.ErrorMessages.es.resources,Err_NoGenericInstanceInVarConst,"Las instancias de un bloque de funciones genérico no se pueden declarar como constantes"
_3S.CoDeSys.Compiler35220.Resources.ErrorMessages.es.resources,Err_NoGlobalDefine,"No hay presente definición global para '{0}'"
_3S.CoDeSys.Compiler35220.Resources.ErrorMessages.es.resources,Err_NoIndirectPropertyCallOnStringWithSize,"No es posible llamada indirecta a propiedad del tipo {0}, porque solo se soportan tipos con longitud indicada de forma explícita."
_3S.CoDeSys.Compiler35220.Resources.ErrorMessages.es.resources,Err_NoInheritanceOnFinalType,"'{0}' con atributo FINAL no puede utilizarse como base"
_3S.CoDeSys.Compiler35220.Resources.ErrorMessages.es.resources,Err_NoInitialForExternal,"Para VAR_EXTERNAL {0} no está permitido ningún valor inicial."
_3S.CoDeSys.Compiler35220.Resources.ErrorMessages.es.resources,Err_NoInitialForInoutConstant,"Para VAR_INOUT CONSTANT {0} no está permitido ningún valor inicial."
_3S.CoDeSys.Compiler35220.Resources.ErrorMessages.es.resources,Err_NoInputMemory,"No se ha reservado memoria de entrada"
_3S.CoDeSys.Compiler35220.Resources.ErrorMessages.es.resources,Err_NoInputsWithSlotAttributes,"No se permiten entradas en firma '{0}' con atributo '{1}'"
_3S.CoDeSys.Compiler35220.Resources.ErrorMessages.es.resources,Err_NoInstanceObject,"'{0}' es del tipo {1} y no puede crear instancia"
_3S.CoDeSys.Compiler35220.Resources.ErrorMessages.es.resources,Err_NoInstancePath,"Ninguna VAR_CONFIG para '{0}'"
_3S.CoDeSys.Compiler35220.Resources.ErrorMessages.es.resources,Err_NoLocalEnum,"Ya no se soportan las enumeraciones locales. Utilice en su lugar una definición DUT."
_3S.CoDeSys.Compiler35220.Resources.ErrorMessages.es.resources,Err_NoMatchingInitMethodFound,"No se ha encontrado ningún método 'FB_Init' para crear instancia de {0}"
_3S.CoDeSys.Compiler35220.Resources.ErrorMessages.es.resources,Err_NoMatchingOverload,"Ninguna sobrecarga adecuada encontrada para el método '{0}'"
_3S.CoDeSys.Compiler35220.Resources.ErrorMessages.es.resources,Err_NoMemoryAllocationCallback,"Ha fallado la creación del asignador de memoria: El complemento requerido no está instalado"
_3S.CoDeSys.Compiler35220.Resources.ErrorMessages.es.resources,Err_NoMemoryMemory,"No se ha reservado memoria"
_3S.CoDeSys.Compiler35220.Resources.ErrorMessages.es.resources,Err_NoMemoryReserveForExternal,"El uso de una reserva de memoria para bloques de funciones externos no es soportado"
_3S.CoDeSys.Compiler35220.Resources.ErrorMessages.es.resources,Err_NoMethodImplementation,"Ninguna implementación para el método '{0}' de la interfaz '{1}'"
_3S.CoDeSys.Compiler35220.Resources.ErrorMessages.es.resources,Err_NoMixExternalIECInheritance,"Un POU ampliado debe estar implementado del mismo modo que su base (externa o en IEC)."
_3S.CoDeSys.Compiler35220.Resources.ErrorMessages.es.resources,Err_NoMultipleInheritance,"Sólo un único bloque de funciones base puede estar definido en la lista EXTENDS"
_3S.CoDeSys.Compiler35220.Resources.ErrorMessages.es.resources,Err_NoNamespace,"'{0}' no hace referencia a un espacio de nombres"
_3S.CoDeSys.Compiler35220.Resources.ErrorMessages.es.resources,Err_NoNewAssignmentInOtherExpression,"No es posible utilizar una expresión de asignación con el operador __NEW en otra expresión. Utilice en su lugar la variable de puntero."
_3S.CoDeSys.Compiler35220.Resources.ErrorMessages.es.resources,Err_NoOnlineChangeOnDynamicObjects,"No se puede realizar un cambio en línea que modifique el tamaño de un tipo creado dinámicamente."
_3S.CoDeSys.Compiler35220.Resources.ErrorMessages.es.resources,Err_NoOnlineChangeOnGenericConstantBaseType,"En la declaración de BaseType {0}, el valor de la constante {1} cambió de {2} a {3}: ¡no es posible un cambio en línea!"
_3S.CoDeSys.Compiler35220.Resources.ErrorMessages.es.resources,Err_NoOnlineChangeOnGenericConstantType,"En la declaración de la variable {0}, el valor de la constante {1} cambió de {2} a {3}: ¡no es posible un cambio en línea!"
_3S.CoDeSys.Compiler35220.Resources.ErrorMessages.es.resources,Err_NoOnlineChangePossible,"Imposible ninguna modificación en línea. ¡Ejecute una descarga completa"
_3S.CoDeSys.Compiler35220.Resources.ErrorMessages.es.resources,Err_NoOutputMemory,"No se ha reservado ninguna memoria de salida"
_3S.CoDeSys.Compiler35220.Resources.ErrorMessages.es.resources,Err_NoOutsideAccessToGenericVariable,"No existe acceso externo a la constante genérica '{0}' del bloque de funciones '{1}'"
_3S.CoDeSys.Compiler35220.Resources.ErrorMessages.es.resources,Err_NoOverrideOnFinalMethod,"Bloque de funciones '{0}': No es posible reemplazar el Método {1}.{2} con especificador de acceso FINAL"
_3S.CoDeSys.Compiler35220.Resources.ErrorMessages.es.resources,Err_NoOverrideOnInternalMethod,"Bloque de funciones '{0}': No es posible reemplazar el Método {1}.{2} en biblioteca {3} con especificador de acceso INTERNAL"
_3S.CoDeSys.Compiler35220.Resources.ErrorMessages.es.resources,Err_NoOverrideOnPrivateMethod,"Bloque de funciones '{0}': No es posible reemplazar el método {1}.{2} con especificador de acceso PRIVATE"
_3S.CoDeSys.Compiler35220.Resources.ErrorMessages.es.resources,Err_NoPointerToBit,"No se permite POINTER TO BIT"
_3S.CoDeSys.Compiler35220.Resources.ErrorMessages.es.resources,Err_NoPropertiesInOutAssignment,"No se puede asignar una propiedad en una asignación de salida de una llamada. En su lugar utilice una variable temporal."
_3S.CoDeSys.Compiler35220.Resources.ErrorMessages.es.resources,Err_NoPropertyForVarInout,"No se pueden asignar propiedades a VAR_IN_OUT."
_3S.CoDeSys.Compiler35220.Resources.ErrorMessages.es.resources,Err_NoReadAccessToProperty,"La propiedad '{0}' no puede utilizarse en este contexto porque no posee ninguna definición de acceso Get"
_3S.CoDeSys.Compiler35220.Resources.ErrorMessages.es.resources,Err_NoReferenceToBits,"No son posibles las referencias a bits"
_3S.CoDeSys.Compiler35220.Resources.ErrorMessages.es.resources,Err_NoReferenceToOutput,"Las salidas no pueden ser del tipo REFERENCE TO"
_3S.CoDeSys.Compiler35220.Resources.ErrorMessages.es.resources,Err_NoResolutionForLazyVariable,"Imposible resolver tipo de las variables tipadas Lazy '{0}'"
_3S.CoDeSys.Compiler35220.Resources.ErrorMessages.es.resources,Err_NoResolutionForSomeLazyVariables,"No se ha podido deducir el tipo de las variables lazy en esta firma."
_3S.CoDeSys.Compiler35220.Resources.ErrorMessages.es.resources,Err_NoStaticVariableInitialisationForValue,"Inicialización de variable estática '{0}' no constante o constantes reemplazadas deshabilitado"
_3S.CoDeSys.Compiler35220.Resources.ErrorMessages.es.resources,Err_NoSuchLabel,"Etiqueta '{0}' dentro del margen de la instrucción 'JMP' no definido."
_3S.CoDeSys.Compiler35220.Resources.ErrorMessages.es.resources,Err_NoSystemDefine,"No existe ninguna definición de sistema para '{0}'"
_3S.CoDeSys.Compiler35220.Resources.ErrorMessages.es.resources,Err_NotAllowedInContainerLib,"'{0}' no admisible en biblioteca contenedor"
_3S.CoDeSys.Compiler35220.Resources.ErrorMessages.es.resources,Err_NotAllowedInInterfaceLib,"No está permitido '{0}' en biblioteca de interfaz"
_3S.CoDeSys.Compiler35220.Resources.ErrorMessages.es.resources,Err_NotAllowedInTaskLocalVariables,"Lista de variables locales de tareas '{0}': '{1}' no está permitida"
_3S.CoDeSys.Compiler35220.Resources.ErrorMessages.es.resources,Err_NotAnInstanceOf,"'{0}' no es ninguna instancia de '{1}'"
_3S.CoDeSys.Compiler35220.Resources.ErrorMessages.es.resources,Err_NotEnoughMemoryForCompactDownload,"No hay suficiente memoria disponible para la descarga compacta en la primera área de código. No se pudieron asignar '{0}' bytes"
_3S.CoDeSys.Compiler35220.Resources.ErrorMessages.es.resources,Err_NotEnoughMemoryForVariableInit,"Memoria insuficiente para la inicialización de la variable '{0}'. {1} bytes necesarios"
_3S.CoDeSys.Compiler35220.Resources.ErrorMessages.es.resources,Err_NotSupportedInInterface,"Este código es no compatible en la sección de declaración"
_3S.CoDeSys.Compiler35220.Resources.ErrorMessages.es.resources,Err_NoValidCondition,"'{0}' no es ninguna condición válida"
_3S.CoDeSys.Compiler35220.Resources.ErrorMessages.es.resources,Err_NoValidConditionforPragma,"'{0}' no es ninguna condición de pragma válida"
_3S.CoDeSys.Compiler35220.Resources.ErrorMessages.es.resources,Err_NoValidEnumInit,"{0} no es ninguna inicialización válida para una enumeración"
_3S.CoDeSys.Compiler35220.Resources.ErrorMessages.es.resources,Err_NoValidInstancePath,"{0}' no es una ruta de instancia válida"
_3S.CoDeSys.Compiler35220.Resources.ErrorMessages.es.resources,Err_NoValidOperand,"{0}' no es ningún operando válido"
_3S.CoDeSys.Compiler35220.Resources.ErrorMessages.es.resources,Err_NoValidOperandforPragma,"'{0}' no es ningún pragma válido"
_3S.CoDeSys.Compiler35220.Resources.ErrorMessages.es.resources,Err_NoValidStatement,"'{0}' no es ninguna instrucción válida"
_3S.CoDeSys.Compiler35220.Resources.ErrorMessages.es.resources,Err_NoValuePassingForCPPExternal,"Las funciones compatibles con CPP no pueden contener entradas o salidas del tipo STRING, ARRAY o tipos estructurados. Utilice en su lugar POINTER o REFERENCIA a este tipo."
_3S.CoDeSys.Compiler35220.Resources.ErrorMessages.es.resources,Err_NoVarConfigInMethodOrFunction,"No son admisibles direcciones incompletas en métodos y funciones"
_3S.CoDeSys.Compiler35220.Resources.ErrorMessages.es.resources,Err_NoVarForExternal,"No se ha encontrado ninguna definición para VAR_EXTERNAL {0}"
_3S.CoDeSys.Compiler35220.Resources.ErrorMessages.es.resources,Err_NoVarInputInPropertyAccessors,"No está permitido definir variables de entrada en descriptores de acceso de propiedad: {0} : {1}"
_3S.CoDeSys.Compiler35220.Resources.ErrorMessages.es.resources,Err_NoVarsinInterface,"Declaraciones de variables no permitidas en las definiciones de interfaces"
_3S.CoDeSys.Compiler35220.Resources.ErrorMessages.es.resources,Err_NoVarTempInSubsequentPrograms,"VAR_TEMP no es posible en programas con atributo 'subsequent'"
_3S.CoDeSys.Compiler35220.Resources.ErrorMessages.es.resources,Err_NumOfInitializersDoNotMatch,"La cantidad de inicializadores 'FB_Init' ({0}) no se corresponde con la cantidad de elementos de matriz ({1})"
_3S.CoDeSys.Compiler35220.Resources.ErrorMessages.es.resources,Err_OneAccessorRequired,"La propiedad '{0}' necesita por lo menos un descriptor de acceso"
_3S.CoDeSys.Compiler35220.Resources.ErrorMessages.es.resources,Err_OnlyMethodsOverride,"Imposible la sobrecarga de {0} {1} de {2}: sólo es posible para métodos"
_3S.CoDeSys.Compiler35220.Resources.ErrorMessages.es.resources,Err_OperationNotPossibleOnType,"El operador '{0}' no puede aplicarse en el tipo '{1}'"
_3S.CoDeSys.Compiler35220.Resources.ErrorMessages.es.resources,Err_Operator1of2Expected,"Se esperaba '{0}' o '{1}' en lugar de '{2}'"
_3S.CoDeSys.Compiler35220.Resources.ErrorMessages.es.resources,Err_Operator1of3Expected,"Se esperaba '{0}', '{1}' o '{2}' en lugar de '{3}'"
_3S.CoDeSys.Compiler35220.Resources.ErrorMessages.es.resources,Err_Operator1of3ExpectedInsteadofEOF,"Encontrado End-of-file inesperado: se esperaba '{0}', '{1}' o '{2}'"
_3S.CoDeSys.Compiler35220.Resources.ErrorMessages.es.resources,Err_Operator1of4Expected,"Se esperaba '{0}', '{1}', '{2}' o '{3}' en lugar de '{4}'"
_3S.CoDeSys.Compiler35220.Resources.ErrorMessages.es.resources,Err_OperatorExpected,"Se esperaba {0}' en lugar de '{1}'"
_3S.CoDeSys.Compiler35220.Resources.ErrorMessages.es.resources,Err_OperatorExpectedInsteadofEOF,"Encontrado End-of-file inesperado: se esperaba '{0}'"
_3S.CoDeSys.Compiler35220.Resources.ErrorMessages.es.resources,Err_OperatorNotAllowedAtPosition,"No está permitido el uso del operador '{0}' en esta instrucción"
_3S.CoDeSys.Compiler35220.Resources.ErrorMessages.es.resources,Err_OperatorNotSupported,"Operador {0} no compatible"
_3S.CoDeSys.Compiler35220.Resources.ErrorMessages.es.resources,Err_OperatorNotSupportedVersion,"El operador '{0}' no es compatible por su destino actual. Se requiere la versión del sistema en tiempo de ejecución {1} o superior."
_3S.CoDeSys.Compiler35220.Resources.ErrorMessages.es.resources,Err_OperatorNoValidVariableName,"El operador '{0}' no es un nombre válido para una variable"
_3S.CoDeSys.Compiler35220.Resources.ErrorMessages.es.resources,Err_OpNeedsAtLeastInputs,"'{0}' necesita por lo menos {1} operandos"
_3S.CoDeSys.Compiler35220.Resources.ErrorMessages.es.resources,Err_OpNeedsExactInputs,"'{0}' necesita exactamente {1} operandos"
_3S.CoDeSys.Compiler35220.Resources.ErrorMessages.es.resources,Err_OpTakesAtMostInputs,"'{0}' necesita como máximo '{1}' operandos"
_3S.CoDeSys.Compiler35220.Resources.ErrorMessages.es.resources,Err_OutOfCodeMemory,"Insuficiente memoria de programa: POU '{0}', {1} bytes. (La compilación incremental puede ocasionar la fragmentación de la memoria. Ejecutar ""Compilar"" ""Limpiar"" para forzar la reasignación de todos los datos y del código.)"
_3S.CoDeSys.Compiler35220.Resources.ErrorMessages.es.resources,Err_OutOfMemory,"Insuficiente memoria global de datos: Variable '{0}', {1} bytes. (La compilación incremental puede ocasionar la fragmentación de la memoria. Ejecutar ""Crear"" ""Limpiar"" para forzar la reasignación de todos los datos y del código.)"
_3S.CoDeSys.Compiler35220.Resources.ErrorMessages.es.resources,Err_OutOfMemoryFunctionPointer,"No hay más memoria global de datos libre: el puntero a función para la función '{0}' no puede ser asignado"
_3S.CoDeSys.Compiler35220.Resources.ErrorMessages.es.resources,Err_OutOfMemoryWithWholeSize,"Insuficiente memoria global de datos: Variable '{0}', {1} bytes (mayor hueco de memoria continuo {2}). La compilación incremental o agregar variables a las listas de variables persistentes puede ocasionar la fragmentación de la memoria. Ejecutar ""Declaraciones, volver a ordenar y limpiar huecos"" para compactar las listas de variables persistentes o ""Compilar, Limpiar"" para forzar la reasignación de todos los datos y del código."
_3S.CoDeSys.Compiler35220.Resources.ErrorMessages.es.resources,Err_OutOfPersistentMemoryExplicit,"No hay suficiente memoria persistente. Variable '{0}', {1} bytes (hueco de memoria más grande: {2}). La modificación de la lista de variables persistentes puede causar la fragmentación de la memoria. Ejecute el comando ""Volver a ordenar la lista y limpiar huecos"" para compactar la lista de variables persistentes. {3}"
_3S.CoDeSys.Compiler35220.Resources.ErrorMessages.es.resources,Err_OutOfPersistentMemoryImplicit,"No hay suficiente memoria persistente {0}"
_3S.CoDeSys.Compiler35220.Resources.ErrorMessages.es.resources,Err_OutOfRetainMemory,"Fuera de la memoria Retain: Variable '{0}', {1} bytes. (La compilación incremental puede ocasionar la fragmentación de la memoria. Ejecutar ""Crear"" ""Limpiar"" para forzar la reasignación de todos los datos y del código.)"
_3S.CoDeSys.Compiler35220.Resources.ErrorMessages.es.resources,Err_OutOfRetainMemoryWithWholeSize,"Fuera de la memoria Retain: Variable '{0}', {1} bytes. (tamaño total disponible {2}) (La compilación incremental puede ocasionar la fragmentación de la memoria. Ejecutar ""Crear"" ""Limpiar"" para forzar la reasignación de todos los datos y del código.)"
_3S.CoDeSys.Compiler35220.Resources.ErrorMessages.es.resources,Err_OutParamNotEqual,"El tipo '{0}' no corresponde al tipo '{1}' de VAR_OUTPUT '{2}'"
_3S.CoDeSys.Compiler35220.Resources.ErrorMessages.es.resources,Err_OutputByteWrittenFromDifferentTasks,"El mismo byte en la memoria de salida se escribe en diferentes tareas"
_3S.CoDeSys.Compiler35220.Resources.ErrorMessages.es.resources,Err_OverflowInAddress,"Desbordamiento de constante en la dirección '{0}'"
_3S.CoDeSys.Compiler35220.Resources.ErrorMessages.es.resources,Err_OverloadNeedsAttribute,"Existe otro método con el nombre '{0}'. Utilice el atributo {{attribute 'overloaded'}} si desea definir métodos sobrecargados."
_3S.CoDeSys.Compiler35220.Resources.ErrorMessages.es.resources,Err_OverloadWithSameInputs,"Existe otra sobrecarga para '{0}' con los mismos tipos de entrada."
_3S.CoDeSys.Compiler35220.Resources.ErrorMessages.es.resources,Err_ParameterlistNotConst,"Una lista de parámetros debe estar declarada como constante."
_3S.CoDeSys.Compiler35220.Resources.ErrorMessages.es.resources,Err_ParamsNotAllowed,"Un parámetro 'PARAMS' debe ser la última entrada de una función o método"
_3S.CoDeSys.Compiler35220.Resources.ErrorMessages.es.resources,Err_PartialAccess_NotAValidComponent,"'%{1}{2}' no es un componente parcial válido de '{0}'"
_3S.CoDeSys.Compiler35220.Resources.ErrorMessages.es.resources,Err_PartialAccess_OnlyOnBitTypes,"El acceso parcial sólo es compatible con los tipos ANY_BIT y no con '{0}'"
_3S.CoDeSys.Compiler35220.Resources.ErrorMessages.es.resources,Err_PersistentNoAddress,"No es posible la declaración de dirección directa en las listas de variables persistentes"
_3S.CoDeSys.Compiler35220.Resources.ErrorMessages.es.resources,Err_PersistentVariablesChangeMessageText,"¡Variables persistentes modificadas. Descarga cancelada por el usuario."
_3S.CoDeSys.Compiler35220.Resources.ErrorMessages.es.resources,Err_PersistentWrongVariable,"Todas las variables de la lista persistente deben ser VAR_GLOBAL PERSISTENT o VAR_GLOBAL PERSISTENT RETAIN"
_3S.CoDeSys.Compiler35220.Resources.ErrorMessages.es.resources,Err_POUCalledFromDifferentTasks,"Módulo {0} escribe sobre la salida {1} y es llamado en varias tareas"
_3S.CoDeSys.Compiler35220.Resources.ErrorMessages.es.resources,Err_PrivateOnMethodsOnly,"PRIVATE y PROTECTED solo se puede aplicar a métodos y bloques de funciones"
_3S.CoDeSys.Compiler35220.Resources.ErrorMessages.es.resources,Err_ProjectDefinedNotSupportedFor,"La condición 'project_defined' no es compatible con esta sintaxis, ya que podría afectar a la interfaz pública de '{0}'."
_3S.CoDeSys.Compiler35220.Resources.ErrorMessages.es.resources,Err_QueryInterfaceErrorP1,"Primer operando de __QueryInterface debe ser una referencia de interfaz o la instancia de un bloque de funciones"
_3S.CoDeSys.Compiler35220.Resources.ErrorMessages.es.resources,Err_QueryInterfaceErrorP2,"El segundo operando de __QueryInterface debe ser una referencia de interfaz."
_3S.CoDeSys.Compiler35220.Resources.ErrorMessages.es.resources,Err_QueryInterfaceP1NoIQuery,"Interfaz {0} no extiende {1}"
_3S.CoDeSys.Compiler35220.Resources.ErrorMessages.es.resources,Err_QueryPointerErrorP1,"Primer operando de __QueryPointer debe ser una referencia de interfaz o instancia de un bloque de funciones"
_3S.CoDeSys.Compiler35220.Resources.ErrorMessages.es.resources,Err_QueryPointerErrorP2,"Segundo operando de __QueryInterface debe ser un puntero"
_3S.CoDeSys.Compiler35220.Resources.ErrorMessages.es.resources,Err_RecursiveConstantInitialisation,"Definición recursiva de valor constante"
_3S.CoDeSys.Compiler35220.Resources.ErrorMessages.es.resources,Err_RefAssignNeedsLValue,"Una asignación de referencias requiere una variable con acceso de escritura como fuente de asignación"
_3S.CoDeSys.Compiler35220.Resources.ErrorMessages.es.resources,Err_RefAssignOnlyForReferenceTypes,"La inicialización con REF= solo está permitida para variables de tipo REFERENCE TO"
_3S.CoDeSys.Compiler35220.Resources.ErrorMessages.es.resources,Err_ReferenceNotAllowed,"Un tipo de referencia no puede ser utilizado como tipo de base de una matriz, de un puntero o de una referencia"
_3S.CoDeSys.Compiler35220.Resources.ErrorMessages.es.resources,Err_ReferenceNotAllowedForVarInOut,"Un tipo referencia no es un tipo válido de VAR_IN_OUT"
_3S.CoDeSys.Compiler35220.Resources.ErrorMessages.es.resources,Err_ReferenceToInput,"La asignación de referencias no es posible en una variable asignada a una dirección de entrada"
_3S.CoDeSys.Compiler35220.Resources.ErrorMessages.es.resources,Err_RelatedPositionInterface,"Posición emparentada: Método de interfaz '{0} de interfaz {1}'."
_3S.CoDeSys.Compiler35220.Resources.ErrorMessages.es.resources,Err_RelatedPositionTaskX,"Posición correspondiente: acceso a tarea {0}"
_3S.CoDeSys.Compiler35220.Resources.ErrorMessages.es.resources,Err_RetainNotAccessiblePOU,"El módulo {0} oculta el nombre de la biblioteca, no es posible acceder a los elementos de la biblioteca. No se genera ningún código implícito para guardar las variables Retain {1}."
_3S.CoDeSys.Compiler35220.Resources.ErrorMessages.es.resources,Err_RetainNotAccessibleVariable,"La variable {0} oculta el nombre de la biblioteca. No es posible acceder a los elementos de la biblioteca. No se genera ningún código implícito para guardar las variables Retain {1}."
_3S.CoDeSys.Compiler35220.Resources.ErrorMessages.es.resources,Err_RetainOrPersistentNotAllowed,"No están permitido 'RETAIN' o 'PERSISTENT' en este lugar"
_3S.CoDeSys.Compiler35220.Resources.ErrorMessages.es.resources,Err_RetainsNotSupported,"Este dispositivo no soporta datos Retain."
_3S.CoDeSys.Compiler35220.Resources.ErrorMessages.es.resources,Err_ReturnTypeForNonFunction,"Tipo de retorno no permitido para funciones y métodos"
_3S.CoDeSys.Compiler35220.Resources.ErrorMessages.es.resources,Err_RValueRequired,"La asignación no tiene ninguna fuente válida"
_3S.CoDeSys.Compiler35220.Resources.ErrorMessages.es.resources,Err_SelfInheritance,"Recursión en interfaz: {0}"
_3S.CoDeSys.Compiler35220.Resources.ErrorMessages.es.resources,Err_SelfInheritanceBase,"Recursión en lista de bloque de funciones base: {0}"
_3S.CoDeSys.Compiler35220.Resources.ErrorMessages.es.resources,Err_SelMuxOnlyEqualUserDefTypes,"Todos los tipos definidos por el usuario, que son utilizados en SEL o MUX, deben ser iguales"
_3S.CoDeSys.Compiler35220.Resources.ErrorMessages.es.resources,Err_SemicolonExpected,"Se esperaba ';' en lugar de '{0}'"
_3S.CoDeSys.Compiler35220.Resources.ErrorMessages.es.resources,Err_SemicolonExpectedInsteadOfEnd,"Se esperaba ';' en lugar de fin de POU"
_3S.CoDeSys.Compiler35220.Resources.ErrorMessages.es.resources,Err_SlotFunctionAmbiguousName,"El módulo {0} con atributo Slot {1} no tiene un nombre inequívoco."
_3S.CoDeSys.Compiler35220.Resources.ErrorMessages.es.resources,Err_SlotFunctionHiddenByVariable,"No se puede llamar el módulo {0} con atributo Slot {1}, porque está siendo ocultado por la variable '{2}'."
_3S.CoDeSys.Compiler35220.Resources.ErrorMessages.es.resources,Err_SomethingOverridingMethod,"{0} '{1}' sobrecarga el método de interfaz '{2}'"
_3S.CoDeSys.Compiler35220.Resources.ErrorMessages.es.resources,Err_SomethingOverridingMethodBase,"{0} '{1}' sobrecarga el método base '{2}'"
_3S.CoDeSys.Compiler35220.Resources.ErrorMessages.es.resources,Err_SpecialTypeExpected,"En este punto se espera una expresión del tipo '{0}'"
_3S.CoDeSys.Compiler35220.Resources.ErrorMessages.es.resources,Err_StackOverflowDetected,"Desbordamiento de pila detectado en {0}. Tamaño de pila máximo: {1} bytes. Tamaño de pila calculado: {2} bytes. Llamar jerarquía:"
_3S.CoDeSys.Compiler35220.Resources.ErrorMessages.es.resources,Err_StaticNotAllowed,"La declaración 'VAR_INST' no está permitida en este punto"
_3S.CoDeSys.Compiler35220.Resources.ErrorMessages.es.resources,Err_StrictEnumNoArithmeticAllowed,"No están permitidas las operaciones matemáticas en tipos ENUM estrictos '{0}' "
_3S.CoDeSys.Compiler35220.Resources.ErrorMessages.es.resources,Err_StrictEnumNotAMember,"'{0}' no es un valor válido para el tipo ENUM estricto '{1}'"
_3S.CoDeSys.Compiler35220.Resources.ErrorMessages.es.resources,Err_StringLengthIsNoConstant,"La longitud de cadena '{0}' no es un valor constante"
_3S.CoDeSys.Compiler35220.Resources.ErrorMessages.es.resources,Err_StringLiteralExpected,"Se esperaba literal de cadena en lugar de '{0}'"
_3S.CoDeSys.Compiler35220.Resources.ErrorMessages.es.resources,Err_StringSizeExpected,"Se esperaba la longitud de la cadena a continuación de '('"
_3S.CoDeSys.Compiler35220.Resources.ErrorMessages.es.resources,Err_StringTooShortForVarInOut,"Variable de cadena '{0}' demasiado corta para parámetro VAR_IN_OUT '{1}' de '{2}'"
_3S.CoDeSys.Compiler35220.Resources.ErrorMessages.es.resources,Err_StructInitOnlyInput,"'{0}' no es ninguna entrada de '{1}'"
_3S.CoDeSys.Compiler35220.Resources.ErrorMessages.es.resources,Err_StructuredValueTypeInExternalCall,"El tipo estructurado '{0}' no está permitido en una llamada de función externa"
_3S.CoDeSys.Compiler35220.Resources.ErrorMessages.es.resources,Err_StructureInitialisationNotPossible,"No es posible una inicialización de estructura como parámetro de una llamada de función Init. En su lugar utilice una variable."
_3S.CoDeSys.Compiler35220.Resources.ErrorMessages.es.resources,Err_StructureInitializationExpected,"Se espera lista de inicialización para {0}"
_3S.CoDeSys.Compiler35220.Resources.ErrorMessages.es.resources,Err_StructureNotAllowed,"La declaración 'STRUCT' sólo se permite en la definición DUT"
_3S.CoDeSys.Compiler35220.Resources.ErrorMessages.es.resources,Err_SummarizedLibraryErrors,"{0} errores internos en biblioteca {1}"
_3S.CoDeSys.Compiler35220.Resources.ErrorMessages.es.resources,Err_SystemOutOfMemory,"El sistema de desarrollo no tiene suficiente memoria para realizar el cambio en línea. Por favor, reinicie la aplicación antes de continuar con el desarrollo."
_3S.CoDeSys.Compiler35220.Resources.ErrorMessages.es.resources,Err_TaskLocalVariablesAccessNotAllowed,"Lista de variables locales de tareas '{0}'. Solo se permite el acceso de escritura en la tarea '{1}'"
_3S.CoDeSys.Compiler35220.Resources.ErrorMessages.es.resources,Err_TaskLocalVariablesNoOnlineChangePossible,"Lista de variables locales de tareas '{0}' modificada. No es posible un cambio en línea."
_3S.CoDeSys.Compiler35220.Resources.ErrorMessages.es.resources,Err_TaskLocalVariablesWriterTaskNotDefined,"Lista de variables locales de tareas '{0}'. Tarea de escritor no definida"
_3S.CoDeSys.Compiler35220.Resources.ErrorMessages.es.resources,Err_ThisNotAllowed,"No está permitida la utilización de THIS en esta relación"
_3S.CoDeSys.Compiler35220.Resources.ErrorMessages.es.resources,Err_TooFewParametersForExtensibleFunction,"La función extensible {0} requiere como mínimo {1} entradas para parámetro {2}"
_3S.CoDeSys.Compiler35220.Resources.ErrorMessages.es.resources,Err_TooManyInitializer,"Demasiados inicializadores para matriz"
_3S.CoDeSys.Compiler35220.Resources.ErrorMessages.es.resources,Err_TooManyParametersForExtensibleFunction,"La función extensible {0} acepta como máximo {1} entradas para parámetro {2}"
_3S.CoDeSys.Compiler35220.Resources.ErrorMessages.es.resources,Err_TryCatchNotSupported,"El control estructurado de excepciones aún no es compatible"
_3S.CoDeSys.Compiler35220.Resources.ErrorMessages.es.resources,Err_TryCatchNotSupportedCodegenerator,"El generador de código para el dispositivo actual no soporta el control estructurado de excepciones"
_3S.CoDeSys.Compiler35220.Resources.ErrorMessages.es.resources,Err_TryCatchNotSupportedVersion,"El control estructurado de excepciones no es compatible con su dispositivo de destino actual. Se requiere al menos la versión 3.5.6.0 del sistema en tiempo de ejecución."
_3S.CoDeSys.Compiler35220.Resources.ErrorMessages.es.resources,Err_TypeExpected,"Se esperaba una definición de tipo en lugar de '{0}'"
_3S.CoDeSys.Compiler35220.Resources.ErrorMessages.es.resources,Err_TypeIsNotGeneric,"'{0}' no es un bloque de funciones genérico."
_3S.CoDeSys.Compiler35220.Resources.ErrorMessages.es.resources,Err_TypeMismatch,"El tipo '{0}' no puede convertirse en el tipo '{1}'"
_3S.CoDeSys.Compiler35220.Resources.ErrorMessages.es.resources,Err_TypesNotComparable,"El tipo '{0}' no puede compararse con el tipo '{1}'"
_3S.CoDeSys.Compiler35220.Resources.ErrorMessages.es.resources,Err_UnexpectedArrayInitialisation,"Inicialización inesperada de datos"
_3S.CoDeSys.Compiler35220.Resources.ErrorMessages.es.resources,Err_UnexpectedOperandForCallInitFunction,"Se ha encontrado operando inesperado '{0}' en '{1}'. Se debe transferir una lista de variables globales o un PRG como parámetro."
_3S.CoDeSys.Compiler35220.Resources.ErrorMessages.es.resources,Err_UnexpectedOperandForIndexOf,"Encontrado operando inesperado'{0}' en '{1}'"
_3S.CoDeSys.Compiler35220.Resources.ErrorMessages.es.resources,Err_UnexpectedPragmaif,"Pragma inesperado: encontrado '{0}' sin la correspondiente 'if'"
_3S.CoDeSys.Compiler35220.Resources.ErrorMessages.es.resources,Err_UnexpectedStatement,"Instrucción inesperada"
_3S.CoDeSys.Compiler35220.Resources.ErrorMessages.es.resources,Err_UnexpectedStructureInitialisation,"Inicialización inesperada de estructura"
_3S.CoDeSys.Compiler35220.Resources.ErrorMessages.es.resources,Err_UnexpectedTokenFound,"Encontrado token inesperado '{0}'"
_3S.CoDeSys.Compiler35220.Resources.ErrorMessages.es.resources,Err_UnexpectedTypeName,"Denominación de tipo '{0}' inesperado en este punto"
_3S.CoDeSys.Compiler35220.Resources.ErrorMessages.es.resources,Err_UninitialisedVariableUsedInInitialisation,"La variable no inicializada {0} se utiliza para la inicialización de {1}. Utilice el atributo 'global_init_slot' para modificar la secuencia de inicialización."
_3S.CoDeSys.Compiler35220.Resources.ErrorMessages.es.resources,Err_UnionNotAllowed,"La declaración UNION sólo está permitida en la definición DUT"
_3S.CoDeSys.Compiler35220.Resources.ErrorMessages.es.resources,Err_UnknownCompilerVersionInCompiledLib,"La versión de compilador ""{1}"" con la que se creó la biblioteca compilada ""{0}"" es más actual que la versión del compilador del proyecto o desconocida."
_3S.CoDeSys.Compiler35220.Resources.ErrorMessages.es.resources,Err_UnknownEmbeddedLanguageType,"Tipo de lenguaje incrustado '{0}' desconocido."
_3S.CoDeSys.Compiler35220.Resources.ErrorMessages.es.resources,Err_UnknownMaxStackSize,"El acceso a la información sobre la tarea actualmente ejecutada requiere el conocimiento del tamaño máximo de pila soportado en el sistema de destino."
_3S.CoDeSys.Compiler35220.Resources.ErrorMessages.es.resources,Err_UnknownType,"Tipo desconocido: '{0}'"
_3S.CoDeSys.Compiler35220.Resources.ErrorMessages.es.resources,Err_UnsupportedFeature,"La funcionalidad del compilador '{0}' únicamente es compatible con la versión de compilador {1} o superior"
_3S.CoDeSys.Compiler35220.Resources.ErrorMessages.es.resources,Err_UnsupportedType,"Tipo no soportado: '{0}'"
_3S.CoDeSys.Compiler35220.Resources.ErrorMessages.es.resources,Err_UpperBoundExpected,"La instrucción FOR necesita un límite superior"
_3S.CoDeSys.Compiler35220.Resources.ErrorMessages.es.resources,Err_UserCheckFunctionsNotSupported,"Las funciones de verificación definidas por el usuario no son compatibles"
_3S.CoDeSys.Compiler35220.Resources.ErrorMessages.es.resources,Err_VarAccessNotSupported,"VAR_ACCESS no compatible"
_3S.CoDeSys.Compiler35220.Resources.ErrorMessages.es.resources,Err_VarConfigNotAllowed,"La declaración VAR_CONFIG sólo está permitida en la lista VAR_CONFIG"
_3S.CoDeSys.Compiler35220.Resources.ErrorMessages.es.resources,Err_VarGlobalNotAllowed,"La declaración 'VAR_GLOBAL' sólo está permitida en listas de variables globales"
_3S.CoDeSys.Compiler35220.Resources.ErrorMessages.es.resources,Err_VariableDeclarationExpected,"Se esperaba declaración de variable en lugar de {0}"
_3S.CoDeSys.Compiler35220.Resources.ErrorMessages.es.resources,Err_VariableDuplicate,"Una variable local con el nombre '{0}' ya está definida en '{1}'."
_3S.CoDeSys.Compiler35220.Resources.ErrorMessages.es.resources,Err_VariableForVarinoutConstant,"El parámetro VAR_IN_OUT CONSTANT '{0}' de '{1}' necesita una variable como entrada"
_3S.CoDeSys.Compiler35220.Resources.ErrorMessages.es.resources,Err_VariableListExpected,"Se esperaba VAR, VAR_INPUT, VAR_OUTPUT o VAR_IN_OUT en lugar de {0}"
_3S.CoDeSys.Compiler35220.Resources.ErrorMessages.es.resources,Err_VariableOverride,"Definición múltiple de variable '{0}' en el bloque de funciones '{1}' y en la base '{2}'"
_3S.CoDeSys.Compiler35220.Resources.ErrorMessages.es.resources,Err_VarInstOnlyInMethods,"La declaración 'VAR_INST' no está permitida en este punto"
_3S.CoDeSys.Compiler35220.Resources.ErrorMessages.es.resources,Err_VarLengthArrayInOut,"Las matrices de longitud variable únicamente son posibles como VAR_IN_OUT de bloques de funciones o como VAR_IN_OUT y VAR_INPUT de métodos y funciones"
_3S.CoDeSys.Compiler35220.Resources.ErrorMessages.es.resources,Err_VarLengthArrayTopLevel,"Un tipo de matriz de longitud variable debe encontrarse en la posición superior de una declaración de tipo."
_3S.CoDeSys.Compiler35220.Resources.ErrorMessages.es.resources,Err_VarTempNotAllowed,"La declaración 'VAR_TEMP' no está permitida en este punto"
_3S.CoDeSys.Compiler35220.Resources.ErrorMessages.es.resources,Err_VarTooBig,"La variable '{0}' es demasiado grande. (Tamaño de variable: {1}, tamaño de segmento: {2})"
_3S.CoDeSys.Compiler35220.Resources.ErrorMessages.es.resources,Err_VectorBaseMustBeRealType,"El tipo base de un vector debe ser REAL o LREAL."
_3S.CoDeSys.Compiler35220.Resources.ErrorMessages.es.resources,Err_VectorNoPersistentRetain,"Un vector no puede ser declarado persistente o retenido"
_3S.CoDeSys.Compiler35220.Resources.ErrorMessages.es.resources,Err_VectorSizeIsNoConstant,"El tamaño de un vector debe ser una constante"
_3S.CoDeSys.Compiler35220.Resources.ErrorMessages.es.resources,Err_VectorSizeNotValid,"El tamaño de un vector debe ser un número entero mayor que 0 y menor que 9."
_3S.CoDeSys.Compiler35220.Resources.ErrorMessages.es.resources,Err_VectorTypeCantBePlacedInUnion,"Los tipos de vectores no se pueden colocar en uniones"
_3S.CoDeSys.Compiler35220.Resources.ErrorMessages.es.resources,Err_VectorTypesNotCompatible,"Los tipos de vectores {0} y {1} no son compatibles"
_3S.CoDeSys.Compiler35220.Resources.ErrorMessages.es.resources,Err_VersionInvalidFormat,"Token '{0}' no es una versión válida"
_3S.CoDeSys.Compiler35220.Resources.ErrorMessages.es.resources,Err_VersionOverflow,"Al menos una parte de la versión '{0}' tiene un valor demasiado grande"
_3S.CoDeSys.Compiler35220.Resources.ErrorMessages.es.resources,Err_VersionPartNegative,"Al menos una parte de la versión '{0}' tiene un valor negativo"
_3S.CoDeSys.Compiler35220.Resources.ErrorMessages.es.resources,Err_WrongCallAfterGlobalInitSlotSignature,"Una firma con el atributo 'call_after_global_init_slot' no debe tener argumentos o una única entrada llamada 'bInitRetains'."
_3S.CoDeSys.Compiler35220.Resources.ErrorMessages.es.resources,Err_WrongConstructor,"El método FB_Init de un bloque de funciones o de una estructura necesita dos entradas 'bInitRetains' y 'bInCopyCode' del tipo BOOL."
_3S.CoDeSys.Compiler35220.Resources.ErrorMessages.es.resources,Err_WrongDestructor,"El método FB_Exit de un bloque de funciones o de una estructura debe tener una única entrada 'bInCopyCode' del tipo BOOL y un valor devuelto del tipo BOOL."
_3S.CoDeSys.Compiler35220.Resources.ErrorMessages.es.resources,Err_WrongFormalParameter,"Parámetro formal erróneo: se esperaba '{0}' en este punto"
_3S.CoDeSys.Compiler35220.Resources.ErrorMessages.es.resources,Err_WrongObjectType,"No es posible llamar objeto del tipo '{0}'"
_3S.CoDeSys.Compiler35220.Resources.ErrorMessages.es.resources,Err_WrongReInit,"El método FB_ReInit de un bloque de funciones o de una estructura no debe tener entradas y un valor devuelto del tipo BOOL. ¡El método FB_ReInit no será llamado automáticamente!"
_3S.CoDeSys.Compiler35220.Resources.ErrorMessages.es.resources,Err_WrongTypeForAdr,"'{0}' no está permitido como operando para 'ADR'"
_3S.CoDeSys.Compiler35220.Resources.ErrorMessages.es.resources,Err_WrongTypeForExternal,"Definición de tipo errónea para VAR_EXTERNAL {0}"
_3S.CoDeSys.Compiler35220.Resources.ErrorMessages.es.resources,Err_WrongVarInInterfaceMethod,"En métodos de interfaces sólo se permite 'VAR_INPUT', 'VAR_OUTPUT' y 'VAR_IN_OUT'"
_3S.CoDeSys.Compiler35220.Resources.ErrorMessages.es.resources,Inf_RelatedPosition,"Posición emparentada"
_3S.CoDeSys.Compiler35220.Resources.ErrorMessages.es.resources,Inf_RelatedPositionRecursion,"Llamado '{0}'."
_3S.CoDeSys.Compiler35220.Resources.ErrorMessages.es.resources,Inf_RelatedPositionStackoverflow,"'{0}' usando {1} bytes de pila."
_3S.CoDeSys.Compiler35220.Resources.ErrorMessages.es.resources,Inf_UseXSizeOfOperator,"Utilice el operador XSIZEOF para tipos grandes"
_3S.CoDeSys.Compiler35220.Resources.ErrorMessages.es.resources,Info_PersistentMemoryConfiguration,"Puede modificar el tamaño de la memoria persistente en la configuración de memoria persistente."
_3S.CoDeSys.Compiler35220.Resources.ErrorMessages.es.resources,PublishSymbolsMustBeSet,"'Hacer visible todos los símbolos IEC en el proyecto' debe estar activado"
_3S.CoDeSys.Compiler35220.Resources.ErrorMessages.es.resources,Txt_ParentContextNotUpToDate,"""Contexto padre no es actual""."
_3S.CoDeSys.Compiler35220.Resources.ErrorMessages.es.resources,Wrn_AbstractKeywordMissing,"Falta la palabra clave ABSTRACT"
_3S.CoDeSys.Compiler35220.Resources.ErrorMessages.es.resources,Wrn_AccessToInternalObject,"No debe acceder a objeto interno {0} de biblioteca {1}"
_3S.CoDeSys.Compiler35220.Resources.ErrorMessages.es.resources,Wrn_AccessToInternalProperty,"No debe acceder a propiedad interna {0} de biblioteca {1}"
_3S.CoDeSys.Compiler35220.Resources.ErrorMessages.es.resources,Wrn_AccessToInternalVariable,"No debe acceder a variable interna {0} de biblioteca {1}"
_3S.CoDeSys.Compiler35220.Resources.ErrorMessages.es.resources,Wrn_AmbiguousCheckfunctionInLibrary,"La función de verificación implícita {0} está oculta por otra función de verificación implícita {1}. ¡No se realizarán verificaciones! Resuelva el conflicto y limpie la aplicación para utilizar la función de verificación."
_3S.CoDeSys.Compiler35220.Resources.ErrorMessages.es.resources,Wrn_AtLeastOneExpected,"Se esperaba como mínimo una instrucción"
_3S.CoDeSys.Compiler35220.Resources.ErrorMessages.es.resources,Wrn_AttributeCheck,"Error al comprobar el atributo"
_3S.CoDeSys.Compiler35220.Resources.ErrorMessages.es.resources,Wrn_BoolNotAtBitAddress,"Dirección de bit esperada para tipo de datos BOOL"
_3S.CoDeSys.Compiler35220.Resources.ErrorMessages.es.resources,Wrn_CallOfPrivateProperty,"No debe acceder a propiedad privada {0}.{1}"
_3S.CoDeSys.Compiler35220.Resources.ErrorMessages.es.resources,Wrn_CallOfProtectedProperty,"No debe acceder a propiedad protegida {0}.{1}"
_3S.CoDeSys.Compiler35220.Resources.ErrorMessages.es.resources,Wrn_CallRecursion,"Recursión de llamada: {0}"
_3S.CoDeSys.Compiler35220.Resources.ErrorMessages.es.resources,Wrn_ChangeOfAccessModifier,"El método {0}.{1} modifica el identificador de acceso ""{2}"" cuando sobrescribe el método {3}.{1}"
_3S.CoDeSys.Compiler35220.Resources.ErrorMessages.es.resources,Wrn_ComplexExpression,"El POU incluye una expresión muy compleja. Considere el uso de resultados intermedios."
_3S.CoDeSys.Compiler35220.Resources.ErrorMessages.es.resources,Wrn_ConcurrentAccessOfBitInSameByte,"Acceso simultaneo a bit '{0}' en el mismo byte"
_3S.CoDeSys.Compiler35220.Resources.ErrorMessages.es.resources,Wrn_ConstantInStructDeclaration,"La palabra clave CONSTANT se ignora en la declaración de una estructura o unión"
_3S.CoDeSys.Compiler35220.Resources.ErrorMessages.es.resources,Wrn_DefaultValueNotConstant,"La valor predeterminado no es constante"
_3S.CoDeSys.Compiler35220.Resources.ErrorMessages.es.resources,Wrn_DefaultValueTopLevel,"La entrada únicamente es opcional cuando esta función es llamada desde el código IEC"
_3S.CoDeSys.Compiler35220.Resources.ErrorMessages.es.resources,Wrn_DeviceNotInstalledForSimulation,"El dispositivo no está instalado. La simulación va a utilizar la configuración predeterminada."
_3S.CoDeSys.Compiler35220.Resources.ErrorMessages.es.resources,Wrn_EnumComparison,"Comparación de un tipo de enumeración ({0}) con otro ({1})"
_3S.CoDeSys.Compiler35220.Resources.ErrorMessages.es.resources,Wrn_EnumValueDuplicate,"La constante {0} está asignada a más de una enumeración"
_3S.CoDeSys.Compiler35220.Resources.ErrorMessages.es.resources,Wrn_ExitForRetainInstances,"FB_EXIT de las instancias en VAR_RETAIN también se llama para restablecer en caliente, pero no FB_INIT. ¡Evite retener la declaración de bloques de funciones con FB_EXIT!"
_3S.CoDeSys.Compiler35220.Resources.ErrorMessages.es.resources,Wrn_ExtendsForInterfaces,"Utilice la palabra clave EXTENDS para heredar las interfaces en vez de IMPLEMENTS"
_3S.CoDeSys.Compiler35220.Resources.ErrorMessages.es.resources,Wrn_ExternalReferenceIgnored,"Las referencias externas solo están permitidas para bloques de funciones, métodos, funciones y listas de variables globales constantes. Se ignora la referencia externa {0} para '{1}'."
_3S.CoDeSys.Compiler35220.Resources.ErrorMessages.es.resources,Wrn_GlobalInitSlotNotForVariables,"El atributo 'global_init_slot' siempre actúa sobre la lista completa de variables y no puede utilizarse para variables individuales"
_3S.CoDeSys.Compiler35220.Resources.ErrorMessages.es.resources,Wrn_GranularityMismatchForDirectVariable,"La variable '{0}' tiene una granularidad de {1} pero se encuentra en la dirección directa {2} que no está adaptada a {1} bytes."
_3S.CoDeSys.Compiler35220.Resources.ErrorMessages.es.resources,Wrn_ImplicitCheckFunctionShadowed,"La función de verificación implícita '{0}' está oculta por otra variable o función. ¡No se realizarán verificaciones! Resuelva el conflicto y limpie la aplicación para utilizar la función de verificación."
_3S.CoDeSys.Compiler35220.Resources.ErrorMessages.es.resources,Wrn_ImplicitEnumConversion,"Conversión implícita de un tipo de enumeración \n({0}) a otro ({1})"
_3S.CoDeSys.Compiler35220.Resources.ErrorMessages.es.resources,Wrn_ImplicitIntToReal,"Conversión implícita de '{0}' a '{1}': posible pérdida de datos"
_3S.CoDeSys.Compiler35220.Resources.ErrorMessages.es.resources,Wrn_ImplicitSignedToUnsigned,"Conversión implícita de tipo de datos con signo '{0}' a tipo de datos sin signo '{1}': posible cambio del signo"
_3S.CoDeSys.Compiler35220.Resources.ErrorMessages.es.resources,Wrn_ImplicitUnsignedToSigned,"Conversión implícita de tipo de datos sin signo '{0}' a tipo de datos con signo '{1}': posible pérdida del signo"
_3S.CoDeSys.Compiler35220.Resources.ErrorMessages.es.resources,Wrn_InterfaceChangedBase,"La interfaz del método reemplazado '{0}' de base '{1}' no coincide con la declaración"
_3S.CoDeSys.Compiler35220.Resources.ErrorMessages.es.resources,Wrn_InvalidDefaultValue,"El tipo {0} no puede tener un valor predeterminado en este contexto"
_3S.CoDeSys.Compiler35220.Resources.ErrorMessages.es.resources,Wrn_InvalidStringSize,"El tamaño de una cadena no puede ser negativo ('{0}')"
_3S.CoDeSys.Compiler35220.Resources.ErrorMessages.es.resources,Wrn_LabelNoReference,"La etiqueta '{0}' no se referenciará"
_3S.CoDeSys.Compiler35220.Resources.ErrorMessages.es.resources,Wrn_LibraryNotInstalled,"La biblioteca {0} no se agregó al administrador de bibliotecas, o no se encontró una licencia válida"
_3S.CoDeSys.Compiler35220.Resources.ErrorMessages.es.resources,Wrn_LibWithStringInVarInOut,"Considere declarar la variable de cadena VAR_IN_OUT '{0}' en '{1}' como VAR_IN_OUT CONSTANT para que los llamadores pueden transmitir literales o constantes."
_3S.CoDeSys.Compiler35220.Resources.ErrorMessages.es.resources,Wrn_LoopExitConditionConstant,"La condición de salida de bucle '{0} {1} {2}' es siempre FALSE. Posible bucle infinito."
_3S.CoDeSys.Compiler35220.Resources.ErrorMessages.es.resources,Wrn_LValueForVarinoutStrings,"El parámetro VAR_IN_OUT o REFERENCE '{0}' de '{1}' necesita una variable con acceso de escritura como entrada. Esto conducirá a errores de compilación en las versiones futuras."
_3S.CoDeSys.Compiler35220.Resources.ErrorMessages.es.resources,Wrn_MethodAlreadyCalledImplicitly,"El método '{0}' ya está siendo llamado de forma implícita"
_3S.CoDeSys.Compiler35220.Resources.ErrorMessages.es.resources,Wrn_MissingAttributeNoAssign,"¿Falta atributo 'no_assign' para POU '{0}'? El tipo de la variable '{1}' se atribuye con 'no_assign'."
_3S.CoDeSys.Compiler35220.Resources.ErrorMessages.es.resources,Wrn_MissingInstancePathForPersistent,"No se ha encontrado ninguna ruta de instancia coincidente en la lista VAR_PERSISTENT para variable {0}. Utilice el comando ""Agregar todas las rutas de instancia"" para agregar todas las rutas de instancia a la lista VAR_PERSISTENT. (Véase la ayuda para más detalles)"
_3S.CoDeSys.Compiler35220.Resources.ErrorMessages.es.resources,Wrn_NoInheritanceForUnions,"La herencia no está destinada para el tipo de datos ""UNION"": {0}"
_3S.CoDeSys.Compiler35220.Resources.ErrorMessages.es.resources,Wrn_NoInitialValueForConstant,"Ningún valor inicial para variable constante '{0}'"
_3S.CoDeSys.Compiler35220.Resources.ErrorMessages.es.resources,Wrn_NonAsciiStringLiteral,"El literal de cadena '{0}...' contiene caracteres no representables. Podría usarse la opción de proyecto 'Codificación UTF-8 para STRING'."
_3S.CoDeSys.Compiler35220.Resources.ErrorMessages.es.resources,Wrn_NonLocalAccessToVarInOut,"Acceso a VAR_IN_OUT '{0}' declarado en '{1}' desde contexto externo '{2}'."
_3S.CoDeSys.Compiler35220.Resources.ErrorMessages.es.resources,Wrn_NoPointerToBit,"No se puede referenciar un único bit. Se guarda una referencia en el byte completo."
_3S.CoDeSys.Compiler35220.Resources.ErrorMessages.es.resources,Wrn_NotAllowedInInterfaceLib,"No está permitido '{0}' en biblioteca de interfaz"
_3S.CoDeSys.Compiler35220.Resources.ErrorMessages.es.resources,Wrn_Obsolete,"POU '{0}' fue marcado como obsoleto: {1}"
_3S.CoDeSys.Compiler35220.Resources.ErrorMessages.es.resources,Wrn_ObsoleteOutputInAbstractMethod,"El valor predeterminado de un VAR_OUTPUT no se utiliza en los métodos abstractos o de interfaces"
_3S.CoDeSys.Compiler35220.Resources.ErrorMessages.es.resources,Wrn_OnlyConstantInitialValueForMappedPersistentVar,"Solo se pueden aplicar constantes reemplazadas como valor inicial para una variable persistente asignada"
_3S.CoDeSys.Compiler35220.Resources.ErrorMessages.es.resources,Wrn_PersistentVariableOnStack,"Variables persistentes en instancias de bloques de funciones situadas en la pila no son compatibles: {0}"
_3S.CoDeSys.Compiler35220.Resources.ErrorMessages.es.resources,Wrn_PointerMisatch,"El tipo '{0}' probablemente no sea convertible al tipo '{1}'"
_3S.CoDeSys.Compiler35220.Resources.ErrorMessages.es.resources,Wrn_Pragma,"Advertencia definida por el usuario, creada por el Pragma warning"
_3S.CoDeSys.Compiler35220.Resources.ErrorMessages.es.resources,Wrn_ReferenceToUninitializedVariable,"Se utiliza una referencia no inicializada {0} para la inicialización de {1}. El acceso a la variable no inicializada puede provocar un comportamiento inesperado."
_3S.CoDeSys.Compiler35220.Resources.ErrorMessages.es.resources,Wrn_ReservedUnusedKeyword,"El nombre '{0}' es una palabra clave reservada en la norma IEC61131-3. En futuras versiones se informará de un error."
_3S.CoDeSys.Compiler35220.Resources.ErrorMessages.es.resources,Wrn_ShiftExceedsTypeSize,"Desplazamiento de {0} sobrepasa el tamaño de tipo {1}"
_3S.CoDeSys.Compiler35220.Resources.ErrorMessages.es.resources,Wrn_StackCheckIncompleteDueToRecursion,"El cálculo del uso de la pila es incompleto debido a las llamadas recursivas, que comienzan en '{0}':"
_3S.CoDeSys.Compiler35220.Resources.ErrorMessages.es.resources,Wrn_StatementNoEffect,"El código '{0}' no tiene ningún efecto. ¿Es un intento?"
_3S.CoDeSys.Compiler35220.Resources.ErrorMessages.es.resources,Wrn_StringConstantTooLong,"La constante de cadena '{0}' es demasiado larga para el tipo destino '{1}'"
_3S.CoDeSys.Compiler35220.Resources.ErrorMessages.es.resources,Wrn_StruturedTypePropertyNotMonitorable,"El atributo de supervisión es ignorado para Property '{0}', que devuelve un tipo estructurado"
_3S.CoDeSys.Compiler35220.Resources.ErrorMessages.es.resources,Wrn_TooManyApplications,"Ha definido {0} aplicación(es) pare el dispositivo {1}. El número máximo es {2}. Por esta razón no ha podido descargar todas las aplicaciones."
_3S.CoDeSys.Compiler35220.Resources.ErrorMessages.es.resources,Wrn_UninitialisedVariableUsedInInitialisation,"La variable no inicializada {0} se utiliza para la inicialización de {1}. Utilice el atributo 'global_init_slot' para modificar la secuencia de inicialización."
_3S.CoDeSys.Compiler35220.Resources.ErrorMessages.es.resources,Wrn_ValueAssignViaPointerMayChangeVFTable,"La instancia a la que apunta {0}, se reinicializa para llamadas virtuales de funciones. Asegúrese de que {0} no apunte a un tipo derivado de {1}."
_3S.CoDeSys.Compiler35220.Resources.ErrorMessages.es.resources,Wrn_VarInOutUnitializedInInitialValue,"Acceso a la variable VAR_IN_OUT no inicializada"
_3S.CoDeSys.Compiler35220.Resources.ErrorMessages.es.resources,Wrn_WrongDestructor,"El método FB_Exit de un bloque de funciones o de una estructura debe tener una única entrada 'bInCopyCode' del tipo BOOL y un valor devuelto del tipo BOOL."
_3S.CoDeSys.Compiler35220.Resources.ErrorMessages.es.resources,Wrn_WrongReInit,"El método FB_ReInit de un bloque de funciones o de una estructura no debe tener entradas y un valor devuelto del tipo BOOL. ¡El método FB_ReInit no será llamado automáticamente!"
_3S.CoDeSys.Compiler35220.Resources.Strings.es.resources,AffectionCopied,"Valor antiguo copiado"
_3S.CoDeSys.Compiler35220.Resources.Strings.es.resources,AffectionInitialized,"Inicializado"
_3S.CoDeSys.Compiler35220.Resources.Strings.es.resources,AffectionLocationChanged,"Posición modificada"
_3S.CoDeSys.Compiler35220.Resources.Strings.es.resources,AffectionVFTableInitialized,"Tabla virtual de funciones inicializada"
_3S.CoDeSys.Compiler35220.Resources.Strings.es.resources,And_Text,"y"
_3S.CoDeSys.Compiler35220.Resources.Strings.es.resources,Area_Output_Checked,"Tamaño requerido para {0}: {1} bytes (tamaño disponible: {2} bytes)"
_3S.CoDeSys.Compiler35220.Resources.Strings.es.resources,Area_Output_Checked_Exceeded,"Tamaño superado para {0}: {1} bytes (tamaño disponible: {2} bytes)"
_3S.CoDeSys.Compiler35220.Resources.Strings.es.resources,Area_Output_Info,"El intervalo de memoria {0} contiene {1}: Tamaño: {2}, dirección más alta empleada: {3}, zona de memoria vacía más grande: {4} ({5} %) "
_3S.CoDeSys.Compiler35220.Resources.Strings.es.resources,Area_Output_Info_Simple,"El intervalo de memoria {0} contiene {1}: Intervalo de memoria más grande relacionado: {2} ({3} %)"
_3S.CoDeSys.Compiler35220.Resources.Strings.es.resources,AttributeAlreadyRegistered,"El atributo {0} ya fue registrado por otro complemento"
_3S.CoDeSys.Compiler35220.Resources.Strings.es.resources,AttributeInvalidRange,"{0} no es un valor válido para el atributo '{1}'. Esperado: Un valor en el rango [{2}..{3}]."
_3S.CoDeSys.Compiler35220.Resources.Strings.es.resources,AttributeInvalidTypeInteger,"El valor '{0}' para el atributo '{1}' no es válido. Esperado: Un número entero entre comillas simples (como '42')."
_3S.CoDeSys.Compiler35220.Resources.Strings.es.resources,AttributeMustBeEmpty,"Se ha asignado un valor inesperado '{0}' al atributo '{0}'."
_3S.CoDeSys.Compiler35220.Resources.Strings.es.resources,AttributeMustNotBeEmpty,"Se espera valor asignado al atributo '{0}'."
_3S.CoDeSys.Compiler35220.Resources.Strings.es.resources,AttributeNotInFunctionFBOrMethod,"El atributo '{0}' solo es evaluado para los POU de tipo función, bloque de funciones o método"
_3S.CoDeSys.Compiler35220.Resources.Strings.es.resources,AttributeNotInMethod,"El atributo '{0}' solo es evaluado para los POU de tipo METHOD"
_3S.CoDeSys.Compiler35220.Resources.Strings.es.resources,AttributeNotSupportedWithCompilerVersion,"El atributo '{0}' solo es interpretado para una versión de compilador {1} o más nueva. La versión actual del compilador es {2}."
_3S.CoDeSys.Compiler35220.Resources.Strings.es.resources,AttributeStrictDesc,"Marcar declaraciones tipo ENUM con el atributo 'strict' fuerza asignaciones puramente constantes de componentes ENUM válidos durante la compilación"
_3S.CoDeSys.Compiler35220.Resources.Strings.es.resources,AttributeStrictNoValidSignature,"El atributo 'strict' solo es evaluado para declaraciones tipo ENUM"
_3S.CoDeSys.Compiler35220.Resources.Strings.es.resources,AttributeToStringFunctionWrongPOUType,"El atributo {0} solo es válido para declaraciones de tipo y bloques de funciones"
_3S.CoDeSys.Compiler35220.Resources.Strings.es.resources,AttributeToStringWrongType,"El atributo {0} solo es válido para enumeraciones"
_3S.CoDeSys.Compiler35220.Resources.Strings.es.resources,AttributeUnknown,"El atributo {0} es desconocido y es ignorado por el compilador"
_3S.CoDeSys.Compiler35220.Resources.Strings.es.resources,AttributeValueMustBeOneOf,"Valor '{0}' para el atributo '{1}' no válido, debe ser uno de los siguientes: {2}"
_3S.CoDeSys.Compiler35220.Resources.Strings.es.resources,AttributeWrongScopeSigns,"El atributo '{0}' únicamente puede añadirse a las declaraciones de variables. Será ignorado aquí."
_3S.CoDeSys.Compiler35220.Resources.Strings.es.resources,AttributeWrongScopeVars,"El atributo '{0}' ya se agregó a una variable, aunque solo tiene efecto sobre los POU. El atributo es ignorado."
_3S.CoDeSys.Compiler35220.Resources.Strings.es.resources,Build,"Compilar"
_3S.CoDeSys.Compiler35220.Resources.Strings.es.resources,BuildCompleteErrors,"Compilación terminada -- {0} errores, {1} advertencias: ¡Imposible la descarga"
_3S.CoDeSys.Compiler35220.Resources.Strings.es.resources,BuildCompleteOK,"Compilación terminada -- {0} errores, {1} advertencias: Listo para la descarga"
_3S.CoDeSys.Compiler35220.Resources.Strings.es.resources,BuildStarted,"------ Proceso de compilación iniciado: Aplicación: {0} -------"
_3S.CoDeSys.Compiler35220.Resources.Strings.es.resources,C138ErrMsgCheckSyntax,"Comprobar sintaxis '{0} : {1}({2})'"
_3S.CoDeSys.Compiler35220.Resources.Strings.es.resources,C138ErrMsgRequiresNInputs,"El método 'FB_Init' especificado requiere exactamente {0} entradas."
_3S.CoDeSys.Compiler35220.Resources.Strings.es.resources,Change_AttributesChanged,"Atributos modificados"
_3S.CoDeSys.Compiler35220.Resources.Strings.es.resources,Change_CodeChanged,"Implementación modificada"
_3S.CoDeSys.Compiler35220.Resources.Strings.es.resources,Change_DefineChanged,"Defines modificado"
_3S.CoDeSys.Compiler35220.Resources.Strings.es.resources,Change_GlobalErrors,"Error global en el proyecto"
_3S.CoDeSys.Compiler35220.Resources.Strings.es.resources,Change_InterfaceAdded,"agregado"
_3S.CoDeSys.Compiler35220.Resources.Strings.es.resources,Change_InterfaceChange_Explicitly,"Declaración modificada, explícitamente invalidada"
_3S.CoDeSys.Compiler35220.Resources.Strings.es.resources,Change_InterfaceChanged,"Declaración modificada"
_3S.CoDeSys.Compiler35220.Resources.Strings.es.resources,Change_InterfaceDeleted,"Borrado"
_3S.CoDeSys.Compiler35220.Resources.Strings.es.resources,Change_NumOfSubSignaturesChanged,"Cantidad de métodos o acciones modificada"
_3S.CoDeSys.Compiler35220.Resources.Strings.es.resources,Change_ParameterTablesChanged,"Tablas de parámetros de biblioteca modificadas"
_3S.CoDeSys.Compiler35220.Resources.Strings.es.resources,Change_ReferencedLibrariesChanged,"Bibliotecas referenciadas modificadas"
_3S.CoDeSys.Compiler35220.Resources.Strings.es.resources,Change_VariableChanged,"Variable {0} modificada"
_3S.CoDeSys.Compiler35220.Resources.Strings.es.resources,Change_VariableDeleted,"Variable {0} borrada"
_3S.CoDeSys.Compiler35220.Resources.Strings.es.resources,Change_VariableInserted,"Variable {0} agregada"
_3S.CoDeSys.Compiler35220.Resources.Strings.es.resources,ClearDownloadContext,"Borrar contexto de descarga"
_3S.CoDeSys.Compiler35220.Resources.Strings.es.resources,Code_Text,"Código"
_3S.CoDeSys.Compiler35220.Resources.Strings.es.resources,CodeNoChange,"El código no ha modificado: Cambio en línea no necesario."
_3S.CoDeSys.Compiler35220.Resources.Strings.es.resources,CompileCompleteErrors,"Compilación terminada -- {0} errores, {1} advertencias"
_3S.CoDeSys.Compiler35220.Resources.Strings.es.resources,CompileCompleteOK,"Compilación terminada -- {0} errores, {1} advertencias"
_3S.CoDeSys.Compiler35220.Resources.Strings.es.resources,Data_Text,"Datos"
_3S.CoDeSys.Compiler35220.Resources.Strings.es.resources,DoCodeTypification,"Tipificar código"
_3S.CoDeSys.Compiler35220.Resources.Strings.es.resources,DoLocation,"encontrar datos globales"
_3S.CoDeSys.Compiler35220.Resources.Strings.es.resources,DoTypification,"Se está buscando zona de trabajo"
_3S.CoDeSys.Compiler35220.Resources.Strings.es.resources,DownloadInfoSaveException,"El archivo de información de descarga no pudo ser guardado en {0}.\nInicio de sesión sobre el dispositivo tras nueva carga del proyecto ya no es posible.\nCausa:\n{1}"
_3S.CoDeSys.Compiler35220.Resources.Strings.es.resources,Err_CompilerVersionError,"Versión de compilador {0} ha sido retirado. Por favor, en su lugar utilice una versión de compilador más alta."
_3S.CoDeSys.Compiler35220.Resources.Strings.es.resources,ErrExpressionContainsNoAppName,"La expresión no contiene ningún nombre de aplicación"
_3S.CoDeSys.Compiler35220.Resources.Strings.es.resources,ErrExpressionContainsNoResource,"La expresión no contiene ningún nombre de recurso"
_3S.CoDeSys.Compiler35220.Resources.Strings.es.resources,ErrInvalidExpression,"Expresión no válida"
_3S.CoDeSys.Compiler35220.Resources.Strings.es.resources,ErrMultipleAreasWithMappedSegmentAccess,"Se han encontrados varias áreas para las cuales está establecido el indicador 'MappedSegmentAccessOnly'"
_3S.CoDeSys.Compiler35220.Resources.Strings.es.resources,ErrNoApplication,"No se ha encontrado la aplicación"
_3S.CoDeSys.Compiler35220.Resources.Strings.es.resources,ErrNoAreaWithMappedSegmentAccess,"Se han encontrado segmentos asignados pero ningún área está identificada con 'MappedSegmentAccessOnly'"
_3S.CoDeSys.Compiler35220.Resources.Strings.es.resources,ErrorLimitExceeded,"Se produjeron más de {0} errores: se omiten todos los demás mensajes de error"
_3S.CoDeSys.Compiler35220.Resources.Strings.es.resources,ErrSignatureNotFound,"No se ha encontrado la firma"
_3S.CoDeSys.Compiler35220.Resources.Strings.es.resources,Except_Boot_Project_Error,"En este estado no es posible ningún proyecto de inicio: Memoria insuficiente en la aplicación. Ejecutar primero la descarga completa."
_3S.CoDeSys.Compiler35220.Resources.Strings.es.resources,Except_Boot_Project_Error_CompileContext_Not_UpToDate,"Proyecto de inicio no posible en este estado: Error interno"
_3S.CoDeSys.Compiler35220.Resources.Strings.es.resources,Except_Boot_Project_Error_Error_In_Compile,"En este estado no es posible ningún proyecto de inicio. Error al crear la información de proyecto de inicio. Véase ventana de mensajes."
_3S.CoDeSys.Compiler35220.Resources.Strings.es.resources,FeatureGroup_Description,"Funcionalidades respecto al lenguaje IEC 61131-3"
_3S.CoDeSys.Compiler35220.Resources.Strings.es.resources,FeatureGroup_Name,"Lenguaje IEC 61131-3"
_3S.CoDeSys.Compiler35220.Resources.Strings.es.resources,GenerateCode,"Crear código para {0}..."
_3S.CoDeSys.Compiler35220.Resources.Strings.es.resources,GenerateCodeInit,"Crear inicialización de código..."
_3S.CoDeSys.Compiler35220.Resources.Strings.es.resources,GenerateCodeProgress,"Se está creando código..."
_3S.CoDeSys.Compiler35220.Resources.Strings.es.resources,GenerateGlobalInit,"Crear inicializaciones globales..."
_3S.CoDeSys.Compiler35220.Resources.Strings.es.resources,GenerateRelocations,"Crear relocalizaciones..."
_3S.CoDeSys.Compiler35220.Resources.Strings.es.resources,GeneratingCode,"Crear código..."
_3S.CoDeSys.Compiler35220.Resources.Strings.es.resources,Getter,"Getter"
_3S.CoDeSys.Compiler35220.Resources.Strings.es.resources,GlobalInitErrorPrefix,"Error en el código de inicialización implícito:"
_3S.CoDeSys.Compiler35220.Resources.Strings.es.resources,GVLChanged,"Lista de variables globales '{0}' modificada"
_3S.CoDeSys.Compiler35220.Resources.Strings.es.resources,GVLRenamedOrDeleted,"Lista global de variables '{0}' borrada o renombrada."
_3S.CoDeSys.Compiler35220.Resources.Strings.es.resources,HiddenPousPlaceholder,"<Hidden POUs>"
_3S.CoDeSys.Compiler35220.Resources.Strings.es.resources,Input_Text,"Entrada"
_3S.CoDeSys.Compiler35220.Resources.Strings.es.resources,InterfaceChanged,"Interfaz '{0}' modificada"
_3S.CoDeSys.Compiler35220.Resources.Strings.es.resources,InterfaceReferencesAffected,"Se comprueban las siguientes referencias de interfaz a reenvío:"
_3S.CoDeSys.Compiler35220.Resources.Strings.es.resources,InterfacesChanged,"Se modificaron las siguientes interfaces POU:"
_3S.CoDeSys.Compiler35220.Resources.Strings.es.resources,InvalidBooleanValue,"Valor no válido"
_3S.CoDeSys.Compiler35220.Resources.Strings.es.resources,LanguageModelMngrOptionConditionalShowSymbols_Description,"Utilizado, para ocultar variables en bibliotecas para el usuario final"
_3S.CoDeSys.Compiler35220.Resources.Strings.es.resources,Libraries,"Bibliotecas"
_3S.CoDeSys.Compiler35220.Resources.Strings.es.resources,LibrariesChanged,"Bibliotecas modificadas"
_3S.CoDeSys.Compiler35220.Resources.Strings.es.resources,LoadCompileContext,"Cargar la información de compilación"
_3S.CoDeSys.Compiler35220.Resources.Strings.es.resources,LoadingLibraries,"Se están cargando las bibliotecas…"
_3S.CoDeSys.Compiler35220.Resources.Strings.es.resources,Memory_Text,"Memoria"
_3S.CoDeSys.Compiler35220.Resources.Strings.es.resources,MethodAdded,"Método '{0}' de {1} '{2}' agregado"
_3S.CoDeSys.Compiler35220.Resources.Strings.es.resources,MethodChanged,"Método '{0}' de {1} '{2}' modificado"
_3S.CoDeSys.Compiler35220.Resources.Strings.es.resources,MethodRenamedOrDeleted,"Método '{0}' de {1} '{2}' borrado o renombrado"
_3S.CoDeSys.Compiler35220.Resources.Strings.es.resources,NumInterfacesChanged,"{0} interfaces POU modificadas"
_3S.CoDeSys.Compiler35220.Resources.Strings.es.resources,NumInterfacesToTest,"{0} referencias de interfaz comprobadas a reenvío"
_3S.CoDeSys.Compiler35220.Resources.Strings.es.resources,NumPOUsDownloaded,"{0} POUs modificaron su código"
_3S.CoDeSys.Compiler35220.Resources.Strings.es.resources,NumVariablesAffected,"{0} variables afectadas por el cambio en línea, {1} posiciones modificadas, {2} inicializado, {3} copiado, {4} tabla de funciones inicializada"
_3S.CoDeSys.Compiler35220.Resources.Strings.es.resources,OnlineChangeRelinkCodegenProgress,"Generación de código para reenlazar interfaces"
_3S.CoDeSys.Compiler35220.Resources.Strings.es.resources,OnlineChangeRelinkProgress,"Comprobación de variables para posibles referencias de interfaz"
_3S.CoDeSys.Compiler35220.Resources.Strings.es.resources,OR,"o"
_3S.CoDeSys.Compiler35220.Resources.Strings.es.resources,Output_Text,"Salida"
_3S.CoDeSys.Compiler35220.Resources.Strings.es.resources,ParamsArray_Comment,"'arrParams' es una matriz basada en 1, que contiene los valores que son transmitidos a esta función. Los valores que sobrepasen 'nCount' no están asignados ni inicializados y no deberían utilizarse."
_3S.CoDeSys.Compiler35220.Resources.Strings.es.resources,ParamsCount_Comment,"Count define la cantidad de parámetros formales que son transmitidos a esta función"
_3S.CoDeSys.Compiler35220.Resources.Strings.es.resources,Persistent_Text,"Datos persistentes"
_3S.CoDeSys.Compiler35220.Resources.Strings.es.resources,PersistenVariablesChanged,"¡Variables persistentes modificadas! ¿Quiere inicializar con la lista actual?\n\nSí: Se inicializará con la lista actual, sobrescribiendo los valores persistentes existentes.\nNo: Los valores persistentes existentes se mantienen, la lista actual asume estos valores.\n     ADVERTENCIA: Los valores podrían no corresponderse con los valores de variables. Los valores deben comprobarse manualmente."
_3S.CoDeSys.Compiler35220.Resources.Strings.es.resources,POUChanged,"{0} '{1}' modificado"
_3S.CoDeSys.Compiler35220.Resources.Strings.es.resources,POURenamedOrDeleted,"{0} '{1}' borrado o renombrado"
_3S.CoDeSys.Compiler35220.Resources.Strings.es.resources,POUsDownloaded,"Se carga el código de los siguientes módulos."
_3S.CoDeSys.Compiler35220.Resources.Strings.es.resources,POUUnit,"Módulos"
_3S.CoDeSys.Compiler35220.Resources.Strings.es.resources,Precompile,"Precompilación"
_3S.CoDeSys.Compiler35220.Resources.Strings.es.resources,ProjectUpToDate,"La aplicación es actual"
_3S.CoDeSys.Compiler35220.Resources.Strings.es.resources,Retain_Text,"Datos Retain"
_3S.CoDeSys.Compiler35220.Resources.Strings.es.resources,Scanner_Initialize_char_array_must_end_with_null_value,"La matriz de caracteres debe terminar con un valor nulo"
_3S.CoDeSys.Compiler35220.Resources.Strings.es.resources,Setter,"Setter"
_3S.CoDeSys.Compiler35220.Resources.Strings.es.resources,String1,"La versión de compilador establecida en este proyecto está obsoleta. El proyecto aún puede ser compilado, aunque se recomienda actualizar la versión del compilador a una versión más actual. Por favor tenga en cuenta que tras la actualización de la versión de compilador, la versión antigua ya no estará disponible para el proyecto."
_3S.CoDeSys.Compiler35220.Resources.Strings.es.resources,SupportExtendedProgrammingFeatureSettingProvider_Description,"Cuando activa, se soportan funcionalidades avanzadas de programación como programación orientada al objeto o atributos en la interfaz de usuario. Nota: Esto no influye en la posibilidad de abrir o compilar proyectos que contengan los elementos correspondientes."
_3S.CoDeSys.Compiler35220.Resources.Strings.es.resources,SupportExtendedProgrammingFeatureSettingProvider_Name,"Admitir funcionalidades avanzadas de programación"
_3S.CoDeSys.Compiler35220.Resources.Strings.es.resources,TextContains,"Contains"
_3S.CoDeSys.Compiler35220.Resources.Strings.es.resources,TypeChanged,"Tipo '{0}' modificado"
_3S.CoDeSys.Compiler35220.Resources.Strings.es.resources,TypeRenamedOrDeleted,"Tipo '{0}' borrado o renombrado"
_3S.CoDeSys.Compiler35220.Resources.Strings.es.resources,TypifyAll,"Tipificar código..."
_3S.CoDeSys.Compiler35220.Resources.Strings.es.resources,UnexpectedExpression,"'Expresión no esperada {0}'"
_3S.CoDeSys.Compiler35220.Resources.Strings.es.resources,UnresolvedVariable,"Variable {0} sin resolver"
_3S.CoDeSys.Compiler35220.Resources.Strings.es.resources,UpdatingCompilerVersion,"Se actualiza la versión del compilador"
_3S.CoDeSys.Compiler35220.Resources.Strings.es.resources,VariableDeclarationChanged,"Declaración de las variables '{0}' en '{1}' modificada"
_3S.CoDeSys.Compiler35220.Resources.Strings.es.resources,VariableRenamedOrDeleted,"Variable '{0}' en '{1}' borrada o renombrada"
_3S.CoDeSys.Compiler35220.Resources.Strings.es.resources,VariablesAffected,"Las siguientes variables se ven afectadas por el cambio en línea:"
_3S.CoDeSys.Compiler35220.Resources.Strings.es.resources,WarningLimitExceeded,"Se produjeron más de {0} advertencias: todas las demás advertencias serán omitidas"
_3S.CoDeSys.Compiler35220.Resources.Strings.es.resources,Warnings,"Advertencias"
_3S.CoDeSys.Compiler35220.Resources.Strings.es.resources,WritingCompileInformationProgressText,"Finaliza la escritura de la información de compilación..."
