resource,key,text
_3S.CoDeSys.Compiler35220.Resources.CompilerStrings.fr.resources,AffectionCopied,"Ancienne valeur copiée"
_3S.CoDeSys.Compiler35220.Resources.CompilerStrings.fr.resources,AffectionInitialized,"Initialisé"
_3S.CoDeSys.Compiler35220.Resources.CompilerStrings.fr.resources,AffectionInitNewVariables,"Nouvelles variables initialisées"
_3S.CoDeSys.Compiler35220.Resources.CompilerStrings.fr.resources,AffectionLocationChanged,"Position modifiée"
_3S.CoDeSys.Compiler35220.Resources.CompilerStrings.fr.resources,AffectionVFTableInitialized,"Tableau virtuel de fonctions initialisé"
_3S.CoDeSys.Compiler35220.Resources.CompilerStrings.fr.resources,And_Text,"et"
_3S.CoDeSys.Compiler35220.Resources.CompilerStrings.fr.resources,Area_Output_Checked,"Taille requise pour {0} : {1} octets (taille disponible : {2} octets)"
_3S.CoDeSys.Compiler35220.Resources.CompilerStrings.fr.resources,Area_Output_Checked_Exceeded,"Taille dépassée pour {0} : {1} octets (taille disponible : {2} octets)"
_3S.CoDeSys.Compiler35220.Resources.CompilerStrings.fr.resources,Area_Output_Info,"La plage mémoire {0} contient {1} : taille : {2} octets, adresse la plus élevée utilisée : {3}, le plus grand espace continu et inutilisé : {4} octets ({5} %)"
_3S.CoDeSys.Compiler35220.Resources.CompilerStrings.fr.resources,Area_Output_Info_Simple,"Plage mémoire {0} contient {1} : la plus grande zone de mémoire continue : {2} ({3} %)"
_3S.CoDeSys.Compiler35220.Resources.CompilerStrings.fr.resources,Area_Output_Info_Simple_2,"La plage mémoire {0} contient {1} : {2} octets, le plus grand espace mémoire contigu et inutilisé : {3} octets ({4} %)"
_3S.CoDeSys.Compiler35220.Resources.CompilerStrings.fr.resources,AttributeHasNoEffect,"(L'attribut n'a aucun effet)"
_3S.CoDeSys.Compiler35220.Resources.CompilerStrings.fr.resources,Build,"Compiler"
_3S.CoDeSys.Compiler35220.Resources.CompilerStrings.fr.resources,BuildCompleteErrors,"La compilation est terminée -- {0} erreurs, {1} avertissements : aucun téléchargement possible"
_3S.CoDeSys.Compiler35220.Resources.CompilerStrings.fr.resources,BuildCompleteOK,"La compilation est terminée -- {0} erreurs, {1} avertissements : prêt pour téléchargement"
_3S.CoDeSys.Compiler35220.Resources.CompilerStrings.fr.resources,BuildStarted,"------ Processus de compilation entamé : application : {0} -------"
_3S.CoDeSys.Compiler35220.Resources.CompilerStrings.fr.resources,Code_Text,"Code"
_3S.CoDeSys.Compiler35220.Resources.CompilerStrings.fr.resources,CodeNoChange,"Le code n’a pas changé. Pas de changement en ligne requis."
_3S.CoDeSys.Compiler35220.Resources.CompilerStrings.fr.resources,CodeSizeOutput,"Taille du code créé : {0} octets"
_3S.CoDeSys.Compiler35220.Resources.CompilerStrings.fr.resources,Constant,"Constante"
_3S.CoDeSys.Compiler35220.Resources.CompilerStrings.fr.resources,Data_Text,"Données"
_3S.CoDeSys.Compiler35220.Resources.CompilerStrings.fr.resources,DataSizeOutput,"Taille des données globales : {0} octets"
_3S.CoDeSys.Compiler35220.Resources.CompilerStrings.fr.resources,DoCodeTypification,"Affecter un type à un code"
_3S.CoDeSys.Compiler35220.Resources.CompilerStrings.fr.resources,DoLocation,"Trouver des données globales"
_3S.CoDeSys.Compiler35220.Resources.CompilerStrings.fr.resources,DoTypification,"Typifier"
_3S.CoDeSys.Compiler35220.Resources.CompilerStrings.fr.resources,Err_NoCodegeneratorDetailed,"Échec de la création d’un générateur de code. L’add-on '{0}' requis n’est pas installé"
_3S.CoDeSys.Compiler35220.Resources.CompilerStrings.fr.resources,Err_NoMemoryAllocationCallbackDetailed,"Échec de la création d’un allocateur de mémoire : l’add-on '{0}' requis n’est pas installé"
_3S.CoDeSys.Compiler35220.Resources.CompilerStrings.fr.resources,ErrNoApplication,"Application pas trouvée"
_3S.CoDeSys.Compiler35220.Resources.CompilerStrings.fr.resources,Error_Check_ImplicitParameter_MissingDefault,"Le paramètre implicite nécessite une valeur par défaut pour l'entrée."
_3S.CoDeSys.Compiler35220.Resources.CompilerStrings.fr.resources,Error_Check_ImplicitParameter_UnknownKind,"Type inconnu du paramètre implicite '{0}', doit être l'un des suivants : [{1}]."
_3S.CoDeSys.Compiler35220.Resources.CompilerStrings.fr.resources,Error_Check_ImplicitParameter_WrongPouType,"Le paramètre implicite ne peut être appliqué qu'aux entrées des fonctions et des méthodes."
_3S.CoDeSys.Compiler35220.Resources.CompilerStrings.fr.resources,Error_Check_ImplicitParameter_WrongVarKind,"Le paramètre implicite ne peut être appliqué qu'aux variables VAR_INPUT."
_3S.CoDeSys.Compiler35220.Resources.CompilerStrings.fr.resources,Error_Check_ImplicitParameter_WrongVarType,"Le paramètre implicite ne peut être appliqué qu'aux variables de type STRING ou POINTER TO STRING."
_3S.CoDeSys.Compiler35220.Resources.CompilerStrings.fr.resources,ErrorLimitExceeded,"Plus de {0} erreurs survenues : tous les autres messages d’erreur sont omis"
_3S.CoDeSys.Compiler35220.Resources.CompilerStrings.fr.resources,Except_Boot_Project_Error,"Pas de projet d'initialisation possible dans cet état. Mémoire insuffisante pour l’application. Exécuter d’abord le téléchargement complet"
_3S.CoDeSys.Compiler35220.Resources.CompilerStrings.fr.resources,Except_Boot_Project_Error_Error_In_Compile,"Pas de projet d'initialisation possible dans cet état. Erreur lors de la création des informations sur le projet d'initialisation. Voyez fenêtre de message."
_3S.CoDeSys.Compiler35220.Resources.CompilerStrings.fr.resources,GenerateCode,"Créer le code pour {0}..."
_3S.CoDeSys.Compiler35220.Resources.CompilerStrings.fr.resources,GenerateCodeInit,"Créer des initialisations de code..."
_3S.CoDeSys.Compiler35220.Resources.CompilerStrings.fr.resources,GenerateCodeProgress,"Le code est créé..."
_3S.CoDeSys.Compiler35220.Resources.CompilerStrings.fr.resources,GenerateGlobalInit,"Créer des initialisations globales..."
_3S.CoDeSys.Compiler35220.Resources.CompilerStrings.fr.resources,GenerateRelocations,"Créer des repositionnements..."
_3S.CoDeSys.Compiler35220.Resources.CompilerStrings.fr.resources,GeneratingCode,"Création de code..."
_3S.CoDeSys.Compiler35220.Resources.CompilerStrings.fr.resources,GlobalInitErrorPrefix,"Erreur dans le code d’initialisation implicite :"
_3S.CoDeSys.Compiler35220.Resources.CompilerStrings.fr.resources,Input_Text,"Entrée"
_3S.CoDeSys.Compiler35220.Resources.CompilerStrings.fr.resources,InterfaceReferencesAffected,"Les références d’interface suivantes sont contrôlées quant à la redirection :"
_3S.CoDeSys.Compiler35220.Resources.CompilerStrings.fr.resources,InterfacesChanged,"Les interfaces de POU suivantes ont été modifiées :"
_3S.CoDeSys.Compiler35220.Resources.CompilerStrings.fr.resources,Literal,"Littéral"
_3S.CoDeSys.Compiler35220.Resources.CompilerStrings.fr.resources,Memory_Text,"Mémoire"
_3S.CoDeSys.Compiler35220.Resources.CompilerStrings.fr.resources,NonSafety_Text,"Données non sures"
_3S.CoDeSys.Compiler35220.Resources.CompilerStrings.fr.resources,NumInterfacesChanged,"{0} interfaces POU modifiées"
_3S.CoDeSys.Compiler35220.Resources.CompilerStrings.fr.resources,NumInterfacesToTest,"{0} références d’interface contrôlées quant à la redirection"
_3S.CoDeSys.Compiler35220.Resources.CompilerStrings.fr.resources,NumPOUsDownloaded,"{0} POU ont modifié leur code"
_3S.CoDeSys.Compiler35220.Resources.CompilerStrings.fr.resources,NumVariablesAffected,"{0} variables concernées par le changement en ligne, {1} position modifiée, {2} initialisé, {3} copié, {4} tableau de fonction initialisé"
_3S.CoDeSys.Compiler35220.Resources.CompilerStrings.fr.resources,Output_Text,"Sortie"
_3S.CoDeSys.Compiler35220.Resources.CompilerStrings.fr.resources,Persistent_Text,"Données persistantes"
_3S.CoDeSys.Compiler35220.Resources.CompilerStrings.fr.resources,PersistenVariablesChanged,"Les variables persistantes ont changé ! Voulez-vous initialiser en utilisant la liste actuelle ?"
_3S.CoDeSys.Compiler35220.Resources.CompilerStrings.fr.resources,POUsDownloaded,"Le code des modules suivants est chargé."
_3S.CoDeSys.Compiler35220.Resources.CompilerStrings.fr.resources,POUUnit,"Modules"
_3S.CoDeSys.Compiler35220.Resources.CompilerStrings.fr.resources,ProjectUpToDate,"L’application est actuelle"
_3S.CoDeSys.Compiler35220.Resources.CompilerStrings.fr.resources,Retain_Text,"Données rémanentes"
_3S.CoDeSys.Compiler35220.Resources.CompilerStrings.fr.resources,StoppingPrecompileChecks,"Arrêt des contrôles de précompilation..."
_3S.CoDeSys.Compiler35220.Resources.CompilerStrings.fr.resources,TooLongStringLiteralHint,"...({0} caractères supplémentaires)..."
_3S.CoDeSys.Compiler35220.Resources.CompilerStrings.fr.resources,TotalMemorySizeCodeAndData,"Taille totale de mémoire allouée aux codes et données : {0} octets"
_3S.CoDeSys.Compiler35220.Resources.CompilerStrings.fr.resources,TypifyAll,"Affecter un type à un code..."
_3S.CoDeSys.Compiler35220.Resources.CompilerStrings.fr.resources,UnknownMacroText,"Inconnu"
_3S.CoDeSys.Compiler35220.Resources.CompilerStrings.fr.resources,VariablesAffected,"Les variables suivantes sont concernées par le changement en ligne :"
_3S.CoDeSys.Compiler35220.Resources.CompilerStrings.fr.resources,WaitForDownloadInfoSaving,"Attendre la fin de l’écriture du fichier compileinfo"
_3S.CoDeSys.Compiler35220.Resources.CompilerStrings.fr.resources,WarningLimitExceeded,"Plus de {0} erreurs survenues : Tous les autres messages d’erreur sont omis"
_3S.CoDeSys.Compiler35220.Resources.ErrorMessages.fr.resources,Err_AbstractAndFinalNotPossible,"Une méthode ou un bloc fonctionnel ne peuvent pas être ABSTRACT ni FINAL"
_3S.CoDeSys.Compiler35220.Resources.ErrorMessages.fr.resources,Err_AbstractAndPrivateNotPossible,"Une méthode PRIVATE ne peut pas être ABSTRACT"
_3S.CoDeSys.Compiler35220.Resources.ErrorMessages.fr.resources,Err_AbstractFunctionBlockAssigned,"Le bloc fonctionnel {0} est ABSTRACT et ne peut pas servir de cible pour une attribution"
_3S.CoDeSys.Compiler35220.Resources.ErrorMessages.fr.resources,Err_AbstractFunctionBlockInstance,"Un bloc fonctionnel {0} est ABSTRACT et ne peut pas être instancié"
_3S.CoDeSys.Compiler35220.Resources.ErrorMessages.fr.resources,Err_AbstractMethodMustNotContainAnyStatements,"La méthode ABSTRACT {0}.{1} ne peut pas contenir d’instructions"
_3S.CoDeSys.Compiler35220.Resources.ErrorMessages.fr.resources,Err_AbstractMethodNotImplemented,"Aucune implémentation pour la méthode ABSTRACT '{0}' définie dans le bloc fonctionnel '{1}'"
_3S.CoDeSys.Compiler35220.Resources.ErrorMessages.fr.resources,Err_AbstractMethodOnlyInAbstractFunctionblock,"La méthode ABSTRACT {0} exige que le bloc fonctionnel {1} soit ABSTRACT également"
_3S.CoDeSys.Compiler35220.Resources.ErrorMessages.fr.resources,Err_AbstractMethodStaticCall,"La méthode ABSTRACT '{0}' ne peut pas être appelée par un appel statique"
_3S.CoDeSys.Compiler35220.Resources.ErrorMessages.fr.resources,Err_AbstractOnFunctionBlocksAndMethodsOnly,"ABSTRACT ne peut être appliqué que sur des méthodes et des blocs fonctionnels"
_3S.CoDeSys.Compiler35220.Resources.ErrorMessages.fr.resources,Err_AbstractPropertyNotImplemented,"Aucune implémentation pour {0} de la propriété ABSTRACT '{1}' définie dans le bloc fonctionnel '{2}'"
_3S.CoDeSys.Compiler35220.Resources.ErrorMessages.fr.resources,Err_AbstractPropertyStaticCall,"Accès statique à la propriété ABSTRACT '{0}' impossible"
_3S.CoDeSys.Compiler35220.Resources.ErrorMessages.fr.resources,Err_AbstractWrongVarInMethod,"Seules les entrées, les sorties et les E/S sont autorisées dans les méthodes ABSTRACT"
_3S.CoDeSys.Compiler35220.Resources.ErrorMessages.fr.resources,Err_AccessOutsideOfCall,"Impossible d’accéder à l’entrée '{0}' de '{1}' en dehors de l’appel"
_3S.CoDeSys.Compiler35220.Resources.ErrorMessages.fr.resources,Err_AccessToInternalObject,"Pas d’accès à l’objet interne {0} de la bibliothèque {1}"
_3S.CoDeSys.Compiler35220.Resources.ErrorMessages.fr.resources,Err_AccessToInternalProperty,"Pas d’accès à la propriété interne {0} de la bibliothèque {1}"
_3S.CoDeSys.Compiler35220.Resources.ErrorMessages.fr.resources,Err_AccessToInternalVariable,"Pas d’accès à la variable interne {0} de la bibliothèque {1}"
_3S.CoDeSys.Compiler35220.Resources.ErrorMessages.fr.resources,Err_AccessVarInstFromOutsideTheDeclaringMethod,"Accès à VAR_INST '{0}' de '{1}' impossible en dehors de la méthode de déclaration"
_3S.CoDeSys.Compiler35220.Resources.ErrorMessages.fr.resources,Err_AddressExpected,"Adresse directe après 'AT' attendue à la place de '{0}'"
_3S.CoDeSys.Compiler35220.Resources.ErrorMessages.fr.resources,Err_AddressMisaligned,"L’adresse {0} est incorrectement alignée sur le type de données {1}"
_3S.CoDeSys.Compiler35220.Resources.ErrorMessages.fr.resources,Err_AddressOfNonInstanceVar,"Une instance est requise au lieu d'un nom de type dans l'adresse de l'expression '{0}'"
_3S.CoDeSys.Compiler35220.Resources.ErrorMessages.fr.resources,Err_AddressOutOfRange,"Adresse '{0}' en dehors de la plage admissible : Décalage calculé : {1} octets, taille : {2} octets"
_3S.CoDeSys.Compiler35220.Resources.ErrorMessages.fr.resources,Err_AddressSourceIsAddressDest,"La variable '{0}' était située sur l'adresse '{1}'. Cette adresse accueille maintenant la variable '{2}'. Ce changement n'est pas possible via un changement en ligne."
_3S.CoDeSys.Compiler35220.Resources.ErrorMessages.fr.resources,Err_Ambiguity,"Utilisation ambiguë du nom '{0}'"
_3S.CoDeSys.Compiler35220.Resources.ErrorMessages.fr.resources,Err_AnyTypeOnlyInFunction,"Les variables de type '{0}' ne sont autorisées que comme entrée de fonctions"
_3S.CoDeSys.Compiler35220.Resources.ErrorMessages.fr.resources,Err_ApplicationConflict,"Il existe deux applications avec le même nom '{0}' sur l’appareil '{1}'"
_3S.CoDeSys.Compiler35220.Resources.ErrorMessages.fr.resources,Err_ArrayBorderIsNoConstant,"La limite de zone de tableau '{0}' n’est pas une valeur constante"
_3S.CoDeSys.Compiler35220.Resources.ErrorMessages.fr.resources,Err_ArrayBorderNoValidSignedInteger,"L'évaluation d'une bordure de tableau {0} ne donne pas une constante de nombre entier signée et valide"
_3S.CoDeSys.Compiler35220.Resources.ErrorMessages.fr.resources,Err_ArrayIndexNumWrong,"Le tableau exige exactement {0} indices"
_3S.CoDeSys.Compiler35220.Resources.ErrorMessages.fr.resources,Err_ArrayInitialisationCountNoConstant,"Le numéro '{0}' de l’initialisation de tableau n’est pas une valeur constante"
_3S.CoDeSys.Compiler35220.Resources.ErrorMessages.fr.resources,Err_ArrayInitialisationNotPossible,"Une initialisation de tableau n’est pas possible en tant que paramètre d’appel de fonction Init. Utilisez à la place une variable"
_3S.CoDeSys.Compiler35220.Resources.ErrorMessages.fr.resources,Err_ArrayInitializationExpected,"Initialisation de tableau attendue"
_3S.CoDeSys.Compiler35220.Resources.ErrorMessages.fr.resources,Err_ATDeclarationNotAllowed,"Une déclaration AT n'est autorisée qu'à l'intérieur d'une section VAR"
_3S.CoDeSys.Compiler35220.Resources.ErrorMessages.fr.resources,Err_AtLeastOneExpected,"Au moins une instruction est attendue"
_3S.CoDeSys.Compiler35220.Resources.ErrorMessages.fr.resources,Err_AttributeNameExpected,"Pour une valeur d’attribut, une chaîne de caractères à un seul octet est attendue à la place de {0}"
_3S.CoDeSys.Compiler35220.Resources.ErrorMessages.fr.resources,Err_AttributeNotAllowedFor,"Attribut '{0}' pas autorisé pour '{1}'"
_3S.CoDeSys.Compiler35220.Resources.ErrorMessages.fr.resources,Err_AttributeNotValidForNonExternalPOU,"L'attribut '{0}' n'est pas autorisé pour les POU externes"
_3S.CoDeSys.Compiler35220.Resources.ErrorMessages.fr.resources,Err_BaseClassNotFound,"Pas de définition trouvée pour la base '{0}'"
_3S.CoDeSys.Compiler35220.Resources.ErrorMessages.fr.resources,Err_BaseNotAllowed,"L’expression 'SUPER' n’est pas autorisée dans ce contexte"
_3S.CoDeSys.Compiler35220.Resources.ErrorMessages.fr.resources,Err_Bitaccessnoconst,"L’accès binaire nécessite un libellé ou une constante symbolique de type entier"
_3S.CoDeSys.Compiler35220.Resources.ErrorMessages.fr.resources,Err_BitAccessOnlyOnInt,"L'accès binaire n'est possible qu'à des types entiers."
_3S.CoDeSys.Compiler35220.Resources.ErrorMessages.fr.resources,Err_BitAdrOnOperation,"L'opérateur BITADR n'est autorisé que pour les variables, pas pour les opérateurs"
_3S.CoDeSys.Compiler35220.Resources.ErrorMessages.fr.resources,Err_BitNrOverflow,"'{0}' n’est pas un numéro de bit valide pour '{1}'"
_3S.CoDeSys.Compiler35220.Resources.ErrorMessages.fr.resources,Err_BitsForStructureOnly,"Seuls les structures et les blocs fonctionnels peuvent contenir des variables de type BIT."
_3S.CoDeSys.Compiler35220.Resources.ErrorMessages.fr.resources,Err_BitsWrongScope,"Les variables de type BIT doivent être définies dans un bloc VAR_INPUT, VAR_OUTPUT ou VAR."
_3S.CoDeSys.Compiler35220.Resources.ErrorMessages.fr.resources,Err_BlobInitError,"Valeur constante attendue à la place de '{0}'"
_3S.CoDeSys.Compiler35220.Resources.ErrorMessages.fr.resources,Err_CalcNeedsCall,"Le deuxième paramètre d’un appel conditionnel doit être une instruction d’appel valide"
_3S.CoDeSys.Compiler35220.Resources.ErrorMessages.fr.resources,Err_CallAfterInitHasInputs,"Une méthode marquée de '{0}' ne peut pas avoir d'entrées."
_3S.CoDeSys.Compiler35220.Resources.ErrorMessages.fr.resources,Err_CalleeInvalidType,"Nom de programme, fonction ou instance de bloc fonctionnel attendu à la place de '{0}'"
_3S.CoDeSys.Compiler35220.Resources.ErrorMessages.fr.resources,Err_CallOfPrivateMethod,"Pas d’accès à la méthode privée {0}.{1}"
_3S.CoDeSys.Compiler35220.Resources.ErrorMessages.fr.resources,Err_CallOfPrivateProperty,"Pas d’accès à la propriété privée {0}.{1}"
_3S.CoDeSys.Compiler35220.Resources.ErrorMessages.fr.resources,Err_CallOfProtectedMethod,"Pas d’accès à la méthode protégée {0}.{1}"
_3S.CoDeSys.Compiler35220.Resources.ErrorMessages.fr.resources,Err_CallOfProtectedProperty,"Pas d’accès à la propriété protégée {0}.{1}"
_3S.CoDeSys.Compiler35220.Resources.ErrorMessages.fr.resources,Err_CallRecursion,"Récursion d’appel : {0}"
_3S.CoDeSys.Compiler35220.Resources.ErrorMessages.fr.resources,Err_CancelledByUser,"Compilation annulée par l’utilisateur"
_3S.CoDeSys.Compiler35220.Resources.ErrorMessages.fr.resources,Err_CannotAddMultipleTime,"Plusieurs opérandes de type '{0}' ne peuvent pas être additionnés"
_3S.CoDeSys.Compiler35220.Resources.ErrorMessages.fr.resources,Err_CannotMultiplyMultipleTime,"Plusieurs opérandes de type '{0}' ne peuvent pas être multipliés"
_3S.CoDeSys.Compiler35220.Resources.ErrorMessages.fr.resources,Err_CantHaveBaseClass,"Le mot-clé EXTENDS ne peut pas être utilisé avec le type {0}"
_3S.CoDeSys.Compiler35220.Resources.ErrorMessages.fr.resources,Err_CaseLabelDuplicate,"Étiquette 'CASE' double"
_3S.CoDeSys.Compiler35220.Resources.ErrorMessages.fr.resources,Err_CaseLabelInCaseRange,"L’étiquette CASE {0} est également contenue dans la zone {1} .. {2}"
_3S.CoDeSys.Compiler35220.Resources.ErrorMessages.fr.resources,Err_CaseLabelNoConstant,"L’étiquette CASE nécessite un libellé ou une constante symbolique du type entier"
_3S.CoDeSys.Compiler35220.Resources.ErrorMessages.fr.resources,Err_CaseLabelOutsideOfCase,"L’étiquette CASE est en dehors de l’instruction CASE"
_3S.CoDeSys.Compiler35220.Resources.ErrorMessages.fr.resources,Err_CaseRangesOverlapping,"CASE contient des zones chevauchées {0} .. {1} et {2} .. {3}"
_3S.CoDeSys.Compiler35220.Resources.ErrorMessages.fr.resources,Err_CheckLicenseNeedsSysTarget,"Les bibliothèques SysTarget et 3S License sont requises pour l'opérateur __CHECKLICENSE"
_3S.CoDeSys.Compiler35220.Resources.ErrorMessages.fr.resources,Err_CompareNotPossible1,"Comparaison impossible pour les objets de type '{0}'"
_3S.CoDeSys.Compiler35220.Resources.ErrorMessages.fr.resources,Err_CompareNotPossible2,"Comparaison impossible pour les objets de type '{0}' ou '{1}'"
_3S.CoDeSys.Compiler35220.Resources.ErrorMessages.fr.resources,Err_ComparisonOperatorExpected,"Opérateur de comparaison attendu au lieu de '{0}'"
_3S.CoDeSys.Compiler35220.Resources.ErrorMessages.fr.resources,Err_CompilerVersionError,"La version de compilateur {0} a été retirée. Veuillez utiliser à la place une version de compilateur plus élevée."
_3S.CoDeSys.Compiler35220.Resources.ErrorMessages.fr.resources,Err_CompoAccessNoStruct,"'{0}' n’est pas une variable structurée"
_3S.CoDeSys.Compiler35220.Resources.ErrorMessages.fr.resources,Err_ConditionExpected,"Condition attendue"
_3S.CoDeSys.Compiler35220.Resources.ErrorMessages.fr.resources,Err_ConstantIndexOutOfRange,"L’indice de constante '{0}' est en dehors de la plage de '{1}' à '{2}'"
_3S.CoDeSys.Compiler35220.Resources.ErrorMessages.fr.resources,Err_ConstantOverflow,"La constante '{0}' est trop grande pour le type '{1}'"
_3S.CoDeSys.Compiler35220.Resources.ErrorMessages.fr.resources,Err_ContainsNoDefinition,"'{0}' ne contient pas de définition pour '{1}'"
_3S.CoDeSys.Compiler35220.Resources.ErrorMessages.fr.resources,Err_CounterStartExpected,"Initialisation de variable de comptage attendue"
_3S.CoDeSys.Compiler35220.Resources.ErrorMessages.fr.resources,Err_DataRecursion,"Récursion de données : {0}"
_3S.CoDeSys.Compiler35220.Resources.ErrorMessages.fr.resources,Err_DeclarationKeywordNotAllowed,"'{0}' n’est pas autorisé à cet endroit"
_3S.CoDeSys.Compiler35220.Resources.ErrorMessages.fr.resources,Err_DefineValueExpected,"Valeur Define attendue à la place de '{0}'"
_3S.CoDeSys.Compiler35220.Resources.ErrorMessages.fr.resources,Err_DeleteNeedsPointer,"L’opérande de __DELETE doit être un pointeur."
_3S.CoDeSys.Compiler35220.Resources.ErrorMessages.fr.resources,Err_DerefNoPointer,"Le déréférencement nécessite un pointeur"
_3S.CoDeSys.Compiler35220.Resources.ErrorMessages.fr.resources,Err_DeviceNameNoIdent,"Nom d'appareil '{0}' non autorisé. Doit être un identificateur CEI 61131-3 valide"
_3S.CoDeSys.Compiler35220.Resources.ErrorMessages.fr.resources,Err_DeviceNotInstalled,"L'appareil n'est pas disponible dans l'installation. Aucune génération de code possible."
_3S.CoDeSys.Compiler35220.Resources.ErrorMessages.fr.resources,Err_DivisionByZero,"Division par zéro"
_3S.CoDeSys.Compiler35220.Resources.ErrorMessages.fr.resources,Err_DuplicateElseInCaseStatement,"Double définition ELSE dans une instruction CASE"
_3S.CoDeSys.Compiler35220.Resources.ErrorMessages.fr.resources,Err_DuplicateLabelDefinition,"Étiquette '{0}' définie plusieurs fois"
_3S.CoDeSys.Compiler35220.Resources.ErrorMessages.fr.resources,Err_DuplicateVarConfig,"Dupliquer VAR_CONFIG pour '{0}'"
_3S.CoDeSys.Compiler35220.Resources.ErrorMessages.fr.resources,Err_DynamicMemoryNotSupported,"Mémoire insuffisante pour la création dynamique d’objets n’est définie pour l’application '{0}'."
_3S.CoDeSys.Compiler35220.Resources.ErrorMessages.fr.resources,Err_ExplicitTransitionAssignMissing,"Le code de transition contient des instructions multiples. L’attribution explicite à la variable de sortie de transition est requise."
_3S.CoDeSys.Compiler35220.Resources.ErrorMessages.fr.resources,Err_ExpressionExpectedInstead,"Expression attendue à la place de '{0}'"
_3S.CoDeSys.Compiler35220.Resources.ErrorMessages.fr.resources,Err_ExprNoConstantError,"Valeur constante attendue à la place de '{0}'"
_3S.CoDeSys.Compiler35220.Resources.ErrorMessages.fr.resources,Err_FCallExpectedPointerAsSecondArgument,"Le deuxième argument de FCall doit être un pointeur vers une fonction."
_3S.CoDeSys.Compiler35220.Resources.ErrorMessages.fr.resources,Err_FCallWrongCallPatternSignature,"Le premier argument de FCall doit être un type de signature utilisé comme modèle pour l’appel."
_3S.CoDeSys.Compiler35220.Resources.ErrorMessages.fr.resources,Err_FCallWrongNumberOfArguments,"FCall exige précisément 2+{0} arguments."
_3S.CoDeSys.Compiler35220.Resources.ErrorMessages.fr.resources,Err_FeatureNotImplemented,"La propriété '{0}' n’est pas implémentée"
_3S.CoDeSys.Compiler35220.Resources.ErrorMessages.fr.resources,Err_FinalOnFunctionBlocksAndMethodsOnly,"FINAL ne peut être appliqué que sur des méthodes et des blocs fonctionnels."
_3S.CoDeSys.Compiler35220.Resources.ErrorMessages.fr.resources,Err_FunctionBlockNeedsInstance,"Le bloc fonctionnel '{0}' doit être instancié pour permettre l’accès"
_3S.CoDeSys.Compiler35220.Resources.ErrorMessages.fr.resources,Err_FunctionBlockNoLongerValid,"Le mot-clé FUNCTIONBLOCK n'est plus pris en charge. Veuillez utiliser à la place FUNCTION_BLOCK"
_3S.CoDeSys.Compiler35220.Resources.ErrorMessages.fr.resources,Err_FunctionCallMixedStyle,"Dans les appels de fonction, soit tous, soit aucun paramètre formel ne doit être attribué explicitement"
_3S.CoDeSys.Compiler35220.Resources.ErrorMessages.fr.resources,Err_FunNeedsAtLeastNInputs,"La fonction '{0}' nécessite au moins '{1}' et maximum '{2}' entrées"
_3S.CoDeSys.Compiler35220.Resources.ErrorMessages.fr.resources,Err_FunNeedsNInputs,"La fonction '{0}' nécessite exactement '{1}' entrées"
_3S.CoDeSys.Compiler35220.Resources.ErrorMessages.fr.resources,Err_GeneratingVarInitializations,"Une ou plusieurs valeurs d'initialisation pour des variables sont non valides"
_3S.CoDeSys.Compiler35220.Resources.ErrorMessages.fr.resources,Err_GenericDeclarationProducesErrorInGeneratedCode,"Le type de déclaration '{0}' entraîne des erreurs dans le code de Bloc fonctionnel générique"
_3S.CoDeSys.Compiler35220.Resources.ErrorMessages.fr.resources,Err_GenericNoInitialValueSupported,"Aucune valeur d'initialisation prise en charge pour la déclaration de génériques Constant"
_3S.CoDeSys.Compiler35220.Resources.ErrorMessages.fr.resources,Err_GenericNoInteger,"Seuls les types entiers sont autorisés pour les génériques Constant"
_3S.CoDeSys.Compiler35220.Resources.ErrorMessages.fr.resources,Err_GenericNotConstant,"La définition '{0}' pour le générique Constant '{1}' n’est pas une valeur constante"
_3S.CoDeSys.Compiler35220.Resources.ErrorMessages.fr.resources,Err_GenericOnlyConst,"Seuls les génériques CONSTANT sont pris en charge dans la déclaration VAR_GENERIC"
_3S.CoDeSys.Compiler35220.Resources.ErrorMessages.fr.resources,Err_GenericOnWrongPosition,"La déclaration VAR_GENERIC n’est autorisée dans les blocs fonctionnels qu’après le nom du bloc fonctionnel"
_3S.CoDeSys.Compiler35220.Resources.ErrorMessages.fr.resources,Err_GenericParamMissing,"Initialisation manquante pour la variable générique '{0}'"
_3S.CoDeSys.Compiler35220.Resources.ErrorMessages.fr.resources,Err_GenericParamsAllExplicitOrNone,"Toutes les variables génériques doivent être explicitement assignées ou aucune ne doit l'être"
_3S.CoDeSys.Compiler35220.Resources.ErrorMessages.fr.resources,Err_GenericParamUnknown,"'{0}' n'est pas une constante générique déclarée du bloc fonctionnel '{1}'"
_3S.CoDeSys.Compiler35220.Resources.ErrorMessages.fr.resources,Err_GenericWrongNumberOfInitializer,"Le bloc fonctionnel générique '{0}' exige précisément '{1}' nombre de définitions de génériques Constant"
_3S.CoDeSys.Compiler35220.Resources.ErrorMessages.fr.resources,Err_GlobalVariableListExpected,"VAR_GLOBAL de VAR_CONFIG attendu à la place de {0}"
_3S.CoDeSys.Compiler35220.Resources.ErrorMessages.fr.resources,Err_IdentifierExpected,"Identificateur attendu à la place de '{0}'"
_3S.CoDeSys.Compiler35220.Resources.ErrorMessages.fr.resources,Err_IdentNotDefined,"Identificateur '{0}' non défini"
_3S.CoDeSys.Compiler35220.Resources.ErrorMessages.fr.resources,Err_IllegalOperator,"'{0}' n’est pas un opérateur ST valide"
_3S.CoDeSys.Compiler35220.Resources.ErrorMessages.fr.resources,Err_ImplicitEnumerationTypeNotExpected,"Un type d'énumération implicite n'est pas attendu ici"
_3S.CoDeSys.Compiler35220.Resources.ErrorMessages.fr.resources,Err_ImplicitMethodImplementationNotPublic,"Bloc fonctionnel '{0}' : l'accès aux méthodes ""FB_Init"", ""FB_Exit"" et ""FB_ReInit"" doit être PUBLIC"
_3S.CoDeSys.Compiler35220.Resources.ErrorMessages.fr.resources,Err_ImplicitMethodNameForVariable,"{0} est le nom pour une méthode créée implicitement et n’est pas autorisé pour des variables au sein de blocs fonctionnels"
_3S.CoDeSys.Compiler35220.Resources.ErrorMessages.fr.resources,Err_ImplicitReferenceTypeDeclNotAllowed,"Aucune déclaration d'un type de référence implicite n'est possible ici"
_3S.CoDeSys.Compiler35220.Resources.ErrorMessages.fr.resources,Err_ImplicitReferenceTypeOnlChangeError,"Il est impossible d'ajouter un type local de référence implicite via un changement en ligne"
_3S.CoDeSys.Compiler35220.Resources.ErrorMessages.fr.resources,Err_ImplicitRefTypeAllClassesNeedAttrib,"Le bloc fonctionnel héritier se distingue par son utilisation de l'attribut '{0}'"
_3S.CoDeSys.Compiler35220.Resources.ErrorMessages.fr.resources,Err_ImplicitRefTypeDeclarationNotAllowed,"Le type de référence implicite '{0}' ne peut pas être déclaré dans ce type"
_3S.CoDeSys.Compiler35220.Resources.ErrorMessages.fr.resources,Err_ImplicitRefTypeIsnotAllowedAsBase,"Les types de référence implicites ne peuvent pas être un type de base de références, de pointeurs ou de tableaux"
_3S.CoDeSys.Compiler35220.Resources.ErrorMessages.fr.resources,Err_ImplicitRefTypeSignNotSupported,"Seuls les blocs fonctionnels et les structures peuvent être caractérisés comme types de référence implicites"
_3S.CoDeSys.Compiler35220.Resources.ErrorMessages.fr.resources,Err_IncompletePOUDeclaration,"La déclaration POU est incomplète sans nom"
_3S.CoDeSys.Compiler35220.Resources.ErrorMessages.fr.resources,Err_InconsistentInheritanceOfCPPCompatibility,"Héritage incohérent de compatibilité C++. Attribut pour '{0}' manque."
_3S.CoDeSys.Compiler35220.Resources.ErrorMessages.fr.resources,Err_InconsistentUseOfCPPCompatibility,"Utilisation incohérente de compatibilité C++. Attribut pour '{0}' manque."
_3S.CoDeSys.Compiler35220.Resources.ErrorMessages.fr.resources,Err_InconsistentUseOfCPPCompatibility_MissingParent,"Utilisation incohérente de compatibilité C++. Attribut pour pou parent '{0}' manque."
_3S.CoDeSys.Compiler35220.Resources.ErrorMessages.fr.resources,Err_IndexingInvalid,"L’indexation avec '[]' ne peut pas être appliquée sur une expression avec le type '{0}'"
_3S.CoDeSys.Compiler35220.Resources.ErrorMessages.fr.resources,Err_IndexNumWrong,"La variable de type '{0}' nécessite exactement un indice"
_3S.CoDeSys.Compiler35220.Resources.ErrorMessages.fr.resources,Err_IndexOfNotSupported,"L'opérateur INDEXOF n'est plus pris en charge. utilisez à la place ADR. Si ADR est appliqué sur un nom de POU, un pointeur sur le code POU est retourné."
_3S.CoDeSys.Compiler35220.Resources.ErrorMessages.fr.resources,Err_InheritanceError,"L’héritage est autorisé uniquement dans des blocs fonctionnels, des interfaces et des structures"
_3S.CoDeSys.Compiler35220.Resources.ErrorMessages.fr.resources,Err_IniNeedsUserdefType,"L’opérateur INI a besoin d’une instance de bloc fonctionnel ou d’une instance DUT"
_3S.CoDeSys.Compiler35220.Resources.ErrorMessages.fr.resources,Err_InOutAccessOutside,"Accès externe au paramètre VAR_IN_OUT '{0}' de '{1}'."
_3S.CoDeSys.Compiler35220.Resources.ErrorMessages.fr.resources,Err_InOutAssignedInActionCall,"VAR_IN_OUT {0} ne peut pas être mappé dans l’appel d’action local '{1}'"
_3S.CoDeSys.Compiler35220.Resources.ErrorMessages.fr.resources,Err_InOutNotAssigned,"VAR_IN_OUT '{0}' doit être attribué à l’appel de '{1}'"
_3S.CoDeSys.Compiler35220.Resources.ErrorMessages.fr.resources,Err_InOutParamNotEqual,"Le type '{0}' ne correspond pas au type '{1}' de VAR_IN_OUT '{2}' ou REFERENCE"
_3S.CoDeSys.Compiler35220.Resources.ErrorMessages.fr.resources,Err_InputMissing,"L’attribution d’entrée est manquante pour le paramètre '{0}' à l’appel de '{1}'"
_3S.CoDeSys.Compiler35220.Resources.ErrorMessages.fr.resources,Err_InstanceNotAllowedInRetain,"Les instances de '{0}' ne sont pas autorisées dans les données rémanentes"
_3S.CoDeSys.Compiler35220.Resources.ErrorMessages.fr.resources,Err_IntegerLiteralExpected,"Libellé entier attendu à la place de {0}"
_3S.CoDeSys.Compiler35220.Resources.ErrorMessages.fr.resources,Err_InterfaceChanged,"L’interface de la méthode surchargée '{0}' de l’interface '{1}' ne concorde pas avec la déclaration"
_3S.CoDeSys.Compiler35220.Resources.ErrorMessages.fr.resources,Err_InterfaceChanged_NumberOfInputsOutputsDifferent,"Le nombre d’entrées/sorties de la méthode '{0}' ne correspond pas à l’interface '{1}'."
_3S.CoDeSys.Compiler35220.Resources.ErrorMessages.fr.resources,Err_InterfaceChanged_VariableDifferent,"La variable '{0}' de la méthode '{1}' ne correspond pas à l’interface '{2}'."
_3S.CoDeSys.Compiler35220.Resources.ErrorMessages.fr.resources,Err_InterfaceChangedBase,"L’interface de la méthode surchargée '{0}' de la base '{1}' ne concorde pas avec la déclaration"
_3S.CoDeSys.Compiler35220.Resources.ErrorMessages.fr.resources,Err_InterfaceImplementationError,"Les interfaces ne peuvent être implémentées que par des blocs fonctionnels"
_3S.CoDeSys.Compiler35220.Resources.ErrorMessages.fr.resources,Err_InterfaceMethodImplementationNotPublic,"L’implémentation de la méthode d’interface '{0}' du bloc fonctionnel '{1}' doit être PUBLIC"
_3S.CoDeSys.Compiler35220.Resources.ErrorMessages.fr.resources,Err_InterfaceNeedsInstance,"L’interface '{0}' doit être instanciée pour qu’il soit possible d’y accéder"
_3S.CoDeSys.Compiler35220.Resources.ErrorMessages.fr.resources,Err_InterfaceNotFound,"Aucune définition trouvée pour l’interface '{0}'"
_3S.CoDeSys.Compiler35220.Resources.ErrorMessages.fr.resources,Err_InternalErrorProhibitingOnlineChange,"Une erreur interne {0} empêche tout changement en ligne ! Nettoyage et téléchargement de l'application requis."
_3S.CoDeSys.Compiler35220.Resources.ErrorMessages.fr.resources,Err_InvalidAccessPathForNamespaceAccess,"'{0}' n’est pas un chemin d'accès valide"
_3S.CoDeSys.Compiler35220.Resources.ErrorMessages.fr.resources,Err_InvalidBaseForGlobalScopeExpression,"L’opérateur de domaine global '.' ne peut pas être utilisé sur l’expression '{0}'"
_3S.CoDeSys.Compiler35220.Resources.ErrorMessages.fr.resources,Err_InvalidEnumBaseType,"Seuls les types entiers sont pris en charge comme type de base enum"
_3S.CoDeSys.Compiler35220.Resources.ErrorMessages.fr.resources,Err_InvalidEnumDefaultValue,"Seuls les composants locaux d'énumération peuvent être utilisés en tant que valeurs d'initialisation par défaut d'une énumération"
_3S.CoDeSys.Compiler35220.Resources.ErrorMessages.fr.resources,Err_InvalidInitialisationForArray,"{0} est une initialisation non valide pour la constante {1}. Les valeurs d'initialisation des constantes doivent être des constantes."
_3S.CoDeSys.Compiler35220.Resources.ErrorMessages.fr.resources,Err_InvalidInitialisationForVarInst,"La valeur initiale pour une variable VAR_INST ne peut pas utiliser de variables locales."
_3S.CoDeSys.Compiler35220.Resources.ErrorMessages.fr.resources,Err_InvalidJumpDestination,"Destination non valide {0} pour JMP"
_3S.CoDeSys.Compiler35220.Resources.ErrorMessages.fr.resources,Err_InvalidLoopIncrement,"Incrément de boucle non valide"
_3S.CoDeSys.Compiler35220.Resources.ErrorMessages.fr.resources,Err_InvalidNamespaceForNamespaceAccess,"'{0}' n’est pas un espace de noms valide"
_3S.CoDeSys.Compiler35220.Resources.ErrorMessages.fr.resources,Err_InvalidSignatureName,"Le nom '{0}' n’est pas un identificateur valide"
_3S.CoDeSys.Compiler35220.Resources.ErrorMessages.fr.resources,Err_IsNoInput,"'{0}' n’est pas une entrée de '{1}'"
_3S.CoDeSys.Compiler35220.Resources.ErrorMessages.fr.resources,Err_IsNoLValue,"'{0}' n’est pas une destination d’attribution valide"
_3S.CoDeSys.Compiler35220.Resources.ErrorMessages.fr.resources,Err_IsNoOutput,"'{0}' n’est pas une sortie de '{1}'"
_3S.CoDeSys.Compiler35220.Resources.ErrorMessages.fr.resources,Err_IsValidRefNeedsReference,"L'opérande pour __ISVALIDREF doit être de type REFERENCE"
_3S.CoDeSys.Compiler35220.Resources.ErrorMessages.fr.resources,Err_LibNamespaceConflict,"L'espace de noms local '{0}' de la bibliothèque '{1}' masque l'espace de noms de la bibliothèque '{2}'"
_3S.CoDeSys.Compiler35220.Resources.ErrorMessages.fr.resources,Err_LibraryConflict,"Espace de noms pas univoque '{0}' défini par la bibliothèque '{1}'"
_3S.CoDeSys.Compiler35220.Resources.ErrorMessages.fr.resources,Err_LibraryNamespaceNotValid,"L'espace de noms {0} de la bibliothèque {1} n'est pas un identificateur valide"
_3S.CoDeSys.Compiler35220.Resources.ErrorMessages.fr.resources,Err_LibraryWithUnicodeIdentifiers,"La bibliothèque '{0}' a été enregistrée à l’aide d’identificateurs Unicode et ne peut être utilisée que si le projet prend également en charge les identificateurs Unicode (voir les options de compilation)."
_3S.CoDeSys.Compiler35220.Resources.ErrorMessages.fr.resources,Err_LibSupports32BitOnly,"La bibliothèque '{0}' n'est prise en charge que dans les applications 32 bit"
_3S.CoDeSys.Compiler35220.Resources.ErrorMessages.fr.resources,Err_LiteralExpected,"Libellé attendu à la place de '{0}'"
_3S.CoDeSys.Compiler35220.Resources.ErrorMessages.fr.resources,Err_LowerGreaterUpperBorder,"La limite inférieure doit être inférieure à la valeur limite supérieure."
_3S.CoDeSys.Compiler35220.Resources.ErrorMessages.fr.resources,Err_LowerUpperBoundOnVariableLengthArrayOnly,"Les opérateurs LOWER_BOUND et UPPER_BOUND ne sont pris en charge que pour les tableaux"
_3S.CoDeSys.Compiler35220.Resources.ErrorMessages.fr.resources,Err_LowerUpperBoundOperandNotExactly,"La valeur du 2e opérande de l'opérateur {0} doit être 1 dans ce cas"
_3S.CoDeSys.Compiler35220.Resources.ErrorMessages.fr.resources,Err_LowerUpperBoundOperandNotInRange,"La valeur du 2e opérande de l'opérateur {0} doit être entre 1 et {1} dans ce cas"
_3S.CoDeSys.Compiler35220.Resources.ErrorMessages.fr.resources,Err_LValueForAnyVar,"Le paramètre ANY '{0}' de '{1}' nécessite une variable avec accès en écriture comme entrée"
_3S.CoDeSys.Compiler35220.Resources.ErrorMessages.fr.resources,Err_LValueForReference,"L’attribution de référence nécessite une variable avec accès en écriture"
_3S.CoDeSys.Compiler35220.Resources.ErrorMessages.fr.resources,Err_LValueForVarinout,"Le paramètre VAR_IN_OUT ou REFERENCE '{0}' de '{1}' nécessite une variable avec accès en écriture comme entrée"
_3S.CoDeSys.Compiler35220.Resources.ErrorMessages.fr.resources,Err_LValueForVarinoutStrings,"Le paramètre VAR_IN_OUT ou REFERENCE '{0}' de '{1}' nécessite une variable avec accès en écriture comme entrée"
_3S.CoDeSys.Compiler35220.Resources.ErrorMessages.fr.resources,Err_LValueNoRefType,"L’attribution de référence est autorisée uniquement pour des variables de types de référence"
_3S.CoDeSys.Compiler35220.Resources.ErrorMessages.fr.resources,Err_MalformedAddress,"Adresse directe '{0}' incorrectement représentée"
_3S.CoDeSys.Compiler35220.Resources.ErrorMessages.fr.resources,Err_MappedVarWrittenInDiffTasks,"La variable {0} mappée sur l'adresse {1} est écrite dans différentes tâches"
_3S.CoDeSys.Compiler35220.Resources.ErrorMessages.fr.resources,Err_MaxArraySizeExceeded,"Taille maximale de tableau dépassée. Augmentez la limite inférieure ou réduisez la limite supérieure."
_3S.CoDeSys.Compiler35220.Resources.ErrorMessages.fr.resources,Err_MaxNestingDepthExceeded,"Profondeur maximale d'imbrication dépassée. "
_3S.CoDeSys.Compiler35220.Resources.ErrorMessages.fr.resources,Err_MissingImplementationTerminator,"Impossible de trouver le terminateur '{0}' pour le bloc d'implémentation."
_3S.CoDeSys.Compiler35220.Resources.ErrorMessages.fr.resources,Err_MissingInstancePathForPersistent,"Aucun chemin d'instance adéquat trouvé pour la variable {0} dans la liste VAR_PERSISTENT. Utilisez la commande ""Ajouter tous les chemins d'instance"" pour ajouter tous les chemins d'instance à la liste VAR_PERSISTENT. (voir l'aide pour davantage de détails)"
_3S.CoDeSys.Compiler35220.Resources.ErrorMessages.fr.resources,Err_MissingObjectForPersistent,"Aucune liste VAR_PERSISTENT disponible pour l’application, permettant d’entrer le chemin d'instance pour la variable {0}"
_3S.CoDeSys.Compiler35220.Resources.ErrorMessages.fr.resources,Err_MissingParameterList,"{0} '{1}' référencé sans parenthèses '()'"
_3S.CoDeSys.Compiler35220.Resources.ErrorMessages.fr.resources,Err_ModNotReal,"MOD n’est pas défini pour REAL"
_3S.CoDeSys.Compiler35220.Resources.ErrorMessages.fr.resources,Err_Multiassigninfor,"Exactement une variable de comptage attendue pour l’instruction FOR"
_3S.CoDeSys.Compiler35220.Resources.ErrorMessages.fr.resources,Err_MultipleAssignmentsNotAllowedForOperator,"Les attributions multiples ne sont pas autorisées pour l’opérateur '{0}'."
_3S.CoDeSys.Compiler35220.Resources.ErrorMessages.fr.resources,Err_MultipleAssignmentsToInterfaceVariables,"Les attributions multiples aux variables d'interface ne sont pas autorisées"
_3S.CoDeSys.Compiler35220.Resources.ErrorMessages.fr.resources,Err_MultipleAssignmentWithChangingValueTypes,"Les attributions multiples de types de valeur avec des transtypages implicites ne sont pas autorisées"
_3S.CoDeSys.Compiler35220.Resources.ErrorMessages.fr.resources,Err_MultipleAssignmentWithProperty,"Les propriétés ne peuvent pas être utilisées au centre d’attributions multiples."
_3S.CoDeSys.Compiler35220.Resources.ErrorMessages.fr.resources,Err_MultipleAssignmentWithReferences,"Les attributions multiples de références à des blocs fonctionnels ou des structures de données ne sont pas autorisées"
_3S.CoDeSys.Compiler35220.Resources.ErrorMessages.fr.resources,Err_MultipleAssignsToSameInputInCall,"Attribution multiple d'entrée pour le paramètre '{0}'"
_3S.CoDeSys.Compiler35220.Resources.ErrorMessages.fr.resources,Err_NamesNotEqual,"Le nom utilisé dans l'interface n'est pas identique au nom de l'objet"
_3S.CoDeSys.Compiler35220.Resources.ErrorMessages.fr.resources,Err_NewArrayOnUserdefNotAllowed,"La création d’un tableau avec __NEW n’est pas autorisée pour les types définis par l'utilisateur"
_3S.CoDeSys.Compiler35220.Resources.ErrorMessages.fr.resources,Err_NewNeedsType,"Une définition de type est attendue comme opérande pour __NEW"
_3S.CoDeSys.Compiler35220.Resources.ErrorMessages.fr.resources,Err_NewOnInterfaceNotPossible,"__NEW n’est pas possible pour des interfaces"
_3S.CoDeSys.Compiler35220.Resources.ErrorMessages.fr.resources,Err_NewOnlyWithAttribute,"Un bloc fonctionnel ou une structure a besoin de l’attribut '{{attribute 'enable_dynamic_creation'}}' pour être créé avec __NEW."
_3S.CoDeSys.Compiler35220.Resources.ErrorMessages.fr.resources,Err_NewPositionNotOK,"Le résultat de __NEW doit être attribué"
_3S.CoDeSys.Compiler35220.Resources.ErrorMessages.fr.resources,Err_NoArrayOfBit,"BIT n’est pas autorisé comme type de base d’un tableau"
_3S.CoDeSys.Compiler35220.Resources.ErrorMessages.fr.resources,Err_NoAssign,"Attribution non autorisée pour type {0}"
_3S.CoDeSys.Compiler35220.Resources.ErrorMessages.fr.resources,Err_NoBitAccessOnFunctionCall,"L’accès binaire à un appel de fonction n’est pas admis."
_3S.CoDeSys.Compiler35220.Resources.ErrorMessages.fr.resources,Err_NoBitTypeOnBitAddress,"Le type {0} n’est pas possible sur l’adresse binaire {1}"
_3S.CoDeSys.Compiler35220.Resources.ErrorMessages.fr.resources,Err_NoBranchOutOfFinally,"Branche à partir du bloc __FINALLY n’est pas autorisé"
_3S.CoDeSys.Compiler35220.Resources.ErrorMessages.fr.resources,Err_NoBytesInRetain,"Un type de données structuré se trouvant dans la zone de fichiers rémanente ne peut pas contenir de BYTE, SINT ni USINT"
_3S.CoDeSys.Compiler35220.Resources.ErrorMessages.fr.resources,Err_NoCallInInstancePath,"Il est impossible d'exécuter un accès de composant '.', un accès d'index '[]' ou un appel '()' sur le résultat d'un appel de fonction. Assignez tout d'abord le résultat à une variable."
_3S.CoDeSys.Compiler35220.Resources.ErrorMessages.fr.resources,Err_NoCallInInterfaceComparison,"Il est impossible de comparer une interface qui est la valeur renvoyée d'un appel. Assignez-la tout d'abord à une variable."
_3S.CoDeSys.Compiler35220.Resources.ErrorMessages.fr.resources,Err_NoCaseLabelFound,"Pas d’étiquette CASE trouvée"
_3S.CoDeSys.Compiler35220.Resources.ErrorMessages.fr.resources,Err_NoChangeOnAccessModifier,"La méthode {0}.{1} ne peut pas changer le modificateur d’accès ''{2}'' si elle écrit par dessus la méthode {3}.{1}"
_3S.CoDeSys.Compiler35220.Resources.ErrorMessages.fr.resources,Err_NoCodegenerator,"Échec de la création d’un générateur de code. Le plug-in requis n'est pas installé"
_3S.CoDeSys.Compiler35220.Resources.ErrorMessages.fr.resources,Err_NoComponentOf,"'{0}' n’est pas un composant de '{1}'"
_3S.CoDeSys.Compiler35220.Resources.ErrorMessages.fr.resources,Err_NoConstantInitialisationForValue,"Constante '{0}' pas initialisée avec une valeur constante."
_3S.CoDeSys.Compiler35220.Resources.ErrorMessages.fr.resources,Err_NoCopyCodeAllowed,"Le déplacement de ce module à une nouvelle position n'est pas autorisé pendant un changement en ligne"
_3S.CoDeSys.Compiler35220.Resources.ErrorMessages.fr.resources,Err_NoCopyCodeForVariableAtDirectAddress,"une variable à une adresse directe ne peut pas changer son type lors d'un changement en ligne"
_3S.CoDeSys.Compiler35220.Resources.ErrorMessages.fr.resources,Err_NoDirectAddressInSubsequentVarDecl,"La déclaration de variable '{0}' avec une attribution d'adresse ne peut pas être utilisée dans un PRG ou une liste de variables globales avec l'attribut 'subsequent'."
_3S.CoDeSys.Compiler35220.Resources.ErrorMessages.fr.resources,Err_NoEnclosingLoopExit,"Aucune instruction de boucle enveloppante ne peut être utilisée sur le {0}"
_3S.CoDeSys.Compiler35220.Resources.ErrorMessages.fr.resources,Err_NoExitOrContinueOutOfCatch,"Quitter ou Continuer à partir du bloc __CATCH n’est pas autorisé"
_3S.CoDeSys.Compiler35220.Resources.ErrorMessages.fr.resources,Err_NoExitOrContinueOutOfTry,"Quitter ou Continuer à partir du bloc __TRY n’est pas autorisé"
_3S.CoDeSys.Compiler35220.Resources.ErrorMessages.fr.resources,Err_NoExplicitCall,"Pas d’appels explicites autorisés pour '{0}'. {1}. "
_3S.CoDeSys.Compiler35220.Resources.ErrorMessages.fr.resources,Err_NoFormalParamsCallsForExtensibleFunction,"Aucune attribution d'entrée explicite possible pour l'appel de la fonction extensible {0}"
_3S.CoDeSys.Compiler35220.Resources.ErrorMessages.fr.resources,Err_NoGenericInstanceInVarConst,"Les instances d’un Bloc fonctionnel générique ne peuvent pas être déclarées constantes"
_3S.CoDeSys.Compiler35220.Resources.ErrorMessages.fr.resources,Err_NoGlobalDefine,"Définition globale pour '{0}' pas disponible"
_3S.CoDeSys.Compiler35220.Resources.ErrorMessages.fr.resources,Err_NoIndirectPropertyCallOnStringWithSize,"L’accès indirect à l’appel de propriété de type {0} n’est pas possible car seuls les types avec longueur explicitement spécifiée sont pris en charge."
_3S.CoDeSys.Compiler35220.Resources.ErrorMessages.fr.resources,Err_NoInheritanceOnFinalType,"'{0}' avec l’attribut FINAL ne peut pas être utilisé comme base"
_3S.CoDeSys.Compiler35220.Resources.ErrorMessages.fr.resources,Err_NoInitialForExternal,"Pour VAR_EXTERNAL {0}, aucune valeur initiale n'est autorisée."
_3S.CoDeSys.Compiler35220.Resources.ErrorMessages.fr.resources,Err_NoInitialForInoutConstant,"Aucune valeur initiale n'est autorisée pour VAR_INOUT CONSTANT {0}."
_3S.CoDeSys.Compiler35220.Resources.ErrorMessages.fr.resources,Err_NoInputMemory,"Aucune mémoire d’entrée n’a été réservée"
_3S.CoDeSys.Compiler35220.Resources.ErrorMessages.fr.resources,Err_NoInputsWithSlotAttributes,"Pas d'entrées autorisées dans la signature '{0}' avec l'attribut '{1}'"
_3S.CoDeSys.Compiler35220.Resources.ErrorMessages.fr.resources,Err_NoInstanceObject,"'{0}' est de type {1} et ne peut pas être instancié"
_3S.CoDeSys.Compiler35220.Resources.ErrorMessages.fr.resources,Err_NoInstancePath,"Aucun VAR_CONFIG pour '{0}'"
_3S.CoDeSys.Compiler35220.Resources.ErrorMessages.fr.resources,Err_NoLocalEnum,"Les énumérations locales ne sont plus prises en charge. Veuillez utiliser à la place une définition DUT."
_3S.CoDeSys.Compiler35220.Resources.ErrorMessages.fr.resources,Err_NoMatchingInitMethodFound,"Aucune méthode 'FB_Init' correspondante trouvée pour l’instanciation de {0}"
_3S.CoDeSys.Compiler35220.Resources.ErrorMessages.fr.resources,Err_NoMatchingOverload,"Aucune surcharge correspondante trouvée pour la méthode '{0}'"
_3S.CoDeSys.Compiler35220.Resources.ErrorMessages.fr.resources,Err_NoMemoryAllocationCallback,"Échec de la création d’un allocateur de mémoire : le plug-in requis n’est pas installé"
_3S.CoDeSys.Compiler35220.Resources.ErrorMessages.fr.resources,Err_NoMemoryMemory,"Aucune mémoire n’a été réservée"
_3S.CoDeSys.Compiler35220.Resources.ErrorMessages.fr.resources,Err_NoMemoryReserveForExternal,"L'utilisation d'une réserve de mémoire pour les blocs fonctionnels externes n'est pas prise en charge"
_3S.CoDeSys.Compiler35220.Resources.ErrorMessages.fr.resources,Err_NoMethodImplementation,"Aucune implémentation pour la méthode '{0}' de l’interface '{1}'"
_3S.CoDeSys.Compiler35220.Resources.ErrorMessages.fr.resources,Err_NoMixExternalIECInheritance,"Une POU d'extension doit être implémentée de la même manière que sa base (externe ou sous CEI)."
_3S.CoDeSys.Compiler35220.Resources.ErrorMessages.fr.resources,Err_NoMultipleInheritance,"Un seul bloc fonctionnel de base peut être défini dans la liste EXTENDS"
_3S.CoDeSys.Compiler35220.Resources.ErrorMessages.fr.resources,Err_NoNamespace,"'{0}' n’indique pas un espace de noms"
_3S.CoDeSys.Compiler35220.Resources.ErrorMessages.fr.resources,Err_NoNewAssignmentInOtherExpression,"Il n'est pas possible d'utiliser une expression d'affectation avec l'opérateur __NEW dans une autre expression. Utilisez plutôt la variable de pointeur."
_3S.CoDeSys.Compiler35220.Resources.ErrorMessages.fr.resources,Err_NoOnlineChangeOnDynamicObjects,"Impossible d’effectuer un changement en ligne qui modifie la taille d’un type créé de manière dynamique."
_3S.CoDeSys.Compiler35220.Resources.ErrorMessages.fr.resources,Err_NoOnlineChangeOnGenericConstantBaseType,"Dans la déclaration de BaseType {0}, la valeur de la constante {1} est passée de {2} à {3} : tout changement en ligne est impossible !"
_3S.CoDeSys.Compiler35220.Resources.ErrorMessages.fr.resources,Err_NoOnlineChangeOnGenericConstantType,"Dans la déclaration de Variable {0}, la valeur de la constante {1} est passée de {2} à {3} : tout changement en ligne est impossible !"
_3S.CoDeSys.Compiler35220.Resources.ErrorMessages.fr.resources,Err_NoOnlineChangePossible,"Aucun changement en ligne possible. Effectuez un téléchargement complet "
_3S.CoDeSys.Compiler35220.Resources.ErrorMessages.fr.resources,Err_NoOutputMemory,"Aucune mémoire de sortie n’a été réservée"
_3S.CoDeSys.Compiler35220.Resources.ErrorMessages.fr.resources,Err_NoOutsideAccessToGenericVariable,"Aucun accès externe au générique Constant '{0}' du bloc fonctionnel '{1}'"
_3S.CoDeSys.Compiler35220.Resources.ErrorMessages.fr.resources,Err_NoOverrideOnFinalMethod,"Bloc fonctionnel '{0}' : impossible de redéfinir la méthode {1}.{2} avec le modificateur d'accès FINAL"
_3S.CoDeSys.Compiler35220.Resources.ErrorMessages.fr.resources,Err_NoOverrideOnInternalMethod,"Bloc fonctionnel '{0}' : impossible de redéfinir la méthode {1}.{2} dans la bibliothèque {3} avec le modificateur d'accès INTERNAL"
_3S.CoDeSys.Compiler35220.Resources.ErrorMessages.fr.resources,Err_NoOverrideOnPrivateMethod,"Bloc fonctionnel '{0}' : impossible de redéfinir la méthode {1}.{2} avec le modificateur d'accès PRIVATE"
_3S.CoDeSys.Compiler35220.Resources.ErrorMessages.fr.resources,Err_NoPointerToBit,"POINTER TO BIT n’est pas autorisé"
_3S.CoDeSys.Compiler35220.Resources.ErrorMessages.fr.resources,Err_NoPropertiesInOutAssignment,"Une propriété ne peut pas être assignée dans une attribution de sortie d'un appel. Utilisez à la place une variable temporaire."
_3S.CoDeSys.Compiler35220.Resources.ErrorMessages.fr.resources,Err_NoPropertyForVarInout,"Impossible d’attribuer des propriétés à VAR_IN_OUT."
_3S.CoDeSys.Compiler35220.Resources.ErrorMessages.fr.resources,Err_NoReadAccessToProperty,"La propriété '{0}' ne peut pas être utilisée dans ce contexte car elle ne possède pas d’accesseur Get"
_3S.CoDeSys.Compiler35220.Resources.ErrorMessages.fr.resources,Err_NoReferenceToBits,"Les références à des bits ne sont pas possibles."
_3S.CoDeSys.Compiler35220.Resources.ErrorMessages.fr.resources,Err_NoReferenceToOutput,"Les sorties ne peuvent pas être du type REFERENCE TO"
_3S.CoDeSys.Compiler35220.Resources.ErrorMessages.fr.resources,Err_NoResolutionForLazyVariable,"Impossible de résoudre le type de la variable typée Lazy '{0}'"
_3S.CoDeSys.Compiler35220.Resources.ErrorMessages.fr.resources,Err_NoResolutionForSomeLazyVariables,"Le type des variables lazy dans cette signature n'a pas pu être déduit."
_3S.CoDeSys.Compiler35220.Resources.ErrorMessages.fr.resources,Err_NoStaticVariableInitialisationForValue,"Initialisation de la variable statique '{0}' pas constante ou constantes remplacées désactivées"
_3S.CoDeSys.Compiler35220.Resources.ErrorMessages.fr.resources,Err_NoSuchLabel,"Étiquette '{0}' dans la plage de l’instruction 'JMP' non définie."
_3S.CoDeSys.Compiler35220.Resources.ErrorMessages.fr.resources,Err_NoSystemDefine,"Aucune définition de système n’existe pour '{0}'"
_3S.CoDeSys.Compiler35220.Resources.ErrorMessages.fr.resources,Err_NotAllowedInContainerLib,"'{0}' n’est pas autorisé dans la bibliothèque de conteneur"
_3S.CoDeSys.Compiler35220.Resources.ErrorMessages.fr.resources,Err_NotAllowedInInterfaceLib,"'{0}' n’est pas autorisé dans la bibliothèque d’interface"
_3S.CoDeSys.Compiler35220.Resources.ErrorMessages.fr.resources,Err_NotAllowedInTaskLocalVariables,"Liste de variables locales Tâche '{0}' : '{1}' n’est pas autorisé"
_3S.CoDeSys.Compiler35220.Resources.ErrorMessages.fr.resources,Err_NotAnInstanceOf,"'{0}' n’est pas une instance de '{1}'"
_3S.CoDeSys.Compiler35220.Resources.ErrorMessages.fr.resources,Err_NotEnoughMemoryForCompactDownload,"Mémoire insuffisante pour téléchargement compact dans la première zone de code. Impossible d'allouer '{0}' octets"
_3S.CoDeSys.Compiler35220.Resources.ErrorMessages.fr.resources,Err_NotEnoughMemoryForVariableInit,"Mémoire insuffisante pour l’initialisation de la variable '{0}'. '{1}' octets requis"
_3S.CoDeSys.Compiler35220.Resources.ErrorMessages.fr.resources,Err_NotSupportedInInterface,"Ce code n’est pas pris en charge dans la partie déclaration"
_3S.CoDeSys.Compiler35220.Resources.ErrorMessages.fr.resources,Err_NoValidCondition,"'{0}' n’est pas une condition valide"
_3S.CoDeSys.Compiler35220.Resources.ErrorMessages.fr.resources,Err_NoValidConditionforPragma,"'{0}' n’est pas une condition pragma valide"
_3S.CoDeSys.Compiler35220.Resources.ErrorMessages.fr.resources,Err_NoValidEnumInit,"{0} n’est pas une initialisation valide pour une énumération"
_3S.CoDeSys.Compiler35220.Resources.ErrorMessages.fr.resources,Err_NoValidInstancePath,"'{0}' n’est pas un chemin d'instance valide"
_3S.CoDeSys.Compiler35220.Resources.ErrorMessages.fr.resources,Err_NoValidOperand,"'{0}' n’est pas un opérande valide"
_3S.CoDeSys.Compiler35220.Resources.ErrorMessages.fr.resources,Err_NoValidOperandforPragma,"'{0}' n’est pas un opérande de pragma valide"
_3S.CoDeSys.Compiler35220.Resources.ErrorMessages.fr.resources,Err_NoValidStatement,"'{0}' n’est pas une instruction valide"
_3S.CoDeSys.Compiler35220.Resources.ErrorMessages.fr.resources,Err_NoValuePassingForCPPExternal,"Les fonctions compatibles CPP ne peuvent pas contenir d’entrées ni de sorties de type STRING, ARRAY ou structuré. Utilisez POINTER ou REFEFRENCE à ce type à la place."
_3S.CoDeSys.Compiler35220.Resources.ErrorMessages.fr.resources,Err_NoVarConfigInMethodOrFunction,"Les adresses incomplètes ne sont pas autorisées dans les méthodes et les fonctions"
_3S.CoDeSys.Compiler35220.Resources.ErrorMessages.fr.resources,Err_NoVarForExternal,"Pas de définition globale trouvée pour VAR_EXTERNAL {0}"
_3S.CoDeSys.Compiler35220.Resources.ErrorMessages.fr.resources,Err_NoVarInputInPropertyAccessors,"Il est interdit de définir des variables d'entrée dans les accesseurs de propriété : {0} : {1}"
_3S.CoDeSys.Compiler35220.Resources.ErrorMessages.fr.resources,Err_NoVarsinInterface,"Les déclarations de variables ne sont pas autorisées dans les définitions d’interface"
_3S.CoDeSys.Compiler35220.Resources.ErrorMessages.fr.resources,Err_NoVarTempInSubsequentPrograms,"VAR_TEMP n’est pas possible dans les programmes ayant l’attribut ''subsequent''"
_3S.CoDeSys.Compiler35220.Resources.ErrorMessages.fr.resources,Err_NumOfInitializersDoNotMatch,"Le nombre d'initialiseurs FB_Init ({0}) ne correspond pas au nombre d'éléments de tableau ({1})"
_3S.CoDeSys.Compiler35220.Resources.ErrorMessages.fr.resources,Err_OneAccessorRequired,"La propriété '{0}' nécessite au moins un accesseur"
_3S.CoDeSys.Compiler35220.Resources.ErrorMessages.fr.resources,Err_OnlyMethodsOverride,"Impossible de surcharger {0} {1} de {2} : seules les méthodes peuvent être surchargées"
_3S.CoDeSys.Compiler35220.Resources.ErrorMessages.fr.resources,Err_OperationNotPossibleOnType,"L’opérateur '{0}' ne peut pas être utilisé sur le type '{1}'"
_3S.CoDeSys.Compiler35220.Resources.ErrorMessages.fr.resources,Err_Operator1of2Expected,"'{0}' ou '{1}' attendu à la place de '{2}'"
_3S.CoDeSys.Compiler35220.Resources.ErrorMessages.fr.resources,Err_Operator1of3Expected,"'{0}', '{1}' ou '{2}' attendu à la place de '{3}'"
_3S.CoDeSys.Compiler35220.Resources.ErrorMessages.fr.resources,Err_Operator1of3ExpectedInsteadofEOF,"Fin de fichier inattendue trouvée : '{0}', '{1}' ou '{2}' attendu"
_3S.CoDeSys.Compiler35220.Resources.ErrorMessages.fr.resources,Err_Operator1of4Expected,"'{0}', '{1}', '{2}' ou '{3}' attendu à la place de '{4}'"
_3S.CoDeSys.Compiler35220.Resources.ErrorMessages.fr.resources,Err_OperatorExpected,"'{0}' attendu à la place de '{1}'"
_3S.CoDeSys.Compiler35220.Resources.ErrorMessages.fr.resources,Err_OperatorExpectedInsteadofEOF,"Fin de fichier inattendue trouvée : '{0}' attendu"
_3S.CoDeSys.Compiler35220.Resources.ErrorMessages.fr.resources,Err_OperatorNotAllowedAtPosition,"L'utilisation de l'opérateur '{0}' n'est pas autorisée dans cette instruction"
_3S.CoDeSys.Compiler35220.Resources.ErrorMessages.fr.resources,Err_OperatorNotSupported,"Opérateur '{0}' pas pris en charge"
_3S.CoDeSys.Compiler35220.Resources.ErrorMessages.fr.resources,Err_OperatorNotSupportedVersion,"L’opérateur {0} n'est pas pris en charge sur votre appareil cible actuel. Le système d'exécution doit au minimum être de la version {1}."
_3S.CoDeSys.Compiler35220.Resources.ErrorMessages.fr.resources,Err_OperatorNoValidVariableName,"L'opérateur '{0}' n'est pas un nom valide pour une variable"
_3S.CoDeSys.Compiler35220.Resources.ErrorMessages.fr.resources,Err_OpNeedsAtLeastInputs,"'{0}' nécessite au moins {1} opérandes"
_3S.CoDeSys.Compiler35220.Resources.ErrorMessages.fr.resources,Err_OpNeedsExactInputs,"'{0}' nécessite exactement '{1}' opérandes"
_3S.CoDeSys.Compiler35220.Resources.ErrorMessages.fr.resources,Err_OpTakesAtMostInputs,"'{0}' nécessite au plus '{1}' opérandes"
_3S.CoDeSys.Compiler35220.Resources.ErrorMessages.fr.resources,Err_OutOfCodeMemory,"Mémoire de programme insuffisante : POU {0}, {1} octets. (Une compilation incrémentale peut provoquer la fragmentation de la mémoire. Exécuter ''Compiler'' ''Nettoyer'' afin de forcer la nouvelle allocation de toutes les données et des codes.)"
_3S.CoDeSys.Compiler35220.Resources.ErrorMessages.fr.resources,Err_OutOfMemory,"Mémoire globale des données insuffisante : variable {0}, {1} octets. (Une compilation incrémentale peut provoquer la fragmentation de la mémoire. Exécuter ''Créer'' ''Nettoyer'' afin de forcer la nouvelle allocation de toutes les données et des codes.)"
_3S.CoDeSys.Compiler35220.Resources.ErrorMessages.fr.resources,Err_OutOfMemoryFunctionPointer,"Plus de mémoire globale de données disponible : impossible d’affecter le pointeur de fonction pour la fonction '{0}'"
_3S.CoDeSys.Compiler35220.Resources.ErrorMessages.fr.resources,Err_OutOfMemoryWithWholeSize,"Mémoire de données globale insuffisante : variable '{0}', {1} octets (plus grand espace mémoire contigu {2}). Une compilation incrémentale ou l'ajout de variables aux listes des variables persistantes peut provoquer la fragmentation de la mémoire. Exécutez la commande ''Déclarations, Trier à nouveau la liste et nettoyer les espaces vides'' afin de compacter la liste des variables persistantes, ou ''Compiler, Nettoyer'' afin de forcer la nouvelle allocation pour d’autres données et codes."
_3S.CoDeSys.Compiler35220.Resources.ErrorMessages.fr.resources,Err_OutOfPersistentMemoryExplicit,"Mémoire persistante insuffisante : Variable '{0}', {1} octets (le plus grand espace mémoire contigu {2}). La modification de la liste de variables persistantes peut provoquer la fragmentation de la mémoire. Exécutez la commande « Déclarations, Trier à nouveau la liste et nettoyer les espaces vides » afin de comprimer la liste des variables persistantes. {3}"
_3S.CoDeSys.Compiler35220.Resources.ErrorMessages.fr.resources,Err_OutOfPersistentMemoryImplicit,"Mémoire persistante insuffisante {0}"
_3S.CoDeSys.Compiler35220.Resources.ErrorMessages.fr.resources,Err_OutOfRetainMemory,"En dehors de la mémoire rémanente : variable {0}, {1} octets. (Une compilation incrémentale peut provoquer la fragmentation de la mémoire. Exécuter ''Créer'' ''Nettoyer'' afin de forcer la nouvelle allocation de toutes les données et des codes.)"
_3S.CoDeSys.Compiler35220.Resources.ErrorMessages.fr.resources,Err_OutOfRetainMemoryWithWholeSize,"En dehors de la mémoire rémanente : variable {0}, {1} octets. (Taille totale disponible {2}) (Une compilation incrémentale peut provoquer la fragmentation de la mémoire. Exécuter ''Créer'' 'Nettoyer' afin de forcer la nouvelle allocation de toutes les données et des codes.)"
_3S.CoDeSys.Compiler35220.Resources.ErrorMessages.fr.resources,Err_OutParamNotEqual,"Le type '{0}' ne correspond pas au type '{1}' de VAR_OUTPUT '{2}'"
_3S.CoDeSys.Compiler35220.Resources.ErrorMessages.fr.resources,Err_OutputByteWrittenFromDifferentTasks,"Le même octet dans la mémoire de sortie est écrit dans différentes tâches."
_3S.CoDeSys.Compiler35220.Resources.ErrorMessages.fr.resources,Err_OverflowInAddress,"Dépassement de constante à l’adresse '{0}'"
_3S.CoDeSys.Compiler35220.Resources.ErrorMessages.fr.resources,Err_OverloadNeedsAttribute,"Il existe une autre méthode nommée '{0}'. Utilisez l'attribut {{attribute 'overloaded'}} si vous souhaitez définir des méthodes surchargées."
_3S.CoDeSys.Compiler35220.Resources.ErrorMessages.fr.resources,Err_OverloadWithSameInputs,"Il existe une autre surcharge pour '{0}' avec les mêmes types d'entrée."
_3S.CoDeSys.Compiler35220.Resources.ErrorMessages.fr.resources,Err_ParameterlistNotConst,"Une liste de paramètres doit être déclarée comme constante."
_3S.CoDeSys.Compiler35220.Resources.ErrorMessages.fr.resources,Err_ParamsNotAllowed,"Un paramètre 'PARAMS' doit être la dernière entrée d’une fonction ou méthode"
_3S.CoDeSys.Compiler35220.Resources.ErrorMessages.fr.resources,Err_PartialAccess_NotAValidComponent,"'%{1}{2}' n’est pas un composant partiel valide de '{0}'"
_3S.CoDeSys.Compiler35220.Resources.ErrorMessages.fr.resources,Err_PartialAccess_OnlyOnBitTypes,"L’accès partiel n’est pris en charge que sur les types ANY_BIT et non pas sur '{0}'"
_3S.CoDeSys.Compiler35220.Resources.ErrorMessages.fr.resources,Err_PersistentNoAddress,"Une déclaration d’adresse directe n’est pas possible dans des listes de variables persistantes"
_3S.CoDeSys.Compiler35220.Resources.ErrorMessages.fr.resources,Err_PersistentVariablesChangeMessageText,"Variables persistantes modifiées.Téléchargement annulé par l'utilisateur."
_3S.CoDeSys.Compiler35220.Resources.ErrorMessages.fr.resources,Err_PersistentWrongVariable,"Toutes les variables dans la liste persistante doivent être du type VAR_GLOBAL PERSISTENT ou VAR_GLOBAL PERSISTENT RETAIN"
_3S.CoDeSys.Compiler35220.Resources.ErrorMessages.fr.resources,Err_POUCalledFromDifferentTasks,"Le module {0} écrit sur sortie {1} et est appelé dans plusieurs tâches"
_3S.CoDeSys.Compiler35220.Resources.ErrorMessages.fr.resources,Err_PrivateOnMethodsOnly,"PRIVATE et PROTECTED ne peuvent être appliqués que sur des méthodes et des blocs fonctionnels"
_3S.CoDeSys.Compiler35220.Resources.ErrorMessages.fr.resources,Err_ProjectDefinedNotSupportedFor,"La condition 'project_defined' n’est pas prise en charge pour cette syntaxe car elle risque affecter l’interface publique de '{0}'."
_3S.CoDeSys.Compiler35220.Resources.ErrorMessages.fr.resources,Err_QueryInterfaceErrorP1,"Le premier opérande de __QueryInterface doit être une référence d'interface ou l’instance d'un bloc fonctionnel"
_3S.CoDeSys.Compiler35220.Resources.ErrorMessages.fr.resources,Err_QueryInterfaceErrorP2,"Le deuxième opérande de __QueryInterface doit être une référence interface."
_3S.CoDeSys.Compiler35220.Resources.ErrorMessages.fr.resources,Err_QueryInterfaceP1NoIQuery,"L'interface {0} n'étend pas {1}"
_3S.CoDeSys.Compiler35220.Resources.ErrorMessages.fr.resources,Err_QueryPointerErrorP1,"Le premier opérande de __QueryPointer doit être une référence d'interface ou une instance d'un bloc fonctionnel."
_3S.CoDeSys.Compiler35220.Resources.ErrorMessages.fr.resources,Err_QueryPointerErrorP2,"Le deuxième opérande de __QueryInterface doit être un pointeur"
_3S.CoDeSys.Compiler35220.Resources.ErrorMessages.fr.resources,Err_RecursiveConstantInitialisation,"Définition récursive de valeur constante"
_3S.CoDeSys.Compiler35220.Resources.ErrorMessages.fr.resources,Err_RefAssignNeedsLValue,"Une attribution de référence nécessite comme source d'attribution une variable avec accès en écriture"
_3S.CoDeSys.Compiler35220.Resources.ErrorMessages.fr.resources,Err_RefAssignOnlyForReferenceTypes,"L'initialisation avec REF= n'est autorisée que pour les variables de type REFERENCE TO"
_3S.CoDeSys.Compiler35220.Resources.ErrorMessages.fr.resources,Err_ReferenceNotAllowed,"Un type de référence ne peut pas être utilisé comme type de base d’un tableau, d’un pointeur ou d’une référence"
_3S.CoDeSys.Compiler35220.Resources.ErrorMessages.fr.resources,Err_ReferenceNotAllowedForVarInOut,"Un type de référence n’est pas autorisé comme type d'une VAR_IN_OUT"
_3S.CoDeSys.Compiler35220.Resources.ErrorMessages.fr.resources,Err_ReferenceToInput,"L'attribution de référence n'est pas possible sur une variable qui est mappée sur une adresse d'entrée"
_3S.CoDeSys.Compiler35220.Resources.ErrorMessages.fr.resources,Err_RelatedPositionInterface,"Position associée : méthode d’interface '{0} de l’interface {1}'."
_3S.CoDeSys.Compiler35220.Resources.ErrorMessages.fr.resources,Err_RelatedPositionTaskX,"Position associée : accès à la tâche {0}"
_3S.CoDeSys.Compiler35220.Resources.ErrorMessages.fr.resources,Err_RetainNotAccessiblePOU,"Le module {0} masque le nom de bibliothèque, l’accès aux éléments de bibliothèque n’est pas possible. Aucun code implicite n’est généré pour l’enregistrement des variables rémanentes {1}."
_3S.CoDeSys.Compiler35220.Resources.ErrorMessages.fr.resources,Err_RetainNotAccessibleVariable,"La variable {0} masque le nom de bibliothèque, l’accès aux éléments de bibliothèque n’est pas possible. Aucun code implicite n’est généré pour l’enregistrement des variables rémanentes {1}."
_3S.CoDeSys.Compiler35220.Resources.ErrorMessages.fr.resources,Err_RetainOrPersistentNotAllowed,"'RETAIN' ou 'PERSISTENT' ne sont pas autorisés en cet endroit"
_3S.CoDeSys.Compiler35220.Resources.ErrorMessages.fr.resources,Err_RetainsNotSupported,"Les données rémanentes ne sont pas prises en charge sur cet appareil"
_3S.CoDeSys.Compiler35220.Resources.ErrorMessages.fr.resources,Err_ReturnTypeForNonFunction,"Le type de retour est autorisé uniquement pour les fonctions et les méthodes"
_3S.CoDeSys.Compiler35220.Resources.ErrorMessages.fr.resources,Err_RValueRequired,"L’attribution ne possède aucune source valide"
_3S.CoDeSys.Compiler35220.Resources.ErrorMessages.fr.resources,Err_SelfInheritance,"Récursion dans l’interface : {0}"
_3S.CoDeSys.Compiler35220.Resources.ErrorMessages.fr.resources,Err_SelfInheritanceBase,"Récursion dans la liste de bloc fonctionnel de base : {0}"
_3S.CoDeSys.Compiler35220.Resources.ErrorMessages.fr.resources,Err_SelMuxOnlyEqualUserDefTypes,"Tous les types définis par l'utilisateur utilisés dans SEL ou MUX doivent être égaux"
_3S.CoDeSys.Compiler35220.Resources.ErrorMessages.fr.resources,Err_SemicolonExpected,"';' attendu à la place de '{0}'"
_3S.CoDeSys.Compiler35220.Resources.ErrorMessages.fr.resources,Err_SemicolonExpectedInsteadOfEnd,"';' attendu à la place de la fin de POU"
_3S.CoDeSys.Compiler35220.Resources.ErrorMessages.fr.resources,Err_SlotFunctionAmbiguousName,"Le module {0} avec attribut d’emplacement {1} n’a pas de nom univoque."
_3S.CoDeSys.Compiler35220.Resources.ErrorMessages.fr.resources,Err_SlotFunctionHiddenByVariable,"Impossible d’appeler le module {0} avec attribut d’emplacement {1} car il est masqué par la variable '{2}'."
_3S.CoDeSys.Compiler35220.Resources.ErrorMessages.fr.resources,Err_SomethingOverridingMethod,"{0} '{1}' surcharge la méthode d’interface '{2}'"
_3S.CoDeSys.Compiler35220.Resources.ErrorMessages.fr.resources,Err_SomethingOverridingMethodBase,"{0} '{1}' surcharge la méthode de base '{2}'"
_3S.CoDeSys.Compiler35220.Resources.ErrorMessages.fr.resources,Err_SpecialTypeExpected,"Une expression du type '{0}' est attendue ici"
_3S.CoDeSys.Compiler35220.Resources.ErrorMessages.fr.resources,Err_StackOverflowDetected,"Dépassement de pile détecté dans la tâche {0}. Taille maximum de pile : {1} octets. Taille de pile calculée : {2} octets. Appel hiérarchie :"
_3S.CoDeSys.Compiler35220.Resources.ErrorMessages.fr.resources,Err_StaticNotAllowed,"La déclaration 'VAR_STAT' n’est pas autorisée à cet endroit"
_3S.CoDeSys.Compiler35220.Resources.ErrorMessages.fr.resources,Err_StrictEnumNoArithmeticAllowed,"Les opérations mathématiques ne sont pas autorisées sur le type strict ENUM '{0}'"
_3S.CoDeSys.Compiler35220.Resources.ErrorMessages.fr.resources,Err_StrictEnumNotAMember,"'{0}' n'est pas une valeur valide pour le type strict ENUM '{1}'"
_3S.CoDeSys.Compiler35220.Resources.ErrorMessages.fr.resources,Err_StringLengthIsNoConstant,"La longueur de chaîne '{0}' n’est pas une valeur constante"
_3S.CoDeSys.Compiler35220.Resources.ErrorMessages.fr.resources,Err_StringLiteralExpected,"Littéral de chaîne attendu à la place de '{0}'"
_3S.CoDeSys.Compiler35220.Resources.ErrorMessages.fr.resources,Err_StringSizeExpected,"Longueur de la chaîne attendue après '('"
_3S.CoDeSys.Compiler35220.Resources.ErrorMessages.fr.resources,Err_StringTooShortForVarInOut,"Variable de chaîne '{0}' trop courte pour les paramètres VAR_IN_OUT '{1}' de '{2}'"
_3S.CoDeSys.Compiler35220.Resources.ErrorMessages.fr.resources,Err_StructInitOnlyInput,"'{0}' n’est pas une entrée de '{1}'"
_3S.CoDeSys.Compiler35220.Resources.ErrorMessages.fr.resources,Err_StructuredValueTypeInExternalCall,"Le type structuré '{0}' n’est pas autorisé dans un appel de fonction externe"
_3S.CoDeSys.Compiler35220.Resources.ErrorMessages.fr.resources,Err_StructureInitialisationNotPossible,"Une initialisation de structure n’est pas possible en tant que paramètre d’appel de fonction Init. Utilisez à la place une variable."
_3S.CoDeSys.Compiler35220.Resources.ErrorMessages.fr.resources,Err_StructureInitializationExpected,"Liste d'initialisation pour {0} attendue"
_3S.CoDeSys.Compiler35220.Resources.ErrorMessages.fr.resources,Err_StructureNotAllowed,"La déclaration 'STRUCT' est autorisée uniquement dans la définition DUT"
_3S.CoDeSys.Compiler35220.Resources.ErrorMessages.fr.resources,Err_SummarizedLibraryErrors,"{0} erreur(s) interne(s) dans la bibliothèque {1}"
_3S.CoDeSys.Compiler35220.Resources.ErrorMessages.fr.resources,Err_SystemOutOfMemory,"L'environnement de développement n'a pas suffisamment de mémoire pour exécuter le changement en ligne. Veuillez redémarrer l'application avant de poursuivre le développement."
_3S.CoDeSys.Compiler35220.Resources.ErrorMessages.fr.resources,Err_TaskLocalVariablesAccessNotAllowed,"Liste de variables locales Tâche '{0}' : accès en écriture autorisé uniquement dans la tâche '{1}'"
_3S.CoDeSys.Compiler35220.Resources.ErrorMessages.fr.resources,Err_TaskLocalVariablesNoOnlineChangePossible,"Liste de variables locales Tâche '{0}' modifiée. Aucun changement en ligne possible."
_3S.CoDeSys.Compiler35220.Resources.ErrorMessages.fr.resources,Err_TaskLocalVariablesWriterTaskNotDefined,"Liste de variables locales Tâche '{0}' : tâche Écriture pas définie"
_3S.CoDeSys.Compiler35220.Resources.ErrorMessages.fr.resources,Err_ThisNotAllowed,"L’utilisation de THIS n’est pas autorisée dans ce contexte"
_3S.CoDeSys.Compiler35220.Resources.ErrorMessages.fr.resources,Err_TooFewParametersForExtensibleFunction,"La fonction extensible {0} nécessite au moins {1} entrées pour le paramètre {2}"
_3S.CoDeSys.Compiler35220.Resources.ErrorMessages.fr.resources,Err_TooManyInitializer,"Trop d’initialiseurs pour le champ de données"
_3S.CoDeSys.Compiler35220.Resources.ErrorMessages.fr.resources,Err_TooManyParametersForExtensibleFunction,"La fonction extensible {0} accepte maximum {1} entrées pour le paramètre {2}"
_3S.CoDeSys.Compiler35220.Resources.ErrorMessages.fr.resources,Err_TryCatchNotSupported,"Traitement structuré des exceptions pas encore pris en charge"
_3S.CoDeSys.Compiler35220.Resources.ErrorMessages.fr.resources,Err_TryCatchNotSupportedCodegenerator,"Le générateur de code pour l'appareil actuel ne prend pas en charge le traitement structuré des exceptions"
_3S.CoDeSys.Compiler35220.Resources.ErrorMessages.fr.resources,Err_TryCatchNotSupportedVersion,"Le traitement structuré des exceptions n'est pas pris en charge sur votre appareil cible actuel. Le système d'exécution doit au minimum être de la version 3.5.6.0."
_3S.CoDeSys.Compiler35220.Resources.ErrorMessages.fr.resources,Err_TypeExpected,"Définition de type attendue à la place de '{0}'"
_3S.CoDeSys.Compiler35220.Resources.ErrorMessages.fr.resources,Err_TypeIsNotGeneric,"'{0}' n’est pas un bloc fonctionnel générique."
_3S.CoDeSys.Compiler35220.Resources.ErrorMessages.fr.resources,Err_TypeMismatch,"Le type '{0}' ne peut pas être converti en type '{1}'"
_3S.CoDeSys.Compiler35220.Resources.ErrorMessages.fr.resources,Err_TypesNotComparable,"Le type '{0}' ne peut pas être comparé avec le type '{1}'"
_3S.CoDeSys.Compiler35220.Resources.ErrorMessages.fr.resources,Err_UnexpectedArrayInitialisation,"Initialisation de tableau inattendue"
_3S.CoDeSys.Compiler35220.Resources.ErrorMessages.fr.resources,Err_UnexpectedOperandForCallInitFunction,"Opérande inattendu '{0}' trouvé dans '{1}'. Une liste de variables globales ou un PRG doivent être transmis comme paramètres."
_3S.CoDeSys.Compiler35220.Resources.ErrorMessages.fr.resources,Err_UnexpectedOperandForIndexOf,"Opérande inattendu '{0}' trouvé dans '{1}'"
_3S.CoDeSys.Compiler35220.Resources.ErrorMessages.fr.resources,Err_UnexpectedPragmaif,"Pragma inattendu : '{0}' trouvé sans 'if' afférent"
_3S.CoDeSys.Compiler35220.Resources.ErrorMessages.fr.resources,Err_UnexpectedStatement,"Instruction inattendue"
_3S.CoDeSys.Compiler35220.Resources.ErrorMessages.fr.resources,Err_UnexpectedStructureInitialisation,"Initialisation de structure inattendue"
_3S.CoDeSys.Compiler35220.Resources.ErrorMessages.fr.resources,Err_UnexpectedTokenFound,"Jeton inattendu '{0}' trouvé"
_3S.CoDeSys.Compiler35220.Resources.ErrorMessages.fr.resources,Err_UnexpectedTypeName,"Désignation de type '{0}' non attendue à cet endroit"
_3S.CoDeSys.Compiler35220.Resources.ErrorMessages.fr.resources,Err_UninitialisedVariableUsedInInitialisation,"La variable non initialisée {0} est utilisée pour l'initialisation de {1}. Utilisez l'attribut 'global_init_slot', pour modifier l'ordre de l'initialisation."
_3S.CoDeSys.Compiler35220.Resources.ErrorMessages.fr.resources,Err_UnionNotAllowed,"La déclaration UNION est uniquement autorisée dans la définition DUT"
_3S.CoDeSys.Compiler35220.Resources.ErrorMessages.fr.resources,Err_UnknownCompilerVersionInCompiledLib,"La version de compilateur ""{1}"" avec laquelle la bibliothèque compilée ""{0}"" a été créée est plus récente que la version de compilateur du projet ou est inconnue."
_3S.CoDeSys.Compiler35220.Resources.ErrorMessages.fr.resources,Err_UnknownEmbeddedLanguageType,"Type de langage incorporé inconnu '{0}'."
_3S.CoDeSys.Compiler35220.Resources.ErrorMessages.fr.resources,Err_UnknownMaxStackSize,"L'accès aux informations sur la tâche en cours d'exécution nécessite de connaître la taille maximale de la pile prise en charge sur le système cible"
_3S.CoDeSys.Compiler35220.Resources.ErrorMessages.fr.resources,Err_UnknownType,"Type inconnu : '{0}'"
_3S.CoDeSys.Compiler35220.Resources.ErrorMessages.fr.resources,Err_UnsupportedFeature,"La fonctionnalité de compilateur '{0}' est uniquement prise en charge avec la version {1} ou une version plus récente du compilateur"
_3S.CoDeSys.Compiler35220.Resources.ErrorMessages.fr.resources,Err_UnsupportedType,"Type non pris en charge : '{0}'"
_3S.CoDeSys.Compiler35220.Resources.ErrorMessages.fr.resources,Err_UpperBoundExpected,"L’instruction FOR nécessite une limite supérieure"
_3S.CoDeSys.Compiler35220.Resources.ErrorMessages.fr.resources,Err_UserCheckFunctionsNotSupported,"Les fonctions de vérification définies par l'utilisateur ne sont pas prises en charge"
_3S.CoDeSys.Compiler35220.Resources.ErrorMessages.fr.resources,Err_VarAccessNotSupported,"VAR_ACCESS n’est pas pris en charge"
_3S.CoDeSys.Compiler35220.Resources.ErrorMessages.fr.resources,Err_VarConfigNotAllowed,"La déclaration VAR_CONFIG est autorisée uniquement dans la liste VAR_CONFIG"
_3S.CoDeSys.Compiler35220.Resources.ErrorMessages.fr.resources,Err_VarGlobalNotAllowed,"La déclaration 'VAR_GLOBAL' est autorisée uniquement dans des listes de variables globales"
_3S.CoDeSys.Compiler35220.Resources.ErrorMessages.fr.resources,Err_VariableDeclarationExpected,"Une déclaration de variables attendue à la place de {0}"
_3S.CoDeSys.Compiler35220.Resources.ErrorMessages.fr.resources,Err_VariableDuplicate,"Une variable locale avec le nom '{0}' est déjà définie dans '{1}'."
_3S.CoDeSys.Compiler35220.Resources.ErrorMessages.fr.resources,Err_VariableForVarinoutConstant,"Le paramètre VAR_IN_OUT CONSTANT '{0}' de '{1}' nécessite une variable comme entrée"
_3S.CoDeSys.Compiler35220.Resources.ErrorMessages.fr.resources,Err_VariableListExpected,"VAR, VAR_INPUT, VAR_OUTPUT ou VAR_IN_OUT attendus à la place de {0}"
_3S.CoDeSys.Compiler35220.Resources.ErrorMessages.fr.resources,Err_VariableOverride,"Définition multiple de la variable '{0}' dans le bloc fonctionnel '{1}' et dans la base '{2}'"
_3S.CoDeSys.Compiler35220.Resources.ErrorMessages.fr.resources,Err_VarInstOnlyInMethods,"La déclaration 'VAR_INST' n’est pas autorisée à cet endroit"
_3S.CoDeSys.Compiler35220.Resources.ErrorMessages.fr.resources,Err_VarLengthArrayInOut,"Les tableaux de longueur variable ne sont autorisés qu'en tant que VAR_IN_OUT de blocs fonctionnels ou en tant que VAR_IN_OUT et VAR_INPUT de méthodes et fonctions"
_3S.CoDeSys.Compiler35220.Resources.ErrorMessages.fr.resources,Err_VarLengthArrayTopLevel,"Un type d'un tableau de longueur variable doit se trouver à la position la plus élevée d'une déclaration de type"
_3S.CoDeSys.Compiler35220.Resources.ErrorMessages.fr.resources,Err_VarTempNotAllowed,"La déclaration 'VAR_TEMP' n’est pas autorisée à cet endroit"
_3S.CoDeSys.Compiler35220.Resources.ErrorMessages.fr.resources,Err_VarTooBig,"La variable '{0}' est trop grande. (taille de variable : {1}, taille de segment: {2})"
_3S.CoDeSys.Compiler35220.Resources.ErrorMessages.fr.resources,Err_VectorBaseMustBeRealType,"Le type de base d'un vecteur doit être REAL ou LREAL."
_3S.CoDeSys.Compiler35220.Resources.ErrorMessages.fr.resources,Err_VectorNoPersistentRetain,"Un vecteur ne peut être déclaré persistant ou rémanent"
_3S.CoDeSys.Compiler35220.Resources.ErrorMessages.fr.resources,Err_VectorSizeIsNoConstant,"La taille d'un vecteur doit être une constante"
_3S.CoDeSys.Compiler35220.Resources.ErrorMessages.fr.resources,Err_VectorSizeNotValid,"La taille d'un vecteur doit être un entier supérieur à 0 et inférieur à 9"
_3S.CoDeSys.Compiler35220.Resources.ErrorMessages.fr.resources,Err_VectorTypeCantBePlacedInUnion,"Les types de vecteurs ne peuvent pas être placés dans des unions"
_3S.CoDeSys.Compiler35220.Resources.ErrorMessages.fr.resources,Err_VectorTypesNotCompatible,"Les types de vecteur {0} et {1} ne sont pas compatibles"
_3S.CoDeSys.Compiler35220.Resources.ErrorMessages.fr.resources,Err_VersionInvalidFormat,"Le jeton {0} n’est pas une version valide"
_3S.CoDeSys.Compiler35220.Resources.ErrorMessages.fr.resources,Err_VersionOverflow,"Au moins une partie de la version'{0}' a une valeur trop grande"
_3S.CoDeSys.Compiler35220.Resources.ErrorMessages.fr.resources,Err_VersionPartNegative,"Au moins une partie de la version'{0}' a une valeur négative"
_3S.CoDeSys.Compiler35220.Resources.ErrorMessages.fr.resources,Err_WrongCallAfterGlobalInitSlotSignature,"Une signature décorée de l’attribut 'call_after_global_init_slot' ne peut avoir aucun argument ou une seule entrée dénommée 'bInitRetains'."
_3S.CoDeSys.Compiler35220.Resources.ErrorMessages.fr.resources,Err_WrongConstructor,"La méthode FB_Init d’un bloc fonctionnel ou d’une structure nécessite deux entrées 'bInitRetains' et 'bInCopyCode' de type BOOL"
_3S.CoDeSys.Compiler35220.Resources.ErrorMessages.fr.resources,Err_WrongDestructor,"La méthode FB_Exit d’un bloc fonctionnel ou d’une structure doit avoir une seule entrée 'bInCopyCode' de type BOOL et une valeur renvoyée de type BOOL."
_3S.CoDeSys.Compiler35220.Resources.ErrorMessages.fr.resources,Err_WrongFormalParameter,"Paramètre formel incorrect : '{0}' est attendu à cet endroit"
_3S.CoDeSys.Compiler35220.Resources.ErrorMessages.fr.resources,Err_WrongObjectType,"L’objet de type '{0}' ne peut pas être appelé"
_3S.CoDeSys.Compiler35220.Resources.ErrorMessages.fr.resources,Err_WrongReInit,"La méthode FB_ReInit d’un bloc fonctionnel ou d’une structure ne doit avoir aucune entrée et une valeur renvoyée de type BOOL. Le FB_ReInit ne sera pas calculé automatiquement !"
_3S.CoDeSys.Compiler35220.Resources.ErrorMessages.fr.resources,Err_WrongTypeForAdr,"'{0}' n’est pas autorisé comme opérande pour 'ADR'"
_3S.CoDeSys.Compiler35220.Resources.ErrorMessages.fr.resources,Err_WrongTypeForExternal,"Erreur de définition de type pour VAR_EXTERNAL {0}"
_3S.CoDeSys.Compiler35220.Resources.ErrorMessages.fr.resources,Err_WrongVarInInterfaceMethod,"Dans les méthodes d’interface, seuls VAR_INPUT, VAR_OUTPUT et VAR_IN_OUT sont autorisés"
_3S.CoDeSys.Compiler35220.Resources.ErrorMessages.fr.resources,Inf_RelatedPosition,"Position apparentée"
_3S.CoDeSys.Compiler35220.Resources.ErrorMessages.fr.resources,Inf_RelatedPositionRecursion,"'{0}' appelé."
_3S.CoDeSys.Compiler35220.Resources.ErrorMessages.fr.resources,Inf_RelatedPositionStackoverflow,"'{0}' utilisant {1} octets de pile."
_3S.CoDeSys.Compiler35220.Resources.ErrorMessages.fr.resources,Inf_UseXSizeOfOperator,"Utilisez l’opérateur XSIZEOF pour les grands types "
_3S.CoDeSys.Compiler35220.Resources.ErrorMessages.fr.resources,Info_PersistentMemoryConfiguration,"Vous pouvez modifier la taille de la mémoire persistante dans la configuration ad hoc."
_3S.CoDeSys.Compiler35220.Resources.ErrorMessages.fr.resources,PublishSymbolsMustBeSet,"'Afficher tous les symboles CEI dans le projet' doit être activé"
_3S.CoDeSys.Compiler35220.Resources.ErrorMessages.fr.resources,Txt_ParentContextNotUpToDate,"''Contexte père pas actuel''."
_3S.CoDeSys.Compiler35220.Resources.ErrorMessages.fr.resources,Wrn_AbstractKeywordMissing,"Le mot-clé ABSTRACT manque"
_3S.CoDeSys.Compiler35220.Resources.ErrorMessages.fr.resources,Wrn_AccessToInternalObject,"Ne devrait pas accéder à l’objet interne {0} de la bibliothèque {1}"
_3S.CoDeSys.Compiler35220.Resources.ErrorMessages.fr.resources,Wrn_AccessToInternalProperty,"Ne devrait pas accéder à la propriété interne {0} de la bibliothèque {1}"
_3S.CoDeSys.Compiler35220.Resources.ErrorMessages.fr.resources,Wrn_AccessToInternalVariable,"Ne devrait pas accéder à la variable interne {0} de la bibliothèque {1}"
_3S.CoDeSys.Compiler35220.Resources.ErrorMessages.fr.resources,Wrn_AmbiguousCheckfunctionInLibrary,"La fonction implicite de contrôle {0} est masquée par une autre fonction de vérification implicite {1}. Les contrôles ne sont pas effectués ! Résolvez le conflit et nettoyez l’application pour utiliser la fonction de contrôle."
_3S.CoDeSys.Compiler35220.Resources.ErrorMessages.fr.resources,Wrn_AtLeastOneExpected,"Au moins une instruction est attendue"
_3S.CoDeSys.Compiler35220.Resources.ErrorMessages.fr.resources,Wrn_AttributeCheck,"Échec de la vérification des attributs"
_3S.CoDeSys.Compiler35220.Resources.ErrorMessages.fr.resources,Wrn_BoolNotAtBitAddress,"Adresse binaire attendue pour le type de données BOOL"
_3S.CoDeSys.Compiler35220.Resources.ErrorMessages.fr.resources,Wrn_CallOfPrivateProperty,"Ne devrait pas accéder à la propriété privée {0}.{1}"
_3S.CoDeSys.Compiler35220.Resources.ErrorMessages.fr.resources,Wrn_CallOfProtectedProperty,"Ne devrait pas accéder à la propriété protégée {0}.{1}"
_3S.CoDeSys.Compiler35220.Resources.ErrorMessages.fr.resources,Wrn_CallRecursion,"Récursion d’appel : {0}"
_3S.CoDeSys.Compiler35220.Resources.ErrorMessages.fr.resources,Wrn_ChangeOfAccessModifier,"La méthode {0}.{1} modifie le modificateur d'accès « {2} » si elle redéfinit la méthode {3}.{1}"
_3S.CoDeSys.Compiler35220.Resources.ErrorMessages.fr.resources,Wrn_ComplexExpression,"La POU contient une expression très complexe. Envisagez l'utilisation de résultats intermédiaires."
_3S.CoDeSys.Compiler35220.Resources.ErrorMessages.fr.resources,Wrn_ConcurrentAccessOfBitInSameByte,"Accès simultané au bit '{0}' dans le même octet"
_3S.CoDeSys.Compiler35220.Resources.ErrorMessages.fr.resources,Wrn_ConstantInStructDeclaration,"Le mot-clé CONSTANT a été ignoré dans la déclaration d’une structure ou d’union"
_3S.CoDeSys.Compiler35220.Resources.ErrorMessages.fr.resources,Wrn_DefaultValueNotConstant,"La valeur par défaut n’est pas constante"
_3S.CoDeSys.Compiler35220.Resources.ErrorMessages.fr.resources,Wrn_DefaultValueTopLevel,"L’entrée n’est optionnelle que lorsque cette fonction est appelée à partir du code CEI"
_3S.CoDeSys.Compiler35220.Resources.ErrorMessages.fr.resources,Wrn_DeviceNotInstalledForSimulation,"L'appareil n'est pas installé. La simulation utilise les paramétrages par défaut."
_3S.CoDeSys.Compiler35220.Resources.ErrorMessages.fr.resources,Wrn_EnumComparison,"Comparaison d'un type d'énumération ({0}) avec un autre ({1})"
_3S.CoDeSys.Compiler35220.Resources.ErrorMessages.fr.resources,Wrn_EnumValueDuplicate,"La constante {0} est attribuée à plus d’une énumération"
_3S.CoDeSys.Compiler35220.Resources.ErrorMessages.fr.resources,Wrn_ExitForRetainInstances,"Le FB_EXIT d’instances dans VAR_RETAIN est également appelé lors de la réinitialisation à chaud, mais pas FB_INIT. Éviter la déclaration rémanente de blocs fonctionnels avec FB_EXIT !"
_3S.CoDeSys.Compiler35220.Resources.ErrorMessages.fr.resources,Wrn_ExtendsForInterfaces,"Utiliser le mot-clé EXTENDS pour l'héritage d'interfaces au lieu de IMPLEMENTS"
_3S.CoDeSys.Compiler35220.Resources.ErrorMessages.fr.resources,Wrn_ExternalReferenceIgnored,"Les références externes ne sont autorisées que pour les blocs fonctionnels, les méthodes, les fonctions et les listes de variables globales constantes. La référence externe {0} est ignorée pour '{1}'."
_3S.CoDeSys.Compiler35220.Resources.ErrorMessages.fr.resources,Wrn_GlobalInitSlotNotForVariables,"L’attribut 'global_init_slot' agit toujours sur la liste des variables complète et ne peut pas être appliqué à des variables isolées"
_3S.CoDeSys.Compiler35220.Resources.ErrorMessages.fr.resources,Wrn_GranularityMismatchForDirectVariable,"La variable '{0}' a une granularité de {1} mais se situe à l'adresse directe {2} qui n'est pas adaptée pour {1} octets"
_3S.CoDeSys.Compiler35220.Resources.ErrorMessages.fr.resources,Wrn_ImplicitCheckFunctionShadowed,"La fonction implicite de contrôle '{0}' est masquée par une autre variable ou fonction. Les contrôles ne sont pas effectués ! Résoudre le conflit et nettoyer l’application pour utiliser la fonction de contrôle."
_3S.CoDeSys.Compiler35220.Resources.ErrorMessages.fr.resources,Wrn_ImplicitEnumConversion,"Conversion implicite d’un type d’énumération ({0}) à un autre ({1})"
_3S.CoDeSys.Compiler35220.Resources.ErrorMessages.fr.resources,Wrn_ImplicitIntToReal,"Conversion implicite de '{0}' vers '{1}' : perte de données possible"
_3S.CoDeSys.Compiler35220.Resources.ErrorMessages.fr.resources,Wrn_ImplicitSignedToUnsigned,"Conversion implicite de type de données signé '{0}' vers un type de données non signé '{1}' : modification de signe possible"
_3S.CoDeSys.Compiler35220.Resources.ErrorMessages.fr.resources,Wrn_ImplicitUnsignedToSigned,"Conversion implicite de type de données signé '{0}' vers un type de données non signé '{1}' : perte de signe possible"
_3S.CoDeSys.Compiler35220.Resources.ErrorMessages.fr.resources,Wrn_InterfaceChangedBase,"L’interface de la méthode redéfinie '{0}' de la base '{1}' ne concorde pas avec la déclaration"
_3S.CoDeSys.Compiler35220.Resources.ErrorMessages.fr.resources,Wrn_InvalidDefaultValue,"Le type {0} ne peut pas avoir de valeur par défaut dans ce contexte"
_3S.CoDeSys.Compiler35220.Resources.ErrorMessages.fr.resources,Wrn_InvalidStringSize,"La taille d'une chaîne ne peut pas être négative ('{0}')"
_3S.CoDeSys.Compiler35220.Resources.ErrorMessages.fr.resources,Wrn_LabelNoReference,"L’étiquette '{0}' n’est pas référencée"
_3S.CoDeSys.Compiler35220.Resources.ErrorMessages.fr.resources,Wrn_LibraryNotInstalled,"La bibliothèque {0} n'a pas été ajoutée au gestionnaire de bibliothèque, ou aucune licence valide n'a été trouvée"
_3S.CoDeSys.Compiler35220.Resources.ErrorMessages.fr.resources,Wrn_LibWithStringInVarInOut,"Envisagez de déclarer la variable de chaîne VAR_IN_OUT '{0}' dans '{1}' en tant que VAR_IN_OUT CONSTANT, cela afin que l'appelant puisse transmettre des libellés ou une constante."
_3S.CoDeSys.Compiler35220.Resources.ErrorMessages.fr.resources,Wrn_LoopExitConditionConstant,"La condition de sortie de boucle '{0} {1} {2}' est constamment FALSE. Boucle sans fin possible."
_3S.CoDeSys.Compiler35220.Resources.ErrorMessages.fr.resources,Wrn_LValueForVarinoutStrings,"Le paramètre VAR_IN_OUT '{0}' ou REFERENCE de '{1}' nécessite une variable avec accès en écriture comme entrée. Ceci entraîne une erreur de compilation dans les versions futures !"
_3S.CoDeSys.Compiler35220.Resources.ErrorMessages.fr.resources,Wrn_MethodAlreadyCalledImplicitly,"La méthode '{0}' est déjà appelée implicitement"
_3S.CoDeSys.Compiler35220.Resources.ErrorMessages.fr.resources,Wrn_MissingAttributeNoAssign,"Attribut 'no_assign' manque pour la POU '{0}' ? Le type de la variable '{1}' est attribué avec 'no_assign'."
_3S.CoDeSys.Compiler35220.Resources.ErrorMessages.fr.resources,Wrn_MissingInstancePathForPersistent,"Aucun chemin d'instance adéquat trouvé pour la variable {0} dans la liste VAR_PERSISTENT. Utilisez la commande ""Ajouter tous les chemins d'instance"" pour ajouter tous les chemins d'instance à la liste VAR_PERSISTENT. (voir l'aide pour davantage de détails)"
_3S.CoDeSys.Compiler35220.Resources.ErrorMessages.fr.resources,Wrn_NoInheritanceForUnions,"L’héritage n’est pas prévu pour le type de données ""UNION"" : {0}"
_3S.CoDeSys.Compiler35220.Resources.ErrorMessages.fr.resources,Wrn_NoInitialValueForConstant,"Pas de valeur initiale pour la variable constante '{0}'"
_3S.CoDeSys.Compiler35220.Resources.ErrorMessages.fr.resources,Wrn_NonAsciiStringLiteral,"Le littéral de chaîne '{0}...' contient des caractères non-représentables. L’option de projet 'Codage UTF-8 pour STRING' peut être utilisée."
_3S.CoDeSys.Compiler35220.Resources.ErrorMessages.fr.resources,Wrn_NonLocalAccessToVarInOut,"Accès à VAR_IN_OUT '{0}' déclaré dans '{1}' depuis un contexte externe '{2}'."
_3S.CoDeSys.Compiler35220.Resources.ErrorMessages.fr.resources,Wrn_NoPointerToBit,"Un bit isolé ne peut pas être référencé. Une référence à l'octet complet est enregistrée."
_3S.CoDeSys.Compiler35220.Resources.ErrorMessages.fr.resources,Wrn_NotAllowedInInterfaceLib,"'{0}' n’est pas autorisé dans la bibliothèque d’interface"
_3S.CoDeSys.Compiler35220.Resources.ErrorMessages.fr.resources,Wrn_Obsolete,"La POU '{0}' est marquée obsolète : {1}"
_3S.CoDeSys.Compiler35220.Resources.ErrorMessages.fr.resources,Wrn_ObsoleteOutputInAbstractMethod,"La valeur par défaut pour une VAR_OUTPUT n’est pas utilisée dans des méthodes abstraites ou d’interface"
_3S.CoDeSys.Compiler35220.Resources.ErrorMessages.fr.resources,Wrn_OnlyConstantInitialValueForMappedPersistentVar,"Seules les constantes remplacées peuvent être appliquées comme valeur initiale pour une variable persistante mappée"
_3S.CoDeSys.Compiler35220.Resources.ErrorMessages.fr.resources,Wrn_PersistentVariableOnStack,"Les variables persistantes dans les instances de bloc fonctionnel situées sur la pile ne sont pas prises en charge : {0}"
_3S.CoDeSys.Compiler35220.Resources.ErrorMessages.fr.resources,Wrn_PointerMisatch,"Le type '{0}' n’est peut-être pas convertible au type '{1}'"
_3S.CoDeSys.Compiler35220.Resources.ErrorMessages.fr.resources,Wrn_Pragma,"Avertissement défini par l'utilisateur créé par un pragma d'avertissement"
_3S.CoDeSys.Compiler35220.Resources.ErrorMessages.fr.resources,Wrn_ReferenceToUninitializedVariable,"Une référence à la variable non initialisée {0} est utilisée pour l'initialisation de {1}. L'accès à la variable non initialisée peut entraîner un comportement inattendu."
_3S.CoDeSys.Compiler35220.Resources.ErrorMessages.fr.resources,Wrn_ReservedUnusedKeyword,"Le nom '{0}' est un mot-clé réservé au sein de la norme CEI61131-3. Une erreur sera signalée dans les versions futures."
_3S.CoDeSys.Compiler35220.Resources.ErrorMessages.fr.resources,Wrn_ShiftExceedsTypeSize,"Un déplacement de {0} dépasse la taille de type de {1}"
_3S.CoDeSys.Compiler35220.Resources.ErrorMessages.fr.resources,Wrn_StackCheckIncompleteDueToRecursion,"Le calcul de la consommation de pile est incomplet en raison d’appels récursifs, à partir de '{0}' :"
_3S.CoDeSys.Compiler35220.Resources.ErrorMessages.fr.resources,Wrn_StatementNoEffect,"Le code '{0}' n'a aucun effet. Est-ce délibéré ?"
_3S.CoDeSys.Compiler35220.Resources.ErrorMessages.fr.resources,Wrn_StringConstantTooLong,"La constante de chaîne '{0}' est trop longue pour le type cible '{1}'"
_3S.CoDeSys.Compiler35220.Resources.ErrorMessages.fr.resources,Wrn_StruturedTypePropertyNotMonitorable,"L'attribut Monitoring est ignoré pour la propriété '{0}', laquelle retourne un type structuré"
_3S.CoDeSys.Compiler35220.Resources.ErrorMessages.fr.resources,Wrn_TooManyApplications,"Vous avez défini {0} application(s) pour l'appareil {1}. Le nombre maximal est {2}. Par conséquent, vous ne pourrez pas télécharger toutes les applications."
_3S.CoDeSys.Compiler35220.Resources.ErrorMessages.fr.resources,Wrn_UninitialisedVariableUsedInInitialisation,"La variable non initialisée {0} est utilisée pour l'initialisation de {1}. Utilisez l'attribut 'global_init_slot', pour modifier l'ordre de l'initialisation."
_3S.CoDeSys.Compiler35220.Resources.ErrorMessages.fr.resources,Wrn_ValueAssignViaPointerMayChangeVFTable,"L'instance sur laquelle {0} pointe est réinitialisée pour des appels de fonction virtuels. Veillez à ce que {0} ne pointe pas sur un type provenant de {1}."
_3S.CoDeSys.Compiler35220.Resources.ErrorMessages.fr.resources,Wrn_VarInOutUnitializedInInitialValue,"Accès à variable non initialisée VAR_IN_OUT"
_3S.CoDeSys.Compiler35220.Resources.ErrorMessages.fr.resources,Wrn_WrongDestructor,"La méthode FB_Exit d’un bloc fonctionnel ou d’une structure doit avoir une seule entrée 'bInCopyCode' de type BOOL et une valeur renvoyée de type BOOL."
_3S.CoDeSys.Compiler35220.Resources.ErrorMessages.fr.resources,Wrn_WrongReInit,"La méthode FB_ReInit d’un bloc fonctionnel ou d’une structure ne doit avoir aucune entrée et une valeur renvoyée de type BOOL. Le FB_ReInit ne sera pas calculé automatiquement !"
_3S.CoDeSys.Compiler35220.Resources.Strings.fr.resources,AffectionCopied,"Ancienne valeur copiée"
_3S.CoDeSys.Compiler35220.Resources.Strings.fr.resources,AffectionInitialized,"Initialisé"
_3S.CoDeSys.Compiler35220.Resources.Strings.fr.resources,AffectionLocationChanged,"Position modifiée"
_3S.CoDeSys.Compiler35220.Resources.Strings.fr.resources,AffectionVFTableInitialized,"Tableau virtuel de fonctions initialisé"
_3S.CoDeSys.Compiler35220.Resources.Strings.fr.resources,And_Text,"et"
_3S.CoDeSys.Compiler35220.Resources.Strings.fr.resources,Area_Output_Checked,"Taille requise pour {0} : {1} octets (taille disponible : {2} octets)"
_3S.CoDeSys.Compiler35220.Resources.Strings.fr.resources,Area_Output_Checked_Exceeded,"Taille dépassée pour {0} : {1} octets (taille disponible : {2} octets)"
_3S.CoDeSys.Compiler35220.Resources.Strings.fr.resources,Area_Output_Info,"La plage mémoire {0} contient {1} : taille : {2} octets, adresse la plus élevée utilisée : {3}, le plus grand espace continu et inutilisé : {4} octets ({5} %)"
_3S.CoDeSys.Compiler35220.Resources.Strings.fr.resources,Area_Output_Info_Simple,"Plage mémoire {0} contient {1} : la plus grande zone de mémoire continue : {2} ({3} %)"
_3S.CoDeSys.Compiler35220.Resources.Strings.fr.resources,AttributeAlreadyRegistered,"L'attribut {0} a déjà été enregistré par un autre plug-in"
_3S.CoDeSys.Compiler35220.Resources.Strings.fr.resources,AttributeInvalidRange,"{0} n'est pas une valeur valide pour l'attribut '{1}'. Attendu : une valeur comprise dans la plage [{2}..{3}]."
_3S.CoDeSys.Compiler35220.Resources.Strings.fr.resources,AttributeInvalidTypeInteger,"La valeur '{0}' pour l'attribut '{1}' est non valide. Attendu : un nombre entier, entouré de guillemets simples (p.ex. '42')."
_3S.CoDeSys.Compiler35220.Resources.Strings.fr.resources,AttributeMustBeEmpty,"Valeur inattendue '{0}' affectée à l'attribut '{0}'."
_3S.CoDeSys.Compiler35220.Resources.Strings.fr.resources,AttributeMustNotBeEmpty,"Valeur attendue affectée à l'attribut '{0}'."
_3S.CoDeSys.Compiler35220.Resources.Strings.fr.resources,AttributeNotInFunctionFBOrMethod,"L'attribut '{0}' n'est évalué que pour des POU de type fonction, bloc fonctionnel ou méthode"
_3S.CoDeSys.Compiler35220.Resources.Strings.fr.resources,AttributeNotInMethod,"L'attribut '{0}' n'est évalué que pour des POU de type METHOD"
_3S.CoDeSys.Compiler35220.Resources.Strings.fr.resources,AttributeNotSupportedWithCompilerVersion,"L'attribut '{0}' n'est interprété que pour la version de compilateur {1} ou plus. La version actuelle de compilateur est {2}."
_3S.CoDeSys.Compiler35220.Resources.Strings.fr.resources,AttributeStrictDesc,"L'étiquetage de déclarations de type ENUM avec l'attribut 'strict' force les seules attributions constantes de composants ENUM valides lors de la compilation"
_3S.CoDeSys.Compiler35220.Resources.Strings.fr.resources,AttributeStrictNoValidSignature,"L'attribut 'strict' n'est évalué que pour les déclarations de type ENUM"
_3S.CoDeSys.Compiler35220.Resources.Strings.fr.resources,AttributeToStringFunctionWrongPOUType,"L'attribut {0} n'est valide que pour les déclarations de type et les blocs fonctionnels"
_3S.CoDeSys.Compiler35220.Resources.Strings.fr.resources,AttributeToStringWrongType,"L'attribut {0} n'est valide que pour les énumérations"
_3S.CoDeSys.Compiler35220.Resources.Strings.fr.resources,AttributeUnknown,"L'attribut {0} est inconnu et est ignoré par le compilateur"
_3S.CoDeSys.Compiler35220.Resources.Strings.fr.resources,AttributeValueMustBeOneOf,"La valeur non valide '{0}' pour l'attribut '{1}' doit être une des suivantes : {2}"
_3S.CoDeSys.Compiler35220.Resources.Strings.fr.resources,AttributeWrongScopeSigns,"L’attribut '{0}' ne peut être ajouté qu’à des déclarations de variable. Il est ignoré ici."
_3S.CoDeSys.Compiler35220.Resources.Strings.fr.resources,AttributeWrongScopeVars,"L'attribut '{0}' a été ajouté à une variable, mais n'agit toutefois que sur les POU. L'attribut est ignoré."
_3S.CoDeSys.Compiler35220.Resources.Strings.fr.resources,Build,"Compiler"
_3S.CoDeSys.Compiler35220.Resources.Strings.fr.resources,BuildCompleteErrors,"La compilation est terminée -- {0} erreurs, {1} avertissements : aucun téléchargement possible"
_3S.CoDeSys.Compiler35220.Resources.Strings.fr.resources,BuildCompleteOK,"La compilation est terminée -- {0} erreurs, {1} avertissements : prêt pour téléchargement"
_3S.CoDeSys.Compiler35220.Resources.Strings.fr.resources,BuildStarted,"------ Processus de compilation entamé : application : {0} -------"
_3S.CoDeSys.Compiler35220.Resources.Strings.fr.resources,C138ErrMsgCheckSyntax,"Vérifier la syntaxe '{0} : {1}({2})'"
_3S.CoDeSys.Compiler35220.Resources.Strings.fr.resources,C138ErrMsgRequiresNInputs,"La méthode 'FB_Init' spécifiée exige précisément {0} entrées."
_3S.CoDeSys.Compiler35220.Resources.Strings.fr.resources,Change_AttributesChanged,"Attributs modifiés"
_3S.CoDeSys.Compiler35220.Resources.Strings.fr.resources,Change_CodeChanged,"Implémentation modifiée"
_3S.CoDeSys.Compiler35220.Resources.Strings.fr.resources,Change_DefineChanged,"Defines modifiés"
_3S.CoDeSys.Compiler35220.Resources.Strings.fr.resources,Change_GlobalErrors,"Erreur globale dans le projet"
_3S.CoDeSys.Compiler35220.Resources.Strings.fr.resources,Change_InterfaceAdded,"inséré"
_3S.CoDeSys.Compiler35220.Resources.Strings.fr.resources,Change_InterfaceChange_Explicitly,"déclaration modifiée, explicitement invalidée"
_3S.CoDeSys.Compiler35220.Resources.Strings.fr.resources,Change_InterfaceChanged,"Déclaration modifiée"
_3S.CoDeSys.Compiler35220.Resources.Strings.fr.resources,Change_InterfaceDeleted,"Supprimé"
_3S.CoDeSys.Compiler35220.Resources.Strings.fr.resources,Change_NumOfSubSignaturesChanged,"nombre de méthodes ou d'actions modifié"
_3S.CoDeSys.Compiler35220.Resources.Strings.fr.resources,Change_ParameterTablesChanged,"Tableau des paramètres de bibliothèque modifié"
_3S.CoDeSys.Compiler35220.Resources.Strings.fr.resources,Change_ReferencedLibrariesChanged,"Bibliothèques référencées modifiées"
_3S.CoDeSys.Compiler35220.Resources.Strings.fr.resources,Change_VariableChanged,"Variable {0} modifiée"
_3S.CoDeSys.Compiler35220.Resources.Strings.fr.resources,Change_VariableDeleted,"Variable {0} supprimée"
_3S.CoDeSys.Compiler35220.Resources.Strings.fr.resources,Change_VariableInserted,"variable {0} insérée"
_3S.CoDeSys.Compiler35220.Resources.Strings.fr.resources,ClearDownloadContext,"Supprimer le contexte de téléchargement"
_3S.CoDeSys.Compiler35220.Resources.Strings.fr.resources,Code_Text,"Code"
_3S.CoDeSys.Compiler35220.Resources.Strings.fr.resources,CodeNoChange,"Le code n’a pas changé. Pas de changement en ligne requis."
_3S.CoDeSys.Compiler35220.Resources.Strings.fr.resources,CompileCompleteErrors,"La compilation est terminée -- {0} erreurs, {1} avertissements"
_3S.CoDeSys.Compiler35220.Resources.Strings.fr.resources,CompileCompleteOK,"La compilation est terminée -- {0} erreurs, {1} avertissements"
_3S.CoDeSys.Compiler35220.Resources.Strings.fr.resources,Data_Text,"Données"
_3S.CoDeSys.Compiler35220.Resources.Strings.fr.resources,DoCodeTypification,"Affecter un type à un code"
_3S.CoDeSys.Compiler35220.Resources.Strings.fr.resources,DoLocation,"Trouver des données globales"
_3S.CoDeSys.Compiler35220.Resources.Strings.fr.resources,DoTypification,"Recherche de la zone de travail"
_3S.CoDeSys.Compiler35220.Resources.Strings.fr.resources,DownloadInfoSaveException,"Le téléchargement du fichier d'information n'a pas pu être sauvegardé sur {0}.\nOuverture de session sur l’appareil plus possible après un nouveau chargement du projet.\nCause :\n{1}"
_3S.CoDeSys.Compiler35220.Resources.Strings.fr.resources,Err_CompilerVersionError,"La version de compilateur {0} a été retirée. Veuillez utiliser une version plus récente du compilateur"
_3S.CoDeSys.Compiler35220.Resources.Strings.fr.resources,ErrExpressionContainsNoAppName,"L'expression ne contient pas de nom d'application"
_3S.CoDeSys.Compiler35220.Resources.Strings.fr.resources,ErrExpressionContainsNoResource,"L'expression ne contient pas de nom de ressource"
_3S.CoDeSys.Compiler35220.Resources.Strings.fr.resources,ErrInvalidExpression,"Expression non valide"
_3S.CoDeSys.Compiler35220.Resources.Strings.fr.resources,ErrMultipleAreasWithMappedSegmentAccess,"Plusieurs plages trouvées pour lesquelles le drapeau 'MappedSegmentAccessOnly' est défini"
_3S.CoDeSys.Compiler35220.Resources.Strings.fr.resources,ErrNoApplication,"Application pas trouvée"
_3S.CoDeSys.Compiler35220.Resources.Strings.fr.resources,ErrNoAreaWithMappedSegmentAccess,"Segments mappés trouvés, mais aucune plage n'est marquée avec 'MappedSegmentAccessOnly'"
_3S.CoDeSys.Compiler35220.Resources.Strings.fr.resources,ErrorLimitExceeded,"Plus de {0} erreurs survenues : tous les autres messages d’erreur sont omis"
_3S.CoDeSys.Compiler35220.Resources.Strings.fr.resources,ErrSignatureNotFound,"Signature pas trouvée"
_3S.CoDeSys.Compiler35220.Resources.Strings.fr.resources,Except_Boot_Project_Error,"Pas de projet d'initialisation possible dans cet état. Mémoire insuffisante pour l’application. Exécuter d’abord le téléchargement complet"
_3S.CoDeSys.Compiler35220.Resources.Strings.fr.resources,Except_Boot_Project_Error_CompileContext_Not_UpToDate,"Pas de projet d'initialisation possible dans cet état : erreur interne"
_3S.CoDeSys.Compiler35220.Resources.Strings.fr.resources,Except_Boot_Project_Error_Error_In_Compile,"Pas de projet d'initialisation possible dans cet état. Erreur lors de la création des informations sur le projet d'initialisation. Voyez fenêtre de message."
_3S.CoDeSys.Compiler35220.Resources.Strings.fr.resources,FeatureGroup_Description,"Fonctionnalités relatives au langage CEI 61131-3"
_3S.CoDeSys.Compiler35220.Resources.Strings.fr.resources,FeatureGroup_Name,"Langage CEI 61131-3"
_3S.CoDeSys.Compiler35220.Resources.Strings.fr.resources,GenerateCode,"Créer le code pour {0}..."
_3S.CoDeSys.Compiler35220.Resources.Strings.fr.resources,GenerateCodeInit,"Créer des initialisations de code..."
_3S.CoDeSys.Compiler35220.Resources.Strings.fr.resources,GenerateCodeProgress,"Le code est créé..."
_3S.CoDeSys.Compiler35220.Resources.Strings.fr.resources,GenerateGlobalInit,"Créer des initialisations globales..."
_3S.CoDeSys.Compiler35220.Resources.Strings.fr.resources,GenerateRelocations,"Créer des repositionnements..."
_3S.CoDeSys.Compiler35220.Resources.Strings.fr.resources,GeneratingCode,"Création de code..."
_3S.CoDeSys.Compiler35220.Resources.Strings.fr.resources,Getter,"Accesseur"
_3S.CoDeSys.Compiler35220.Resources.Strings.fr.resources,GlobalInitErrorPrefix,"Erreur dans le code d’initialisation implicite :"
_3S.CoDeSys.Compiler35220.Resources.Strings.fr.resources,GVLChanged,"Liste des variables globales '{0}' modifiée"
_3S.CoDeSys.Compiler35220.Resources.Strings.fr.resources,GVLRenamedOrDeleted,"Liste de variables globales '{0}' renommée ou supprimée"
_3S.CoDeSys.Compiler35220.Resources.Strings.fr.resources,HiddenPousPlaceholder,"<Hidden POUs>"
_3S.CoDeSys.Compiler35220.Resources.Strings.fr.resources,Input_Text,"Entrée"
_3S.CoDeSys.Compiler35220.Resources.Strings.fr.resources,InterfaceChanged,"Interface '{0}' modifiée"
_3S.CoDeSys.Compiler35220.Resources.Strings.fr.resources,InterfaceReferencesAffected,"Les références d’interface suivantes sont contrôlées quant à la redirection :"
_3S.CoDeSys.Compiler35220.Resources.Strings.fr.resources,InterfacesChanged,"Les interfaces de POU suivantes ont été modifiées :"
_3S.CoDeSys.Compiler35220.Resources.Strings.fr.resources,InvalidBooleanValue,"Valeur non valide"
_3S.CoDeSys.Compiler35220.Resources.Strings.fr.resources,LanguageModelMngrOptionConditionalShowSymbols_Description,"Utilisé pour masquer les variables des bibliothèques aux utilisateurs finaux"
_3S.CoDeSys.Compiler35220.Resources.Strings.fr.resources,Libraries,"Bibliothèques"
_3S.CoDeSys.Compiler35220.Resources.Strings.fr.resources,LibrariesChanged,"Bibliothèques modifiées"
_3S.CoDeSys.Compiler35220.Resources.Strings.fr.resources,LoadCompileContext,"Charger l’information de compilation"
_3S.CoDeSys.Compiler35220.Resources.Strings.fr.resources,LoadingLibraries,"Chargement des bibliothèques..."
_3S.CoDeSys.Compiler35220.Resources.Strings.fr.resources,Memory_Text,"Mémoire"
_3S.CoDeSys.Compiler35220.Resources.Strings.fr.resources,MethodAdded,"Méthode '{0}' de {1} '{2}' ajoutée"
_3S.CoDeSys.Compiler35220.Resources.Strings.fr.resources,MethodChanged,"Méthode '{0}' de {1} '{2}' modifiée"
_3S.CoDeSys.Compiler35220.Resources.Strings.fr.resources,MethodRenamedOrDeleted,"Méthode '{0}' de {1} '{2}' renommée ou modifiée"
_3S.CoDeSys.Compiler35220.Resources.Strings.fr.resources,NumInterfacesChanged,"{0} interfaces POU modifiées"
_3S.CoDeSys.Compiler35220.Resources.Strings.fr.resources,NumInterfacesToTest,"{0} références d’interface contrôlées quant à la redirection"
_3S.CoDeSys.Compiler35220.Resources.Strings.fr.resources,NumPOUsDownloaded,"{0} POU ont modifié leur code"
_3S.CoDeSys.Compiler35220.Resources.Strings.fr.resources,NumVariablesAffected,"{0} variables concernées par le changement en ligne, {1} position modifiée, {2} initialisé, {3} copié, {4} tableau de fonction initialisé"
_3S.CoDeSys.Compiler35220.Resources.Strings.fr.resources,OnlineChangeRelinkCodegenProgress,"Génération de code pour relier les interfaces"
_3S.CoDeSys.Compiler35220.Resources.Strings.fr.resources,OnlineChangeRelinkProgress,"Vérification des variables pour références d'interface possibles"
_3S.CoDeSys.Compiler35220.Resources.Strings.fr.resources,OR,"ou"
_3S.CoDeSys.Compiler35220.Resources.Strings.fr.resources,Output_Text,"Sortie"
_3S.CoDeSys.Compiler35220.Resources.Strings.fr.resources,ParamsArray_Comment,"'arrParams' est un tableau sur base 1 qui contient les valeurs transmises à cette fonction. Toute valeur au-delà de 'nCount' n'est pas attribuée ni initialisée et ne peut pas être utilisée."
_3S.CoDeSys.Compiler35220.Resources.Strings.fr.resources,ParamsCount_Comment,"Count définit le nombre de paramètres formels transmis à cette fonction"
_3S.CoDeSys.Compiler35220.Resources.Strings.fr.resources,Persistent_Text,"Données persistantes"
_3S.CoDeSys.Compiler35220.Resources.Strings.fr.resources,PersistenVariablesChanged,"Les variables persistantes ont changé ! Voulez-vous initialiser en utilisant la liste actuelle ?"
_3S.CoDeSys.Compiler35220.Resources.Strings.fr.resources,POUChanged,"{0} '{1}' modifiés"
_3S.CoDeSys.Compiler35220.Resources.Strings.fr.resources,POURenamedOrDeleted,"{0} '{1}' renommés ou supprimés"
_3S.CoDeSys.Compiler35220.Resources.Strings.fr.resources,POUsDownloaded,"Le code des modules suivants est chargé."
_3S.CoDeSys.Compiler35220.Resources.Strings.fr.resources,POUUnit,"Modules"
_3S.CoDeSys.Compiler35220.Resources.Strings.fr.resources,Precompile,"Précompilation"
_3S.CoDeSys.Compiler35220.Resources.Strings.fr.resources,ProjectUpToDate,"L’application est actuelle"
_3S.CoDeSys.Compiler35220.Resources.Strings.fr.resources,Retain_Text,"Données rémanentes"
_3S.CoDeSys.Compiler35220.Resources.Strings.fr.resources,Scanner_Initialize_char_array_must_end_with_null_value,"Le tableau Char doit se terminer par une valeur nulle"
_3S.CoDeSys.Compiler35220.Resources.Strings.fr.resources,Setter,"Mutateur"
_3S.CoDeSys.Compiler35220.Resources.Strings.fr.resources,String1,"La version de compilateur définie dans ce projet est obsolète. Le projet peut toujours être compilé mais il est toutefois recommandé d'actualiser le compilateur à une version plus récente. Veuillez noter qu'après l'actualisation de la version de compilateur, l'ancienne version ne sera plus disponible pour le projet."
_3S.CoDeSys.Compiler35220.Resources.Strings.fr.resources,SupportExtendedProgrammingFeatureSettingProvider_Description,"Si cette option est activée, les fonctionnalités avancées de programmation comme p.ex. la programmation orientée objets ou les attributs dans l’interface utilisateur sont pris en charge. Remarque : ceci n’exerce aucune influence sur la possibilité d’ouvrir ou de compiler des projets qui contiennent les éléments correspondants."
_3S.CoDeSys.Compiler35220.Resources.Strings.fr.resources,SupportExtendedProgrammingFeatureSettingProvider_Name,"Supporter les fonctionnalités avancées de programmation"
_3S.CoDeSys.Compiler35220.Resources.Strings.fr.resources,TextContains,"Contient"
_3S.CoDeSys.Compiler35220.Resources.Strings.fr.resources,TypeChanged,"Type '{0}' modifié"
_3S.CoDeSys.Compiler35220.Resources.Strings.fr.resources,TypeRenamedOrDeleted,"Type '{0}' renommé ou supprimé"
_3S.CoDeSys.Compiler35220.Resources.Strings.fr.resources,TypifyAll,"Affecter un type à un code..."
_3S.CoDeSys.Compiler35220.Resources.Strings.fr.resources,UnexpectedExpression,"'Expression inattendue {0}'"
_3S.CoDeSys.Compiler35220.Resources.Strings.fr.resources,UnresolvedVariable,"Variable non résolue {0}"
_3S.CoDeSys.Compiler35220.Resources.Strings.fr.resources,UpdatingCompilerVersion,"La version de compilateur est actualisée"
_3S.CoDeSys.Compiler35220.Resources.Strings.fr.resources,VariableDeclarationChanged,"Déclaration des variables '{0}' modifiée dans '{1}'"
_3S.CoDeSys.Compiler35220.Resources.Strings.fr.resources,VariableRenamedOrDeleted,"Variable '{0}' dans '{1}' renommée ou supprimée"
_3S.CoDeSys.Compiler35220.Resources.Strings.fr.resources,VariablesAffected,"Les variables suivantes sont concernées par le changement en ligne :"
_3S.CoDeSys.Compiler35220.Resources.Strings.fr.resources,WarningLimitExceeded,"Plus de {0} erreurs survenues : tous les autres messages d’erreur sont omis"
_3S.CoDeSys.Compiler35220.Resources.Strings.fr.resources,Warnings,"Avertissements"
_3S.CoDeSys.Compiler35220.Resources.Strings.fr.resources,WritingCompileInformationProgressText,"Écriture des informations de compilation se termine..."
