resource,key,text
_3S.CoDeSys.Compiler35220.Resources.CompilerStrings.it.resources,AffectionCopied,"Valore precedente copiato"
_3S.CoDeSys.Compiler35220.Resources.CompilerStrings.it.resources,AffectionInitialized,"Inizializzato"
_3S.CoDeSys.Compiler35220.Resources.CompilerStrings.it.resources,AffectionInitNewVariables,"Nuove variabili inizializzate"
_3S.CoDeSys.Compiler35220.Resources.CompilerStrings.it.resources,AffectionLocationChanged,"Posizione modificata"
_3S.CoDeSys.Compiler35220.Resources.CompilerStrings.it.resources,AffectionVFTableInitialized,"Tabella virtuale delle funzioni inizializzata"
_3S.CoDeSys.Compiler35220.Resources.CompilerStrings.it.resources,And_Text,"e"
_3S.CoDeSys.Compiler35220.Resources.CompilerStrings.it.resources,Area_Output_Checked,"Dimensione disponibile per {0}: {1} byte (dimensione disponibile: {2} byte)"
_3S.CoDeSys.Compiler35220.Resources.CompilerStrings.it.resources,Area_Output_Checked_Exceeded,"Dimensione superata per {0}: {1} byte (dimensione disponibile: {2} byte)"
_3S.CoDeSys.Compiler35220.Resources.CompilerStrings.it.resources,Area_Output_Info,"L’intervallo di memoria {0} contiene {1}: Dimensione: {2}, indirizzo massimo utilizzato: {3}, massimo gap di memoria contiguo: {4} ({5} %) "
_3S.CoDeSys.Compiler35220.Resources.CompilerStrings.it.resources,Area_Output_Info_Simple,"L’intervallo di memoria {0} contiene {1}: Massima area di memoria abbinata: {2} ({3} %)"
_3S.CoDeSys.Compiler35220.Resources.CompilerStrings.it.resources,Area_Output_Info_Simple_2,"L’intervallo di memoria {0} contiene {1}: dimensione: {2}, massimo gap di memoria contiguo: {3} byte ({4} %)"
_3S.CoDeSys.Compiler35220.Resources.CompilerStrings.it.resources,AttributeHasNoEffect,"(L’attributo non ha alcun effetto)"
_3S.CoDeSys.Compiler35220.Resources.CompilerStrings.it.resources,Build,"Compila"
_3S.CoDeSys.Compiler35220.Resources.CompilerStrings.it.resources,BuildCompleteErrors,"Compilazione terminata -- {0} errori, {1} avvisi: Nessun download possibile"
_3S.CoDeSys.Compiler35220.Resources.CompilerStrings.it.resources,BuildCompleteOK,"Compilazione terminata -- {0} errori, {1} avvisi: pronto per il download"
_3S.CoDeSys.Compiler35220.Resources.CompilerStrings.it.resources,BuildStarted,"------ Processo di compilazione avviato: Applicazione: {0} -------"
_3S.CoDeSys.Compiler35220.Resources.CompilerStrings.it.resources,Code_Text,"Codice"
_3S.CoDeSys.Compiler35220.Resources.CompilerStrings.it.resources,CodeNoChange,"Il codice non è cambiato. Modifica in linea non necessaria."
_3S.CoDeSys.Compiler35220.Resources.CompilerStrings.it.resources,CodeSizeOutput,"Dimensione del codice generato: {0} byte"
_3S.CoDeSys.Compiler35220.Resources.CompilerStrings.it.resources,Constant,"Costante"
_3S.CoDeSys.Compiler35220.Resources.CompilerStrings.it.resources,Data_Text,"Dati"
_3S.CoDeSys.Compiler35220.Resources.CompilerStrings.it.resources,DataSizeOutput,"Dimensione dei dati globali: {0} byte"
_3S.CoDeSys.Compiler35220.Resources.CompilerStrings.it.resources,DoCodeTypification,"Tipizza codice"
_3S.CoDeSys.Compiler35220.Resources.CompilerStrings.it.resources,DoLocation,"Trova dati globali"
_3S.CoDeSys.Compiler35220.Resources.CompilerStrings.it.resources,DoTypification,"Tipizzazione"
_3S.CoDeSys.Compiler35220.Resources.CompilerStrings.it.resources,Err_NoCodegeneratorDetailed,"Creazione di un generatore codice fallita: L’Add-On '{0}' richiesto non è installato"
_3S.CoDeSys.Compiler35220.Resources.CompilerStrings.it.resources,Err_NoMemoryAllocationCallbackDetailed,"Creazione dell’allocatore di memoria fallita: L’Add-On '{0}' richiesto non è installato"
_3S.CoDeSys.Compiler35220.Resources.CompilerStrings.it.resources,ErrNoApplication,"Applicazione non trovata"
_3S.CoDeSys.Compiler35220.Resources.CompilerStrings.it.resources,Error_Check_ImplicitParameter_MissingDefault,"Il parametro implicito richiede un valore di default per l’input."
_3S.CoDeSys.Compiler35220.Resources.CompilerStrings.it.resources,Error_Check_ImplicitParameter_UnknownKind,"Tipo di parametro implicito '{0}' sconosciuto, deve essere uno di [{1}]."
_3S.CoDeSys.Compiler35220.Resources.CompilerStrings.it.resources,Error_Check_ImplicitParameter_WrongPouType,"Il parametro implicito può essere applicato solo a input di funzioni e metodi."
_3S.CoDeSys.Compiler35220.Resources.CompilerStrings.it.resources,Error_Check_ImplicitParameter_WrongVarKind,"Il parametro implicito può essere applicato solo a variabili VAR_INPUT."
_3S.CoDeSys.Compiler35220.Resources.CompilerStrings.it.resources,Error_Check_ImplicitParameter_WrongVarType,"Il parametro implicito può essere applicato solo a variabili del tipo STRING o POINTER TO STRING."
_3S.CoDeSys.Compiler35220.Resources.CompilerStrings.it.resources,ErrorLimitExceeded,"Si sono verificati più di {0} errori: tutti gli altri messaggi di errore verranno saltati"
_3S.CoDeSys.Compiler35220.Resources.CompilerStrings.it.resources,Except_Boot_Project_Error,"Nessun progetto boot possibile in questo stato: Memoria esaurita nell’applicazione. Eseguire prima un download completo."
_3S.CoDeSys.Compiler35220.Resources.CompilerStrings.it.resources,Except_Boot_Project_Error_Error_In_Compile,"Nessun progetto boot possibile in questo stato. Errore durante la creazione delle informazioni del progetto boot. Vedere la finestra di messaggio."
_3S.CoDeSys.Compiler35220.Resources.CompilerStrings.it.resources,GenerateCode,"Crea codice per {0}..."
_3S.CoDeSys.Compiler35220.Resources.CompilerStrings.it.resources,GenerateCodeInit,"Crea inizializzazione codice..."
_3S.CoDeSys.Compiler35220.Resources.CompilerStrings.it.resources,GenerateCodeProgress,"Il codice viene creato..."
_3S.CoDeSys.Compiler35220.Resources.CompilerStrings.it.resources,GenerateGlobalInit,"Crea inizializzazioni globali..."
_3S.CoDeSys.Compiler35220.Resources.CompilerStrings.it.resources,GenerateRelocations,"Crea rilocazioni..."
_3S.CoDeSys.Compiler35220.Resources.CompilerStrings.it.resources,GeneratingCode,"Crea codice..."
_3S.CoDeSys.Compiler35220.Resources.CompilerStrings.it.resources,GlobalInitErrorPrefix,"Errore nel codice di inizializzazione implicito:"
_3S.CoDeSys.Compiler35220.Resources.CompilerStrings.it.resources,Input_Text,"Ingresso"
_3S.CoDeSys.Compiler35220.Resources.CompilerStrings.it.resources,InterfaceReferencesAffected,"Verrà controllato l’inoltro dei seguenti riferimenti di interfaccia:"
_3S.CoDeSys.Compiler35220.Resources.CompilerStrings.it.resources,InterfacesChanged,"Sono state modificate le seguenti interfacce POU:"
_3S.CoDeSys.Compiler35220.Resources.CompilerStrings.it.resources,Literal,"Letterale"
_3S.CoDeSys.Compiler35220.Resources.CompilerStrings.it.resources,Memory_Text,"Memoria"
_3S.CoDeSys.Compiler35220.Resources.CompilerStrings.it.resources,NonSafety_Text,"Dati non sicuri"
_3S.CoDeSys.Compiler35220.Resources.CompilerStrings.it.resources,NumInterfacesChanged,"{0} interfacce POU modificate"
_3S.CoDeSys.Compiler35220.Resources.CompilerStrings.it.resources,NumInterfacesToTest,"Controllo dell’inoltro di {0} riferimenti interfaccia"
_3S.CoDeSys.Compiler35220.Resources.CompilerStrings.it.resources,NumPOUsDownloaded,"{0} POU hanno modificato il proprio codice"
_3S.CoDeSys.Compiler35220.Resources.CompilerStrings.it.resources,NumVariablesAffected,"{0} variabili interessate da modifica in linea, {1} posizione modificata, {2} inizializzate, {3} copiate, {4} tabella funzioni inizializzata"
_3S.CoDeSys.Compiler35220.Resources.CompilerStrings.it.resources,Output_Text,"Uscita"
_3S.CoDeSys.Compiler35220.Resources.CompilerStrings.it.resources,Persistent_Text,"Dati persistenti"
_3S.CoDeSys.Compiler35220.Resources.CompilerStrings.it.resources,PersistenVariablesChanged,"Le variabili persistenti sono cambiate! Inizializzare con l'elenco corrente?\n\nSì: viene inizializzato con l'elenco attuale, i valori persistenti esistenti vengono sovrascritti.\nNo: i valori persistenti esistenti rimangono inalterati, l'elenco attuale applica questi valori.\n     AVVISO: i valori potrebbero non corrispondere ai valori di variabili. I valori devono essere verificati manualmente!"
_3S.CoDeSys.Compiler35220.Resources.CompilerStrings.it.resources,POUsDownloaded,"Caricamento del codice dei seguenti moduli."
_3S.CoDeSys.Compiler35220.Resources.CompilerStrings.it.resources,POUUnit,"Moduli"
_3S.CoDeSys.Compiler35220.Resources.CompilerStrings.it.resources,ProjectUpToDate,"L’applicazione è aggiornata"
_3S.CoDeSys.Compiler35220.Resources.CompilerStrings.it.resources,Retain_Text,"Dati di retain"
_3S.CoDeSys.Compiler35220.Resources.CompilerStrings.it.resources,StoppingPrecompileChecks,"Arresto dei controlli di precompilazione in corso..."
_3S.CoDeSys.Compiler35220.Resources.CompilerStrings.it.resources,TooLongStringLiteralHint,"...({0} più caratteri)..."
_3S.CoDeSys.Compiler35220.Resources.CompilerStrings.it.resources,TotalMemorySizeCodeAndData,"Quantità di memoria allocata complessivamente per codice e dati: {0} byte"
_3S.CoDeSys.Compiler35220.Resources.CompilerStrings.it.resources,TypifyAll,"Tipizza codice..."
_3S.CoDeSys.Compiler35220.Resources.CompilerStrings.it.resources,UnknownMacroText,"Sconosciuto"
_3S.CoDeSys.Compiler35220.Resources.CompilerStrings.it.resources,VariablesAffected,"La modifica in linea riguarda le seguenti variabili:"
_3S.CoDeSys.Compiler35220.Resources.CompilerStrings.it.resources,WaitForDownloadInfoSaving,"In attesa che la scrittura del file compileinfo sia completata"
_3S.CoDeSys.Compiler35220.Resources.CompilerStrings.it.resources,WarningLimitExceeded,"Si sono verificati più di {0} errori: Tutti gli altri messaggi di errore verranno saltati"
_3S.CoDeSys.Compiler35220.Resources.ErrorMessages.it.resources,Err_AbstractAndFinalNotPossible,"Un metodo o un blocco funzionale non possono essere ABSTRACT e FINAL"
_3S.CoDeSys.Compiler35220.Resources.ErrorMessages.it.resources,Err_AbstractAndPrivateNotPossible,"Un metodo PRIVATE non può essere ABSTRACT"
_3S.CoDeSys.Compiler35220.Resources.ErrorMessages.it.resources,Err_AbstractFunctionBlockAssigned,"Il blocco funzionale {0} è ABSTRACT e non può essere usato come destinazione per un’assegnazione"
_3S.CoDeSys.Compiler35220.Resources.ErrorMessages.it.resources,Err_AbstractFunctionBlockInstance,"Il blocco funzionale {0} è ABSTRACT e non può essere istanziato"
_3S.CoDeSys.Compiler35220.Resources.ErrorMessages.it.resources,Err_AbstractMethodMustNotContainAnyStatements,"Il metodo ABSTRACT {0}.{1} non deve contenere istruzioni"
_3S.CoDeSys.Compiler35220.Resources.ErrorMessages.it.resources,Err_AbstractMethodNotImplemented,"Non esiste alcuna implementazione per il metodo ABSTRACT '{0}' definita nel blocco funzionale '{1}'"
_3S.CoDeSys.Compiler35220.Resources.ErrorMessages.it.resources,Err_AbstractMethodOnlyInAbstractFunctionblock,"Il metodo ABSTRACT {0} richiede che anche il blocco funzionale {1} sia ABSTRACT"
_3S.CoDeSys.Compiler35220.Resources.ErrorMessages.it.resources,Err_AbstractMethodStaticCall,"Il metodo ABSTRACT '{0}' non può essere chiamato da una chiamata statica"
_3S.CoDeSys.Compiler35220.Resources.ErrorMessages.it.resources,Err_AbstractOnFunctionBlocksAndMethodsOnly,"ABSTRACT può essere applicato solo su metodi e blocchi funzionali"
_3S.CoDeSys.Compiler35220.Resources.ErrorMessages.it.resources,Err_AbstractPropertyNotImplemented,"Non esiste alcuna implementazione per {0} della proprietà ABSTRACT '{1}' definita nel blocco funzionale '{2}'"
_3S.CoDeSys.Compiler35220.Resources.ErrorMessages.it.resources,Err_AbstractPropertyStaticCall,"Impossibile accedere staticamente alla proprietà ABSTRACT '{0}'"
_3S.CoDeSys.Compiler35220.Resources.ErrorMessages.it.resources,Err_AbstractWrongVarInMethod,"Nei metodi ABSTRACT sono ammessi solo ingressi, uscite e inout"
_3S.CoDeSys.Compiler35220.Resources.ErrorMessages.it.resources,Err_AccessOutsideOfCall,"Impossibile accedere all’ingresso '{0}' di '{1}' al di fuori della chiamata"
_3S.CoDeSys.Compiler35220.Resources.ErrorMessages.it.resources,Err_AccessToInternalObject,"Nessun accesso all’oggetto interno {0} della libreria {1}"
_3S.CoDeSys.Compiler35220.Resources.ErrorMessages.it.resources,Err_AccessToInternalProperty,"Nessun accesso alla proprietà interna {0} della libreria {1}"
_3S.CoDeSys.Compiler35220.Resources.ErrorMessages.it.resources,Err_AccessToInternalVariable,"Nessun accesso alla variabile interna {0} della libreria {1}"
_3S.CoDeSys.Compiler35220.Resources.ErrorMessages.it.resources,Err_AccessVarInstFromOutsideTheDeclaringMethod,"Impossibile accedere a VAR_INST '{0}' di '{1}' dall’esterno del metodo di dichiarazione"
_3S.CoDeSys.Compiler35220.Resources.ErrorMessages.it.resources,Err_AddressExpected,"Indirizzo diretto previsto dopo 'AT' al posto di '{0}'"
_3S.CoDeSys.Compiler35220.Resources.ErrorMessages.it.resources,Err_AddressMisaligned,"Indirizzo {0} allineato in modo scorretto per il tipo di dati {1}"
_3S.CoDeSys.Compiler35220.Resources.ErrorMessages.it.resources,Err_AddressOfNonInstanceVar,"È necessaria un'istanza al posto del nome del tipo nell'indirizzo dell'espressione '{0}'"
_3S.CoDeSys.Compiler35220.Resources.ErrorMessages.it.resources,Err_AddressOutOfRange,"Indirizzo '{0}' al di fuori dell’intervallo valido: Offset calcolato: {1} bytes, dimensione: {2} bytes"
_3S.CoDeSys.Compiler35220.Resources.ErrorMessages.it.resources,Err_AddressSourceIsAddressDest,"La variabile '{0}' era posizionata sull'indirizzo '{1}'. Su questo indirizzo è ora posizionata la variabile '{2}'. Questo cambio non è possibile tramite una modifica in linea."
_3S.CoDeSys.Compiler35220.Resources.ErrorMessages.it.resources,Err_Ambiguity,"Utilizzo ambiguo del nome '{0}'"
_3S.CoDeSys.Compiler35220.Resources.ErrorMessages.it.resources,Err_AnyTypeOnlyInFunction,"Le variabili del tipo '{0}' sono consentite solo come ingresso di funzioni"
_3S.CoDeSys.Compiler35220.Resources.ErrorMessages.it.resources,Err_ApplicationConflict,"Ci sono due applicazioni con lo stesso nome '{0}' sul dispositivo '{1}'"
_3S.CoDeSys.Compiler35220.Resources.ErrorMessages.it.resources,Err_ArrayBorderIsNoConstant,"Il limite dell'area dell'array '{0}' non è un valore costante"
_3S.CoDeSys.Compiler35220.Resources.ErrorMessages.it.resources,Err_ArrayBorderNoValidSignedInteger,"La valutazione del limite di array {0} non produce alcuna costante intera con segno"
_3S.CoDeSys.Compiler35220.Resources.ErrorMessages.it.resources,Err_ArrayIndexNumWrong,"L'array richiede esattamente {0} indici"
_3S.CoDeSys.Compiler35220.Resources.ErrorMessages.it.resources,Err_ArrayInitialisationCountNoConstant,"Il numero '{0}' dell’inizializzazione array non è un valore costante"
_3S.CoDeSys.Compiler35220.Resources.ErrorMessages.it.resources,Err_ArrayInitialisationNotPossible,"Un’inizializzazione array non è possibile come parametro di una chiamata di funzione Init. Al suo posto utilizzare una variabile"
_3S.CoDeSys.Compiler35220.Resources.ErrorMessages.it.resources,Err_ArrayInitializationExpected,"Inizializzazione dell'array attesa"
_3S.CoDeSys.Compiler35220.Resources.ErrorMessages.it.resources,Err_ATDeclarationNotAllowed,"Una dichiarazione AT è solo consentita all'interno di una sezione VAR"
_3S.CoDeSys.Compiler35220.Resources.ErrorMessages.it.resources,Err_AtLeastOneExpected,"È prevista almeno un’istruzione"
_3S.CoDeSys.Compiler35220.Resources.ErrorMessages.it.resources,Err_AttributeNameExpected,"Per un valore attributo è prevista una stringa single byte invece di {0}"
_3S.CoDeSys.Compiler35220.Resources.ErrorMessages.it.resources,Err_AttributeNotAllowedFor,"Attributo '{0}' non consentito per '{1}'"
_3S.CoDeSys.Compiler35220.Resources.ErrorMessages.it.resources,Err_AttributeNotValidForNonExternalPOU,"L'attributo '{0}' non è consentito per POU non esterni"
_3S.CoDeSys.Compiler35220.Resources.ErrorMessages.it.resources,Err_BaseClassNotFound,"Nessuna definizione trovata per la base '{0}'"
_3S.CoDeSys.Compiler35220.Resources.ErrorMessages.it.resources,Err_BaseNotAllowed,"L’espressione SUPER non è ammessa in questo contesto"
_3S.CoDeSys.Compiler35220.Resources.ErrorMessages.it.resources,Err_Bitaccessnoconst,"L'accesso di bit richiede un letterale o una costante simbolica intera"
_3S.CoDeSys.Compiler35220.Resources.ErrorMessages.it.resources,Err_BitAccessOnlyOnInt,"L'accesso a bit è possibile solo su tipi interi."
_3S.CoDeSys.Compiler35220.Resources.ErrorMessages.it.resources,Err_BitAdrOnOperation,"L'operatore BITADR è solo consentito per variabili, non per operazioni"
_3S.CoDeSys.Compiler35220.Resources.ErrorMessages.it.resources,Err_BitNrOverflow,"'{0}' non è un numero di bit valido per '{1}'"
_3S.CoDeSys.Compiler35220.Resources.ErrorMessages.it.resources,Err_BitsForStructureOnly,"Solo strutture e i blocchi funzionali possono contenere variabili del tipo BIT."
_3S.CoDeSys.Compiler35220.Resources.ErrorMessages.it.resources,Err_BitsWrongScope,"Le variabili del tipo BIT devono essere definite all’interno di un blocco VAR_INPUT, VAR_OUTPUT o VAR."
_3S.CoDeSys.Compiler35220.Resources.ErrorMessages.it.resources,Err_BlobInitError,"Valore costante previsto al posto di {0}'"
_3S.CoDeSys.Compiler35220.Resources.ErrorMessages.it.resources,Err_CalcNeedsCall,"Il secondo parametro di una chiamata condizionale deve essere un’istruzione di chiamata valida"
_3S.CoDeSys.Compiler35220.Resources.ErrorMessages.it.resources,Err_CallAfterInitHasInputs,"Un metodo contrassegnato con '{0}' non può avere ingressi."
_3S.CoDeSys.Compiler35220.Resources.ErrorMessages.it.resources,Err_CalleeInvalidType,"Nome programma, funzione o istanza del blocco funzionale previsti al posto di '{0}'"
_3S.CoDeSys.Compiler35220.Resources.ErrorMessages.it.resources,Err_CallOfPrivateMethod,"Nessun accesso a metodo privato {0}.{1}"
_3S.CoDeSys.Compiler35220.Resources.ErrorMessages.it.resources,Err_CallOfPrivateProperty,"Nessun accesso alla proprietà privata {0}.{1}"
_3S.CoDeSys.Compiler35220.Resources.ErrorMessages.it.resources,Err_CallOfProtectedMethod,"Nessun accesso a metodo protetto {0}.{1}"
_3S.CoDeSys.Compiler35220.Resources.ErrorMessages.it.resources,Err_CallOfProtectedProperty,"Nessun accesso alla proprietà protetta {0}.{1}"
_3S.CoDeSys.Compiler35220.Resources.ErrorMessages.it.resources,Err_CallRecursion,"Ricorsione chiamata: {0}"
_3S.CoDeSys.Compiler35220.Resources.ErrorMessages.it.resources,Err_CancelledByUser,"Compilazione annullata dall’utente"
_3S.CoDeSys.Compiler35220.Resources.ErrorMessages.it.resources,Err_CannotAddMultipleTime,"Impossibile sommare più operandi del tipo '{0}'"
_3S.CoDeSys.Compiler35220.Resources.ErrorMessages.it.resources,Err_CannotMultiplyMultipleTime,"Impossibile moltiplicare più operandi del tipo '{0}'"
_3S.CoDeSys.Compiler35220.Resources.ErrorMessages.it.resources,Err_CantHaveBaseClass,"La parola chiave EXTENDS non può essere utilizzata per il tipo {0}"
_3S.CoDeSys.Compiler35220.Resources.ErrorMessages.it.resources,Err_CaseLabelDuplicate,"Doppia etichetta 'CASE'"
_3S.CoDeSys.Compiler35220.Resources.ErrorMessages.it.resources,Err_CaseLabelInCaseRange,"L’etichetta CASE {0} è contenuta anche nell’intervallo {1} .. {2}"
_3S.CoDeSys.Compiler35220.Resources.ErrorMessages.it.resources,Err_CaseLabelNoConstant,"L'etichetta CASE richiede un letterale o una costante simbolica intera"
_3S.CoDeSys.Compiler35220.Resources.ErrorMessages.it.resources,Err_CaseLabelOutsideOfCase,"L’etichetta CASE è al di fuori dell’istruzione CASE"
_3S.CoDeSys.Compiler35220.Resources.ErrorMessages.it.resources,Err_CaseRangesOverlapping,"CASE contiene intervalli sovrapposti {0} .. {1} e {2} .. {3}"
_3S.CoDeSys.Compiler35220.Resources.ErrorMessages.it.resources,Err_CheckLicenseNeedsSysTarget,"The SysTarget and 3S License libraries are required for the __CHECKLICENSE operator"
_3S.CoDeSys.Compiler35220.Resources.ErrorMessages.it.resources,Err_CompareNotPossible1,"Confronto impossibile per gli oggetti del tipo '{0}'"
_3S.CoDeSys.Compiler35220.Resources.ErrorMessages.it.resources,Err_CompareNotPossible2,"Confronto impossibile per gli oggetti del tipo '{0}' o '{1}'"
_3S.CoDeSys.Compiler35220.Resources.ErrorMessages.it.resources,Err_ComparisonOperatorExpected,"Atteso operatore di confronto al posto di '{0}'"
_3S.CoDeSys.Compiler35220.Resources.ErrorMessages.it.resources,Err_CompilerVersionError,"La versione di compilatore {0} è stata ritirata. Utilizzare invece una versione di compilatore superiore."
_3S.CoDeSys.Compiler35220.Resources.ErrorMessages.it.resources,Err_CompoAccessNoStruct,"'{0}' non è una variabile di struttura"
_3S.CoDeSys.Compiler35220.Resources.ErrorMessages.it.resources,Err_ConditionExpected,"Condizione prevista"
_3S.CoDeSys.Compiler35220.Resources.ErrorMessages.it.resources,Err_ConstantIndexOutOfRange,"L’indice costante '{0}' non rientra nell’intervallo compreso tra '{1}' e '{2}'"
_3S.CoDeSys.Compiler35220.Resources.ErrorMessages.it.resources,Err_ConstantOverflow,"La costante '{0}' è troppo grande per il tipo '{1}'"
_3S.CoDeSys.Compiler35220.Resources.ErrorMessages.it.resources,Err_ContainsNoDefinition,"'{0}' non contiene alcuna definizione per '{1}'"
_3S.CoDeSys.Compiler35220.Resources.ErrorMessages.it.resources,Err_CounterStartExpected,"Inizializzazione variabile di conteggio prevista"
_3S.CoDeSys.Compiler35220.Resources.ErrorMessages.it.resources,Err_DataRecursion,"Ricorsione dati: {0}"
_3S.CoDeSys.Compiler35220.Resources.ErrorMessages.it.resources,Err_DeclarationKeywordNotAllowed,"'{0}' non è consentito in questo punto"
_3S.CoDeSys.Compiler35220.Resources.ErrorMessages.it.resources,Err_DefineValueExpected,"Valore define previsto al posto di '{0}'"
_3S.CoDeSys.Compiler35220.Resources.ErrorMessages.it.resources,Err_DeleteNeedsPointer,"L’operando di __DELETE deve essere un puntatore."
_3S.CoDeSys.Compiler35220.Resources.ErrorMessages.it.resources,Err_DerefNoPointer,"Il dereferenziamento necessita di un puntatore"
_3S.CoDeSys.Compiler35220.Resources.ErrorMessages.it.resources,Err_DeviceNameNoIdent,"Nome dispositivo '{0}' non consentito. Deve essere un identificatore valido secondo la norma IEC 61131-3"
_3S.CoDeSys.Compiler35220.Resources.ErrorMessages.it.resources,Err_DeviceNotInstalled,"Il dispositivo non è disponibile nell’installazione. Nessuna generazione di codice possibile."
_3S.CoDeSys.Compiler35220.Resources.ErrorMessages.it.resources,Err_DivisionByZero,"Divisione per zero"
_3S.CoDeSys.Compiler35220.Resources.ErrorMessages.it.resources,Err_DuplicateElseInCaseStatement,"Doppia definizione ELSE nell'istruzione CASE"
_3S.CoDeSys.Compiler35220.Resources.ErrorMessages.it.resources,Err_DuplicateLabelDefinition,"Etichetta '{0}' definita più volte"
_3S.CoDeSys.Compiler35220.Resources.ErrorMessages.it.resources,Err_DuplicateVarConfig,"Duplica VAR_CONFIG per '{0}'"
_3S.CoDeSys.Compiler35220.Resources.ErrorMessages.it.resources,Err_DynamicMemoryNotSupported,"Memoria non definita per la creazione dinamica degli oggetti dell’applicazione '{0}'."
_3S.CoDeSys.Compiler35220.Resources.ErrorMessages.it.resources,Err_ExplicitTransitionAssignMissing,"Il codice di transizione contiene più istruzioni. È necessaria l’assegnazione esplicita alla variabile di uscita della transizione."
_3S.CoDeSys.Compiler35220.Resources.ErrorMessages.it.resources,Err_ExpressionExpectedInstead,"Espressione prevista al posto di {0}'"
_3S.CoDeSys.Compiler35220.Resources.ErrorMessages.it.resources,Err_ExprNoConstantError,"Valore costante previsto al posto di {0}'"
_3S.CoDeSys.Compiler35220.Resources.ErrorMessages.it.resources,Err_FCallExpectedPointerAsSecondArgument,"Il secondo argomento di FCall deve essere un puntatore a una funzione."
_3S.CoDeSys.Compiler35220.Resources.ErrorMessages.it.resources,Err_FCallWrongCallPatternSignature,"Il primo argomento di FCall deve essere un tipo di firma che viene usato come modello per la chiamata."
_3S.CoDeSys.Compiler35220.Resources.ErrorMessages.it.resources,Err_FCallWrongNumberOfArguments,"FCall attende esattamente 2+{0} argomenti."
_3S.CoDeSys.Compiler35220.Resources.ErrorMessages.it.resources,Err_FeatureNotImplemented,"La caratteristica '{0}' non è implementata."
_3S.CoDeSys.Compiler35220.Resources.ErrorMessages.it.resources,Err_FinalOnFunctionBlocksAndMethodsOnly,"FINAL può essere applicato solo su metodi e blocchi funzionali"
_3S.CoDeSys.Compiler35220.Resources.ErrorMessages.it.resources,Err_FunctionBlockNeedsInstance,"Il blocco funzionale '{0}' deve essere istanziato per permettere l'accesso"
_3S.CoDeSys.Compiler35220.Resources.ErrorMessages.it.resources,Err_FunctionBlockNoLongerValid,"La parola chiave ""FUNCTIONBLOCK"" non è più supportata. Al suo posto utilizzare ""FUNCTION_BLOCK""."
_3S.CoDeSys.Compiler35220.Resources.ErrorMessages.it.resources,Err_FunctionCallMixedStyle,"Nelle chiamate di funzioni, o tutti i parametri formali o nessuno di essi devono essere assegnati esplicitamente"
_3S.CoDeSys.Compiler35220.Resources.ErrorMessages.it.resources,Err_FunNeedsAtLeastNInputs,"La funzione '{0}' richiede almeno '{1}’ e al massimo '{2}' ingressi"
_3S.CoDeSys.Compiler35220.Resources.ErrorMessages.it.resources,Err_FunNeedsNInputs,"La funzione '{0}' richiede esattamente '{1}' ingressi"
_3S.CoDeSys.Compiler35220.Resources.ErrorMessages.it.resources,Err_GeneratingVarInitializations,"Uno o più valori di inizializzazione per variabili non sono validi"
_3S.CoDeSys.Compiler35220.Resources.ErrorMessages.it.resources,Err_GenericDeclarationProducesErrorInGeneratedCode,"La dichiarazione del tipo '{0}' causa errori nel codice del blocco funzionale generico"
_3S.CoDeSys.Compiler35220.Resources.ErrorMessages.it.resources,Err_GenericNoInitialValueSupported,"Nessun valore di inizializzazione supportato per la dichiarazione dei generici Constant"
_3S.CoDeSys.Compiler35220.Resources.ErrorMessages.it.resources,Err_GenericNoInteger,"Solo tipi interi sono consentiti per generici Constant"
_3S.CoDeSys.Compiler35220.Resources.ErrorMessages.it.resources,Err_GenericNotConstant,"La definizione '{0}' per il generico Constant '{1}' non è un valore costante"
_3S.CoDeSys.Compiler35220.Resources.ErrorMessages.it.resources,Err_GenericOnlyConst,"Nella dichiarazione VAR_GENERIC sono supportati solo i generici CONSTANT"
_3S.CoDeSys.Compiler35220.Resources.ErrorMessages.it.resources,Err_GenericOnWrongPosition,"La dichiarazione VAR_GENERIC è solo consentita in blocchi funzionali dopo il nome del blocco funzionale"
_3S.CoDeSys.Compiler35220.Resources.ErrorMessages.it.resources,Err_GenericParamMissing,"Inizializzazione mancante per variabile generica '{0}'"
_3S.CoDeSys.Compiler35220.Resources.ErrorMessages.it.resources,Err_GenericParamsAllExplicitOrNone,"Tutte le variabili generiche devono essere assegnate esplicitamente oppure nessuna"
_3S.CoDeSys.Compiler35220.Resources.ErrorMessages.it.resources,Err_GenericParamUnknown,"'{0}' non è una costante generica dichiarata del blocco funzionale '{1}'"
_3S.CoDeSys.Compiler35220.Resources.ErrorMessages.it.resources,Err_GenericWrongNumberOfInitializer,"Il blocco funzionale generico '{0}' attende esattamente un numero '{1}' di definizioni di generici Constant"
_3S.CoDeSys.Compiler35220.Resources.ErrorMessages.it.resources,Err_GlobalVariableListExpected,"Atteso VAR_GLOBAL di VAR_CONFIG al posto di {0}"
_3S.CoDeSys.Compiler35220.Resources.ErrorMessages.it.resources,Err_IdentifierExpected,"Identificatore previsto al posto di {0}'"
_3S.CoDeSys.Compiler35220.Resources.ErrorMessages.it.resources,Err_IdentNotDefined,"Identificatore '{0}' non definito"
_3S.CoDeSys.Compiler35220.Resources.ErrorMessages.it.resources,Err_IllegalOperator,"'{0}' non è un operatore ST valido"
_3S.CoDeSys.Compiler35220.Resources.ErrorMessages.it.resources,Err_ImplicitEnumerationTypeNotExpected,"Tipo di enumerazione implicito non atteso in questa posizione"
_3S.CoDeSys.Compiler35220.Resources.ErrorMessages.it.resources,Err_ImplicitMethodImplementationNotPublic,"Blocco funzionale '{0}': L'accesso ai metodi 'FB_Init', 'FB_Exit', e 'FB_ReInit' deve essere PUBLIC"
_3S.CoDeSys.Compiler35220.Resources.ErrorMessages.it.resources,Err_ImplicitMethodNameForVariable,"{0} è il nome di un metodo generato implicitamente e non ammesso per variabili in blocchi funzionali"
_3S.CoDeSys.Compiler35220.Resources.ErrorMessages.it.resources,Err_ImplicitReferenceTypeDeclNotAllowed,"In questo punto non è possibile alcuna dichiarazione di un tipo di riferimento implicito"
_3S.CoDeSys.Compiler35220.Resources.ErrorMessages.it.resources,Err_ImplicitReferenceTypeOnlChangeError,"Non è possibile aggiungere un tipo di riferimento locale implicito tramite la modifica in linea"
_3S.CoDeSys.Compiler35220.Resources.ErrorMessages.it.resources,Err_ImplicitRefTypeAllClassesNeedAttrib,"Il blocco funzionale ereditario si differenzia nell'utilizzo dell'attributo '{0}'"
_3S.CoDeSys.Compiler35220.Resources.ErrorMessages.it.resources,Err_ImplicitRefTypeDeclarationNotAllowed,"Il tipo di riferimento implicito '{0}' non può essere dichiarato in questo tipo"
_3S.CoDeSys.Compiler35220.Resources.ErrorMessages.it.resources,Err_ImplicitRefTypeIsnotAllowedAsBase,"I tipi di riferimento impliciti non possono essere il tipo di base di riferimenti, puntatori o array"
_3S.CoDeSys.Compiler35220.Resources.ErrorMessages.it.resources,Err_ImplicitRefTypeSignNotSupported,"Solo blocchi funzionali e strutture possono essere contrassegnati come tipi di riferimento impliciti"
_3S.CoDeSys.Compiler35220.Resources.ErrorMessages.it.resources,Err_IncompletePOUDeclaration,"La dichiarazione POU è incompleta senza un nome"
_3S.CoDeSys.Compiler35220.Resources.ErrorMessages.it.resources,Err_InconsistentInheritanceOfCPPCompatibility,"Ereditarietà incoerente della compatibilità C++. Manca l'attributo per '{0}'."
_3S.CoDeSys.Compiler35220.Resources.ErrorMessages.it.resources,Err_InconsistentUseOfCPPCompatibility,"Uso incoerente della compatibilità C++. Manca l’attributo per '{0}'."
_3S.CoDeSys.Compiler35220.Resources.ErrorMessages.it.resources,Err_InconsistentUseOfCPPCompatibility_MissingParent,"Uso incoerente della compatibilità C++. Manca l’attributo per il POU padre '{0}'."
_3S.CoDeSys.Compiler35220.Resources.ErrorMessages.it.resources,Err_IndexingInvalid,"L’indicizzazione con '[]' non può essere applicata ad un’espressione con il tipo '{0}'"
_3S.CoDeSys.Compiler35220.Resources.ErrorMessages.it.resources,Err_IndexNumWrong,"La variabile del tipo '{0}' richiede esattamente un indice"
_3S.CoDeSys.Compiler35220.Resources.ErrorMessages.it.resources,Err_IndexOfNotSupported,"L’operatore INDEXOF non è più supportato. Al suo posto utilizzare ADR. Se ADR viene utilizzato su un nome POU, viene restituito un puntatore al codice POU."
_3S.CoDeSys.Compiler35220.Resources.ErrorMessages.it.resources,Err_InheritanceError,"L'ereditarietà è consentita solo nei blocchi funzionali, nelle interfacce e nelle strutture"
_3S.CoDeSys.Compiler35220.Resources.ErrorMessages.it.resources,Err_IniNeedsUserdefType,"L'operatore INI richiede un'istanza di blocco funzionale o un'istanza DUT"
_3S.CoDeSys.Compiler35220.Resources.ErrorMessages.it.resources,Err_InOutAccessOutside,"Accesso esterno al parametro VAR_IN_OUT '{0}' di '{1}'."""
_3S.CoDeSys.Compiler35220.Resources.ErrorMessages.it.resources,Err_InOutAssignedInActionCall,"VAR_IN_OUT {0} non può essere assegnato nella chiamata di azione locale '{1}'"
_3S.CoDeSys.Compiler35220.Resources.ErrorMessages.it.resources,Err_InOutNotAssigned,"VAR_IN_OUT '{0}' deve essere assegnato in chiamata di '{1}'"
_3S.CoDeSys.Compiler35220.Resources.ErrorMessages.it.resources,Err_InOutParamNotEqual,"Il tipo '{0}' non corrisponde al tipo '{1}' di VAR_IN_OUT '{2}' rispettivamente REFERENCE '{2}'"
_3S.CoDeSys.Compiler35220.Resources.ErrorMessages.it.resources,Err_InputMissing,"Manca l’assegnazione d’entrata per il parametro '{0}' nella chiamata di '{1}'"
_3S.CoDeSys.Compiler35220.Resources.ErrorMessages.it.resources,Err_InstanceNotAllowedInRetain,"Le istanze di '{0}' non sono consentite nei dati Retain"
_3S.CoDeSys.Compiler35220.Resources.ErrorMessages.it.resources,Err_IntegerLiteralExpected,"Atteso letterale intero al posto di {0}"
_3S.CoDeSys.Compiler35220.Resources.ErrorMessages.it.resources,Err_InterfaceChanged,"L’interfaccia del metodo sostituito '{0}' dell’interfaccia '{1}' non coincide con la dichiarazione"
_3S.CoDeSys.Compiler35220.Resources.ErrorMessages.it.resources,Err_InterfaceChanged_NumberOfInputsOutputsDifferent,"Il numero di ingressi/uscite del metodo '{0}' non corrisponde all'interfaccia '{1}'."
_3S.CoDeSys.Compiler35220.Resources.ErrorMessages.it.resources,Err_InterfaceChanged_VariableDifferent,"La variabile '{0}' del metodo '{1}' non corrisponde all'interfaccia '{2}'."
_3S.CoDeSys.Compiler35220.Resources.ErrorMessages.it.resources,Err_InterfaceChangedBase,"L’interfaccia del metodo sostituito '{0}' della base '{1}' non coincide con la dichiarazione"
_3S.CoDeSys.Compiler35220.Resources.ErrorMessages.it.resources,Err_InterfaceImplementationError,"Le interfacce possono essere implementate solo da blocchi funzionali"
_3S.CoDeSys.Compiler35220.Resources.ErrorMessages.it.resources,Err_InterfaceMethodImplementationNotPublic,"L’implementazione del metodo interfaccia '{0}' del blocco funzionale '{1}' deve essere PUBLIC"
_3S.CoDeSys.Compiler35220.Resources.ErrorMessages.it.resources,Err_InterfaceNeedsInstance,"L’interfaccia '{0}' deve essere istanziata per potervi accedere"
_3S.CoDeSys.Compiler35220.Resources.ErrorMessages.it.resources,Err_InterfaceNotFound,"Nessuna definizione trovata per l'interfaccia '{0}'"
_3S.CoDeSys.Compiler35220.Resources.ErrorMessages.it.resources,Err_InternalErrorProhibitingOnlineChange,"Errore interno {0} impedisce la modifica online! Pulisci applicazione e download necessario."
_3S.CoDeSys.Compiler35220.Resources.ErrorMessages.it.resources,Err_InvalidAccessPathForNamespaceAccess,"'{0}' non è un percorso di accesso valido"
_3S.CoDeSys.Compiler35220.Resources.ErrorMessages.it.resources,Err_InvalidBaseForGlobalScopeExpression,"L’operatore di area globale '.' non può essere applicato all’espressione '{0}'"
_3S.CoDeSys.Compiler35220.Resources.ErrorMessages.it.resources,Err_InvalidEnumBaseType,"Per un tipo di base ENUM vengono supportati solo tipi di dati interi"
_3S.CoDeSys.Compiler35220.Resources.ErrorMessages.it.resources,Err_InvalidEnumDefaultValue,"Solo componenti di enumerazione locali possono essere utilizzati come valori di inizializzazione predefiniti di un'enumerazione"
_3S.CoDeSys.Compiler35220.Resources.ErrorMessages.it.resources,Err_InvalidInitialisationForArray,"{0} non è un’inizializzazione valida per la costante {1}. I valori di inizializzazione di costanti devono essere costanti."
_3S.CoDeSys.Compiler35220.Resources.ErrorMessages.it.resources,Err_InvalidInitialisationForVarInst,"Il valore iniziale di una variabile VAR_INST non può usare variabili locali."
_3S.CoDeSys.Compiler35220.Resources.ErrorMessages.it.resources,Err_InvalidJumpDestination,"Destinazione non valida {0} per JMP"
_3S.CoDeSys.Compiler35220.Resources.ErrorMessages.it.resources,Err_InvalidLoopIncrement,"Incremento di ciclo non valido"
_3S.CoDeSys.Compiler35220.Resources.ErrorMessages.it.resources,Err_InvalidNamespaceForNamespaceAccess,"'{0}' non è un accesso allo spazio dei nomi valido"
_3S.CoDeSys.Compiler35220.Resources.ErrorMessages.it.resources,Err_InvalidSignatureName,"Il nome '{0}' non è un identificatore valido"
_3S.CoDeSys.Compiler35220.Resources.ErrorMessages.it.resources,Err_IsNoInput,"'{0}' non è un ingresso di '{1}'"
_3S.CoDeSys.Compiler35220.Resources.ErrorMessages.it.resources,Err_IsNoLValue,"'{0}' non è una destinazione di assegnazione valida"
_3S.CoDeSys.Compiler35220.Resources.ErrorMessages.it.resources,Err_IsNoOutput,"'{0}' non è un’uscita di '{1}'"
_3S.CoDeSys.Compiler35220.Resources.ErrorMessages.it.resources,Err_IsValidRefNeedsReference,"L'operando per __ISVALIDREF deve essere del tipo REFERENCE"
_3S.CoDeSys.Compiler35220.Resources.ErrorMessages.it.resources,Err_LibNamespaceConflict,"Spazio dei nomi locale '{0}' della libreria '{1}' nasconde lo spazio dei nomi della libreria '{2}'"
_3S.CoDeSys.Compiler35220.Resources.ErrorMessages.it.resources,Err_LibraryConflict,"Spazio dei nomi non univoco '{0}' definito da libreria '{1}'"
_3S.CoDeSys.Compiler35220.Resources.ErrorMessages.it.resources,Err_LibraryNamespaceNotValid,"Lo spazio dei nomi {0} della libreria {1} non è un identificatore valido"
_3S.CoDeSys.Compiler35220.Resources.ErrorMessages.it.resources,Err_LibraryWithUnicodeIdentifiers,"La libreria '{0}' è stata salvata con l’aiuto dell’identificatore Unicode e può essere utilizzata solo se anche il progetto supporta l’identificatore Unicode (vedi Opzioni di compilazione)."
_3S.CoDeSys.Compiler35220.Resources.ErrorMessages.it.resources,Err_LibSupports32BitOnly,"La libreria '{0}' viene supportata solo in applicazioni a 32 bit"
_3S.CoDeSys.Compiler35220.Resources.ErrorMessages.it.resources,Err_LiteralExpected,"Atteso letterale al posto di '{0}'"
_3S.CoDeSys.Compiler35220.Resources.ErrorMessages.it.resources,Err_LowerGreaterUpperBorder,"Il limite inferiore deve essere inferiore al limite superiore"
_3S.CoDeSys.Compiler35220.Resources.ErrorMessages.it.resources,Err_LowerUpperBoundOnVariableLengthArrayOnly,"Gli operatori LOWER_BOUND e UPPER_BOUND vengono supportati solo per array"
_3S.CoDeSys.Compiler35220.Resources.ErrorMessages.it.resources,Err_LowerUpperBoundOperandNotExactly,"In questo caso il valore del 2° operando dell’operatore {0} deve essere 1"
_3S.CoDeSys.Compiler35220.Resources.ErrorMessages.it.resources,Err_LowerUpperBoundOperandNotInRange,"In questo caso il valore del 2° operando dell’operatore {0} deve essere compreso tra 1 e {1}"
_3S.CoDeSys.Compiler35220.Resources.ErrorMessages.it.resources,Err_LValueForAnyVar,"Il parametro ANY '{0}' di '{1}' richiede come ingresso una variabile con accesso in scrittura"
_3S.CoDeSys.Compiler35220.Resources.ErrorMessages.it.resources,Err_LValueForReference,"L'assegnazione del riferimento richiede una variabile con accesso in scrittura"
_3S.CoDeSys.Compiler35220.Resources.ErrorMessages.it.resources,Err_LValueForVarinout,"Il parametro VAR_IN_OUT rispettivamente REFERENCE '{0}' di '{1}' richiede una variabile con accesso in scrittura come ingresso."
_3S.CoDeSys.Compiler35220.Resources.ErrorMessages.it.resources,Err_LValueForVarinoutStrings,"Il parametro VAR_IN_OUT '{0}' rispettivamente REFERENCE '{0}' di '{1}' richiede una variabile con accesso in scrittura come ingresso"
_3S.CoDeSys.Compiler35220.Resources.ErrorMessages.it.resources,Err_LValueNoRefType,"L'assegnazione del riferimento è consentita solo per variabili di tipi di riferimento."
_3S.CoDeSys.Compiler35220.Resources.ErrorMessages.it.resources,Err_MalformedAddress,"Indirizzo diretto'{0}' non rappresentato correttamente"
_3S.CoDeSys.Compiler35220.Resources.ErrorMessages.it.resources,Err_MappedVarWrittenInDiffTasks,"La variabile {0} che è mappata sull'indirizzo {1} viene scritta in diversi task"
_3S.CoDeSys.Compiler35220.Resources.ErrorMessages.it.resources,Err_MaxArraySizeExceeded,"Massima dimensione dell'array superata. Aumentare il limite inferiore o ridurre il limite superiore."
_3S.CoDeSys.Compiler35220.Resources.ErrorMessages.it.resources,Err_MaxNestingDepthExceeded,"Livello di nidificazione massimo superato. "
_3S.CoDeSys.Compiler35220.Resources.ErrorMessages.it.resources,Err_MissingImplementationTerminator,"Impossibile trovare il terminatore '{0}' per il blocco di implementazione."
_3S.CoDeSys.Compiler35220.Resources.ErrorMessages.it.resources,Err_MissingInstancePathForPersistent,"Impossibile trovare un percorso istanza adatto nell'elenco VAR_PERSISTENT per la variabile {0}. Utilizzare il comando ""Aggiungi tutti i percorsi di istanza"" per aggiungere tutti i percorsi di istanza all'elenco VAR_PERSISTENT. (Vedi la guida per dettagli)"
_3S.CoDeSys.Compiler35220.Resources.ErrorMessages.it.resources,Err_MissingObjectForPersistent,"Nessun elenco VAR_PERSISTENT disponibile per l’applicazione per inserire il percorso di istanza per la variabile {0}"
_3S.CoDeSys.Compiler35220.Resources.ErrorMessages.it.resources,Err_MissingParameterList,"{0} '{1}' riferito senza parentesi '()'"
_3S.CoDeSys.Compiler35220.Resources.ErrorMessages.it.resources,Err_ModNotReal,"MOD non definito per REAL"
_3S.CoDeSys.Compiler35220.Resources.ErrorMessages.it.resources,Err_Multiassigninfor,"Per l’istruzione FOR è prevista esattamente una variabile di conteggio"
_3S.CoDeSys.Compiler35220.Resources.ErrorMessages.it.resources,Err_MultipleAssignmentsNotAllowedForOperator,"Assegnazioni multiple non sono consentite per l’operatore '{0}'."
_3S.CoDeSys.Compiler35220.Resources.ErrorMessages.it.resources,Err_MultipleAssignmentsToInterfaceVariables,"Assegnazioni multiple a variabili interfaccia non consentite"
_3S.CoDeSys.Compiler35220.Resources.ErrorMessages.it.resources,Err_MultipleAssignmentWithChangingValueTypes,"Assegnazioni multiple di tipi di valore con cast impliciti non consentite"
_3S.CoDeSys.Compiler35220.Resources.ErrorMessages.it.resources,Err_MultipleAssignmentWithProperty,"Le proprietà non possono essere usate al centro di assegnazioni multiple."
_3S.CoDeSys.Compiler35220.Resources.ErrorMessages.it.resources,Err_MultipleAssignmentWithReferences,"Assegnazioni multiple di riferimenti a blocchi funzionali o strutture di dati non consentite"
_3S.CoDeSys.Compiler35220.Resources.ErrorMessages.it.resources,Err_MultipleAssignsToSameInputInCall,"Assegnazioni all'ingresso multiple per il parametro '{0}'"
_3S.CoDeSys.Compiler35220.Resources.ErrorMessages.it.resources,Err_NamesNotEqual,"Il nome utilizzato nella firma non è identico al nome dell'oggetto"
_3S.CoDeSys.Compiler35220.Resources.ErrorMessages.it.resources,Err_NewArrayOnUserdefNotAllowed,"La creazione di un'array con __NEW non è consentita per i tipi definiti dall'utente"
_3S.CoDeSys.Compiler35220.Resources.ErrorMessages.it.resources,Err_NewNeedsType,"Attesa definizione di tipo come operando per __NEW"
_3S.CoDeSys.Compiler35220.Resources.ErrorMessages.it.resources,Err_NewOnInterfaceNotPossible,"__NEW non è possibile su interfacce"
_3S.CoDeSys.Compiler35220.Resources.ErrorMessages.it.resources,Err_NewOnlyWithAttribute,"I blocchi funzionali o le strutture richiedono l’attributo '{{attribute 'enable_dynamic_creation'}}' per poter essere creati con __NEW."
_3S.CoDeSys.Compiler35220.Resources.ErrorMessages.it.resources,Err_NewPositionNotOK,"Il risultato di __NEW deve essere assegnato"
_3S.CoDeSys.Compiler35220.Resources.ErrorMessages.it.resources,Err_NoArrayOfBit,"BIT non è consentito come tipo di base di un array"
_3S.CoDeSys.Compiler35220.Resources.ErrorMessages.it.resources,Err_NoAssign,"Assegnazione non consentita per il tipo {0}"
_3S.CoDeSys.Compiler35220.Resources.ErrorMessages.it.resources,Err_NoBitAccessOnFunctionCall,"Accesso bit a chiamata di funzione non consentito."
_3S.CoDeSys.Compiler35220.Resources.ErrorMessages.it.resources,Err_NoBitTypeOnBitAddress,"Il tipo {0} non è possibile nell'indirizzo di bit {1}"
_3S.CoDeSys.Compiler35220.Resources.ErrorMessages.it.resources,Err_NoBranchOutOfFinally,"Non è consentita la diramazione dal blocco __FINALLY"
_3S.CoDeSys.Compiler35220.Resources.ErrorMessages.it.resources,Err_NoBytesInRetain,"I tipi di dati strutturati contenuti nell’area dati Retain non possono contenere BYTE, SINT o USINT"
_3S.CoDeSys.Compiler35220.Resources.ErrorMessages.it.resources,Err_NoCallInInstancePath,"Sul risultato di una chiamata di funzione non è possibile eseguire un accesso per componente '.', un accesso per indice '[]' o una chiamata '()' dell'eventi di una chiamata di funzione. Prima si deve assegnare il risultato a una variabile."
_3S.CoDeSys.Compiler35220.Resources.ErrorMessages.it.resources,Err_NoCallInInterfaceComparison,"Un'interfaccia che è un valore restituito di una chiamata non può essere comparata. Prima deve essere assegnata ad una variabile."
_3S.CoDeSys.Compiler35220.Resources.ErrorMessages.it.resources,Err_NoCaseLabelFound,"Nessuna etichetta CASE trovata"
_3S.CoDeSys.Compiler35220.Resources.ErrorMessages.it.resources,Err_NoChangeOnAccessModifier,"Il metodo {0}.{1} non può modificare il modificatore di accesso ""{2}"", se sovrascrive il metodo {3}.{1}"
_3S.CoDeSys.Compiler35220.Resources.ErrorMessages.it.resources,Err_NoCodegenerator,"Creazione di un generatore di codici fallita. La necessaria plug-in non è installata"
_3S.CoDeSys.Compiler35220.Resources.ErrorMessages.it.resources,Err_NoComponentOf,"'{0}' non è un componente di '{1}'"
_3S.CoDeSys.Compiler35220.Resources.ErrorMessages.it.resources,Err_NoConstantInitialisationForValue,"La costante '{0}' non è inizializzata con un valore costante."
_3S.CoDeSys.Compiler35220.Resources.ErrorMessages.it.resources,Err_NoCopyCodeAllowed,"Lo spostamento di questo modulo in una nuova posizione non è consentito durante una modifica in linea"
_3S.CoDeSys.Compiler35220.Resources.ErrorMessages.it.resources,Err_NoCopyCodeForVariableAtDirectAddress,"una variabile presente in un indirizzo diretto non può modificare il suo tipo durante la modifica in linea"
_3S.CoDeSys.Compiler35220.Resources.ErrorMessages.it.resources,Err_NoDirectAddressInSubsequentVarDecl,"La dichiarazione delle variabili '{0}' con un'assegnazione indirizzo non può essere utilizzata in un PRG o un GVL con l'attributo 'subsequent'."
_3S.CoDeSys.Compiler35220.Resources.ErrorMessages.it.resources,Err_NoEnclosingLoopExit,"Nessuna istruzione di ciclo circondante può essere applicata su {0}"
_3S.CoDeSys.Compiler35220.Resources.ErrorMessages.it.resources,Err_NoExitOrContinueOutOfCatch,"L’uscita o il proseguimento dal blocco __CATCH non sono consentiti"
_3S.CoDeSys.Compiler35220.Resources.ErrorMessages.it.resources,Err_NoExitOrContinueOutOfTry,"L’uscita o il proseguimento dal blocco __TRY non sono consentiti"
_3S.CoDeSys.Compiler35220.Resources.ErrorMessages.it.resources,Err_NoExplicitCall,"Non sono consentite chiamate esplicite per '{0}'. {1}. "
_3S.CoDeSys.Compiler35220.Resources.ErrorMessages.it.resources,Err_NoFormalParamsCallsForExtensibleFunction,"Nessuna assegnazione esplicita all'ingresso possibile per la chiamata della funzione di estensione {0}"
_3S.CoDeSys.Compiler35220.Resources.ErrorMessages.it.resources,Err_NoGenericInstanceInVarConst,"Istanze di un blocco funzionale generico non possono essere dichiarate come costante"
_3S.CoDeSys.Compiler35220.Resources.ErrorMessages.it.resources,Err_NoGlobalDefine,"Definizione globale per '{0}' non disponibile"
_3S.CoDeSys.Compiler35220.Resources.ErrorMessages.it.resources,Err_NoIndirectPropertyCallOnStringWithSize,"Chiamata indiretta di proprietà del tipo {0} impossibile perché vengono supportati solo tipi con lunghezza indicata esplicitamente."
_3S.CoDeSys.Compiler35220.Resources.ErrorMessages.it.resources,Err_NoInheritanceOnFinalType,"'{0}' con attributo FINAL non può essere utilizzato come base"
_3S.CoDeSys.Compiler35220.Resources.ErrorMessages.it.resources,Err_NoInitialForExternal,"Per VAR_EXTERNAL {0} non è consentito alcun valore iniziale."
_3S.CoDeSys.Compiler35220.Resources.ErrorMessages.it.resources,Err_NoInitialForInoutConstant,"Per VAR_INOUT CONSTANT {0} non è consentito alcun valore iniziale."
_3S.CoDeSys.Compiler35220.Resources.ErrorMessages.it.resources,Err_NoInputMemory,"Nessuna memoria di ingresso riservata"
_3S.CoDeSys.Compiler35220.Resources.ErrorMessages.it.resources,Err_NoInputsWithSlotAttributes,"Non sono consentiti ingressi nella firma '{0}' con attributo '{1}'"
_3S.CoDeSys.Compiler35220.Resources.ErrorMessages.it.resources,Err_NoInstanceObject,"'{0}' è del tipo {1} e non può essere istanziato"
_3S.CoDeSys.Compiler35220.Resources.ErrorMessages.it.resources,Err_NoInstancePath,"Nessun VAR_CONFIG per '{0}'"
_3S.CoDeSys.Compiler35220.Resources.ErrorMessages.it.resources,Err_NoLocalEnum,"Le enumerazioni locali non sono più supportate. Al loro posto, utilizzare una definizione DUT."
_3S.CoDeSys.Compiler35220.Resources.ErrorMessages.it.resources,Err_NoMatchingInitMethodFound,"Nessun metodo 'FB_Init' corrispondente trovato per l'istanziamento di {0}"
_3S.CoDeSys.Compiler35220.Resources.ErrorMessages.it.resources,Err_NoMatchingOverload,"Nessun overload corrispondente trovato per il metodo '{0}'"
_3S.CoDeSys.Compiler35220.Resources.ErrorMessages.it.resources,Err_NoMemoryAllocationCallback,"Creazione di un allocatore di memoria fallita. Il necessario plug-in non è installato"
_3S.CoDeSys.Compiler35220.Resources.ErrorMessages.it.resources,Err_NoMemoryMemory,"Nessuna memoria riservata"
_3S.CoDeSys.Compiler35220.Resources.ErrorMessages.it.resources,Err_NoMemoryReserveForExternal,"L’utilizzo di una riserva di memoria per blocchi funzionali esterni non è supportato"
_3S.CoDeSys.Compiler35220.Resources.ErrorMessages.it.resources,Err_NoMethodImplementation,"Nessuna implementazione per il metodo '{0}' dall’interfaccia '{1}'"
_3S.CoDeSys.Compiler35220.Resources.ErrorMessages.it.resources,Err_NoMixExternalIECInheritance,"Un POU ampliato deve essere implementato allo stesso modo come la sua base (esternamente o nell'IEC)."
_3S.CoDeSys.Compiler35220.Resources.ErrorMessages.it.resources,Err_NoMultipleInheritance,"Nell'elenco EXTENDS può essere definito un solo blocco funzionale di base"
_3S.CoDeSys.Compiler35220.Resources.ErrorMessages.it.resources,Err_NoNamespace,"'{0}' non si riferisce a uno spazio dei nomi"
_3S.CoDeSys.Compiler35220.Resources.ErrorMessages.it.resources,Err_NoNewAssignmentInOtherExpression,"Non è possibile usare un’espressione di assegnazione con l’operatore __NEW in un’altra espressione. Utilizzare invece la variabile puntatore."
_3S.CoDeSys.Compiler35220.Resources.ErrorMessages.it.resources,Err_NoOnlineChangeOnDynamicObjects,"Impossibile eseguire una modifica in linea che cambia la dimensione di un tipo creato dinamicamente."
_3S.CoDeSys.Compiler35220.Resources.ErrorMessages.it.resources,Err_NoOnlineChangeOnGenericConstantBaseType,"Nella dichiarazione del BaseType {0}, il valore per la costante {1} è cambiato da {2} a {3}: non è possibile alcuna modifica in linea!"
_3S.CoDeSys.Compiler35220.Resources.ErrorMessages.it.resources,Err_NoOnlineChangeOnGenericConstantType,"Nella dichiarazione della variabile {0}, il valore per la costante {1} è cambiato da {2} a {3}: non è possibile alcuna modifica in linea!"
_3S.CoDeSys.Compiler35220.Resources.ErrorMessages.it.resources,Err_NoOnlineChangePossible,"Non è possibile eseguire alcuna modifica in linea. Eseguire un download completo"
_3S.CoDeSys.Compiler35220.Resources.ErrorMessages.it.resources,Err_NoOutputMemory,"Nessuna memoria di uscita riservata"
_3S.CoDeSys.Compiler35220.Resources.ErrorMessages.it.resources,Err_NoOutsideAccessToGenericVariable,"Nessun accesso esterno al generico Constant '{0}' del blocco funzionale '{1}’"
_3S.CoDeSys.Compiler35220.Resources.ErrorMessages.it.resources,Err_NoOverrideOnFinalMethod,"Blocco funzionale '{0}': Impossibile sostituire il metodo {1}.{2} con l’identificatore di accesso FINAL"
_3S.CoDeSys.Compiler35220.Resources.ErrorMessages.it.resources,Err_NoOverrideOnInternalMethod,"Blocco funzionale '{0}': Impossibile sostituire il metodo {1}.{2} nella libreria {3} con l’identificatore di accesso INTERNAL"
_3S.CoDeSys.Compiler35220.Resources.ErrorMessages.it.resources,Err_NoOverrideOnPrivateMethod,"Blocco funzionale '{0}': Impossibile sostituire il metodo {1}.{2} con l’identificatore di accesso PRIVATE"
_3S.CoDeSys.Compiler35220.Resources.ErrorMessages.it.resources,Err_NoPointerToBit,"POINTER TO BIT non è ammesso"
_3S.CoDeSys.Compiler35220.Resources.ErrorMessages.it.resources,Err_NoPropertiesInOutAssignment,"Una proprietà non può essere assegnata durante l'assegnazione dell'uscita di una chiamata. Utilizzare al suo posto una variabile temporanea."
_3S.CoDeSys.Compiler35220.Resources.ErrorMessages.it.resources,Err_NoPropertyForVarInout,"Le proprietà non possono essere assegnate a VAR_IN_OUT."
_3S.CoDeSys.Compiler35220.Resources.ErrorMessages.it.resources,Err_NoReadAccessToProperty,"La proprietà '{0}' non può essere utilizzata in questo contesto perché non dispone di una funzione di accesso Get"
_3S.CoDeSys.Compiler35220.Resources.ErrorMessages.it.resources,Err_NoReferenceToBits,"Non sono ammessi riferimenti a bit"
_3S.CoDeSys.Compiler35220.Resources.ErrorMessages.it.resources,Err_NoReferenceToOutput,"Le uscite non possono essere del tipo REFERENCE TO"
_3S.CoDeSys.Compiler35220.Resources.ErrorMessages.it.resources,Err_NoResolutionForLazyVariable,"Impossibile risolvere il tipo della variabile tipizzata lazy '{0}'"
_3S.CoDeSys.Compiler35220.Resources.ErrorMessages.it.resources,Err_NoResolutionForSomeLazyVariables,"Non è stato possibile dedurre il tipo di variabili lazy in questa firma."
_3S.CoDeSys.Compiler35220.Resources.ErrorMessages.it.resources,Err_NoStaticVariableInitialisationForValue,"L’inizializzazione della variabile statica '{0}' non è costante o le costanti sostituite sono disabilitate"
_3S.CoDeSys.Compiler35220.Resources.ErrorMessages.it.resources,Err_NoSuchLabel,"Etichetta '{0}' non definita nell’area dell’istruzione 'JMP'."
_3S.CoDeSys.Compiler35220.Resources.ErrorMessages.it.resources,Err_NoSystemDefine,"Non esiste alcuna definizione di sistema per '{0}'"
_3S.CoDeSys.Compiler35220.Resources.ErrorMessages.it.resources,Err_NotAllowedInContainerLib,"'{0}' in libreria container non consentito"
_3S.CoDeSys.Compiler35220.Resources.ErrorMessages.it.resources,Err_NotAllowedInInterfaceLib,"'{0}' in libreria di interfaccia non consentito"
_3S.CoDeSys.Compiler35220.Resources.ErrorMessages.it.resources,Err_NotAllowedInTaskLocalVariables,"Elenco di variabili locali del task '{0}': '{1}' non è consentito"
_3S.CoDeSys.Compiler35220.Resources.ErrorMessages.it.resources,Err_NotAnInstanceOf,"'{0}' non è un’istanza di '{1}'"
_3S.CoDeSys.Compiler35220.Resources.ErrorMessages.it.resources,Err_NotEnoughMemoryForCompactDownload,"Memoria residua insufficiente per download compatto nell’area del primo codice. Impossibile allocare '{0}' byte"
_3S.CoDeSys.Compiler35220.Resources.ErrorMessages.it.resources,Err_NotEnoughMemoryForVariableInit,"Memoria insufficiente per l’inizializzazione della variabile '{0}'. {1} byte necessari"
_3S.CoDeSys.Compiler35220.Resources.ErrorMessages.it.resources,Err_NotSupportedInInterface,"Questo codice non è supportato nella parte dichiarazione"
_3S.CoDeSys.Compiler35220.Resources.ErrorMessages.it.resources,Err_NoValidCondition,"'{0}' non è una condizione valida"
_3S.CoDeSys.Compiler35220.Resources.ErrorMessages.it.resources,Err_NoValidConditionforPragma,"'{0}' non è una condizione pragma valida"
_3S.CoDeSys.Compiler35220.Resources.ErrorMessages.it.resources,Err_NoValidEnumInit,"{0} non è un’inizializzazione valida per un’enumerazione"
_3S.CoDeSys.Compiler35220.Resources.ErrorMessages.it.resources,Err_NoValidInstancePath,"'{0}' non è un percorso di istanza valido"
_3S.CoDeSys.Compiler35220.Resources.ErrorMessages.it.resources,Err_NoValidOperand,"'{0}' non è un operando valido"
_3S.CoDeSys.Compiler35220.Resources.ErrorMessages.it.resources,Err_NoValidOperandforPragma,"'{0}' non è un pragma valido"
_3S.CoDeSys.Compiler35220.Resources.ErrorMessages.it.resources,Err_NoValidStatement,"'{0}' non è un’istruzione valida"
_3S.CoDeSys.Compiler35220.Resources.ErrorMessages.it.resources,Err_NoValuePassingForCPPExternal,"Le funzioni compatibili CPP non possono contenere ingressi o uscite del tipo STRING, ARRAY o tipi strutturati. Usare invece POINTER o REFERENCE."
_3S.CoDeSys.Compiler35220.Resources.ErrorMessages.it.resources,Err_NoVarConfigInMethodOrFunction,"Indirizzi incompleti non sono consentiti in metodi e funzioni"
_3S.CoDeSys.Compiler35220.Resources.ErrorMessages.it.resources,Err_NoVarForExternal,"Nessuna definizione globale trovata per VAR_EXTERNAL {0}"
_3S.CoDeSys.Compiler35220.Resources.ErrorMessages.it.resources,Err_NoVarInputInPropertyAccessors,"Non è consentito di definire le variabili di ingresso nelle funzioni di accesso property: {0} : {1}"
_3S.CoDeSys.Compiler35220.Resources.ErrorMessages.it.resources,Err_NoVarsinInterface,"Dichiarazioni di variabili non consentite nelle definizioni d'interfaccia"
_3S.CoDeSys.Compiler35220.Resources.ErrorMessages.it.resources,Err_NoVarTempInSubsequentPrograms,"VAR_TEMP non è possibile in programmi con attributo 'subsequent'"
_3S.CoDeSys.Compiler35220.Resources.ErrorMessages.it.resources,Err_NumOfInitializersDoNotMatch,"Il numero di inizializzatori FB_Init ({0}) non corrisponde al numero di elementi array ({1})"
_3S.CoDeSys.Compiler35220.Resources.ErrorMessages.it.resources,Err_OneAccessorRequired,"La proprietà '{0}' richiede almeno una funzione di accesso"
_3S.CoDeSys.Compiler35220.Resources.ErrorMessages.it.resources,Err_OnlyMethodsOverride,"Impossibile sostituire {0} {1} di {2}: è possibile sostituire solo i metodi"
_3S.CoDeSys.Compiler35220.Resources.ErrorMessages.it.resources,Err_OperationNotPossibleOnType,"L’operatore '{0}' non può essere utilizzato sul tipo '{1}'"
_3S.CoDeSys.Compiler35220.Resources.ErrorMessages.it.resources,Err_Operator1of2Expected,"'{0}' o '{1}' previsti al posto di '{2}'"
_3S.CoDeSys.Compiler35220.Resources.ErrorMessages.it.resources,Err_Operator1of3Expected,"'{0}', '{1}' o '{2}' previsti al posto di '{3}'"
_3S.CoDeSys.Compiler35220.Resources.ErrorMessages.it.resources,Err_Operator1of3ExpectedInsteadofEOF,"Trovato End-of-file non previsto: '{0}', '{1}' o '{2}' previsti"
_3S.CoDeSys.Compiler35220.Resources.ErrorMessages.it.resources,Err_Operator1of4Expected,"'{0}', '{1}', '{2}' o '{3}' previsti al posto di '{4}'"
_3S.CoDeSys.Compiler35220.Resources.ErrorMessages.it.resources,Err_OperatorExpected,"'{0}' previsto al posto di '{1}'"
_3S.CoDeSys.Compiler35220.Resources.ErrorMessages.it.resources,Err_OperatorExpectedInsteadofEOF,"Trovato End-of-file non previsto: '{0}' previsto"
_3S.CoDeSys.Compiler35220.Resources.ErrorMessages.it.resources,Err_OperatorNotAllowedAtPosition,"L'uso dell'operatore '{0}' non è più consentito in queste istruzioni"
_3S.CoDeSys.Compiler35220.Resources.ErrorMessages.it.resources,Err_OperatorNotSupported,"Operatore '{0}' non supportato"
_3S.CoDeSys.Compiler35220.Resources.ErrorMessages.it.resources,Err_OperatorNotSupportedVersion,"L’operatore '{0}' non è supportato dal vostro dispositivo di destinazione attuale. È richiesta almeno la versione {1} del sistema di runtime."
_3S.CoDeSys.Compiler35220.Resources.ErrorMessages.it.resources,Err_OperatorNoValidVariableName,"L'operatore '{0}' non è un nome valido per una variabile"
_3S.CoDeSys.Compiler35220.Resources.ErrorMessages.it.resources,Err_OpNeedsAtLeastInputs,"'{0} richiede almeno {1} operandi"
_3S.CoDeSys.Compiler35220.Resources.ErrorMessages.it.resources,Err_OpNeedsExactInputs,"'{0} richiede esattamente {1} operandi"
_3S.CoDeSys.Compiler35220.Resources.ErrorMessages.it.resources,Err_OpTakesAtMostInputs,"'{0}' richiede al massimo '{1}' operandi"
_3S.CoDeSys.Compiler35220.Resources.ErrorMessages.it.resources,Err_OutOfCodeMemory,"Memoria del programma insufficiente: POU '{0}', {1} byte. (La compilazione incrementale può causare la frammentazione della memoria. Eseguire ""Compilazione"" e ""Pulizia"" per forzare la riallocazione di tutti i dati e dei codici)."
_3S.CoDeSys.Compiler35220.Resources.ErrorMessages.it.resources,Err_OutOfMemory,"Memoria dati globale insufficiente: Variabile '{0}', {1} byte. (La compilazione incrementale può causare la frammentazione della memoria. Eseguire ""Compilazione"" e ""Pulizia"" per forzare la riallocazione di tutti i dati e dei codici)."
_3S.CoDeSys.Compiler35220.Resources.ErrorMessages.it.resources,Err_OutOfMemoryFunctionPointer,"Memoria dati globale esaurita: impossibile allocare il puntatore a funzione '{0}'"
_3S.CoDeSys.Compiler35220.Resources.ErrorMessages.it.resources,Err_OutOfMemoryWithWholeSize,"Memoria dati globale insufficiente: variabile '{0}', {1} byte (maggiore area di spazi vuoti contigui {2}). La compilazione incrementale o l'aggiunta di variabili all'elenco di variabili persistenti potrebbe creare una memoria frammentata. Eseguire “Dichiarazioni, Riordina l’elenco e rimuovi spazi vuoti” per comprimere gli elenchi delle variabili persistenti oppure “Compila, pulisci” per forzare una nuova allocazione degli altri dati e del codice."
_3S.CoDeSys.Compiler35220.Resources.ErrorMessages.it.resources,Err_OutOfPersistentMemoryExplicit,"Memoria persistente insufficiente: variabile '{0}', {1} byte (maggiore area di spazi vuoti contigui {2}). La modifica dell'elenco di variabili persistenti può provocare una frammentazione della memoria. Eseguire “Dichiarazioni, Riordina l’elenco e rimuovi spazi vuoti” per comprimere gli elenchi delle variabili persistenti. {3}"
_3S.CoDeSys.Compiler35220.Resources.ErrorMessages.it.resources,Err_OutOfPersistentMemoryImplicit,"Memoria persistente insufficiente {0}"
_3S.CoDeSys.Compiler35220.Resources.ErrorMessages.it.resources,Err_OutOfRetainMemory,"Al di fuori della memoria Retain: Variabile '{0}', {1} byte. (La compilazione incrementale può causare la frammentazione della memoria. Eseguire ""Compilazione"" e ""Pulizia"" per forzare la riallocazione di tutti i dati e dei codici)."
_3S.CoDeSys.Compiler35220.Resources.ErrorMessages.it.resources,Err_OutOfRetainMemoryWithWholeSize,"Al di fuori della memoria Retain: Variabile '{0}', {1} byte. (Dimensione totale disponibile {2}) (La compilazione incrementale può causare la frammentazione della memoria. Eseguire ""Compilazione"" e ""Pulizia"" per forzare la riallocazione di tutti i dati e dei codici)."
_3S.CoDeSys.Compiler35220.Resources.ErrorMessages.it.resources,Err_OutParamNotEqual,"Il tipo '{0}' non corrisponde al tipo '{1}' di VAR_OUTPUT '{2}'"
_3S.CoDeSys.Compiler35220.Resources.ErrorMessages.it.resources,Err_OutputByteWrittenFromDifferentTasks,"Lo stesso byte nella memoria di uscita viene scritto in diversi task"
_3S.CoDeSys.Compiler35220.Resources.ErrorMessages.it.resources,Err_OverflowInAddress,"Overflow di costante nell’indirizzo '{0}'"
_3S.CoDeSys.Compiler35220.Resources.ErrorMessages.it.resources,Err_OverloadNeedsAttribute,"Esiste già un altro metodo con il nome '{0}'. Usare l’attributo {{attributo 'overloaded'}}, se desidera definire metodi di overloading."
_3S.CoDeSys.Compiler35220.Resources.ErrorMessages.it.resources,Err_OverloadWithSameInputs,"Esiste un altro overload per '{0}' con gli stessi tipi di input."
_3S.CoDeSys.Compiler35220.Resources.ErrorMessages.it.resources,Err_ParameterlistNotConst,"Un elenco di parametri deve essere dichiarato come costante."
_3S.CoDeSys.Compiler35220.Resources.ErrorMessages.it.resources,Err_ParamsNotAllowed,"Un parametro 'PARAMS' deve essere l’ultimo ingresso di una funzione o metodo"
_3S.CoDeSys.Compiler35220.Resources.ErrorMessages.it.resources,Err_PartialAccess_NotAValidComponent,"'%{1}{2}' non è un componente parziale valido di '{0}'"
_3S.CoDeSys.Compiler35220.Resources.ErrorMessages.it.resources,Err_PartialAccess_OnlyOnBitTypes,"L’accesso parziale è solo supportato su tipi ANY_BIT e non su '{0}'"
_3S.CoDeSys.Compiler35220.Resources.ErrorMessages.it.resources,Err_PersistentNoAddress,"La dichiarazione diretta degli indirizzi non è possibile negli elenchi di variabili persistenti"
_3S.CoDeSys.Compiler35220.Resources.ErrorMessages.it.resources,Err_PersistentVariablesChangeMessageText,"Variabili persistenti modificate. Download annullato dall'utente."
_3S.CoDeSys.Compiler35220.Resources.ErrorMessages.it.resources,Err_PersistentWrongVariable,"Tutte le variabili dell’elenco persistente devono essere VAR_GLOBAL PERSISTENT o VAR_GLOBAL PERSISTENT RETAIN"
_3S.CoDeSys.Compiler35220.Resources.ErrorMessages.it.resources,Err_POUCalledFromDifferentTasks,"Il modulo {0} scrive sull'uscita {1} e viene chiamato in numerosi task"
_3S.CoDeSys.Compiler35220.Resources.ErrorMessages.it.resources,Err_PrivateOnMethodsOnly,"PRIVATE e PROTECTED possono essere applicati solo su metodi e blocchi funzionali"
_3S.CoDeSys.Compiler35220.Resources.ErrorMessages.it.resources,Err_ProjectDefinedNotSupportedFor,"La condizione 'progetto_definito' non è supportata per questa sintassi, dal momento che potrebbe interessare l’interfaccia pubblica di '{0}'."
_3S.CoDeSys.Compiler35220.Resources.ErrorMessages.it.resources,Err_QueryInterfaceErrorP1,"Il primo operando of __QueryInterface deve essere un riferimento di interfaccia o l'istanza di un blocco funzionale"
_3S.CoDeSys.Compiler35220.Resources.ErrorMessages.it.resources,Err_QueryInterfaceErrorP2,"Il secondo operando di __QueryInterface deve essere un riferimento di interfaccia."
_3S.CoDeSys.Compiler35220.Resources.ErrorMessages.it.resources,Err_QueryInterfaceP1NoIQuery,"L’interfaccia {0} non estende {1}"
_3S.CoDeSys.Compiler35220.Resources.ErrorMessages.it.resources,Err_QueryPointerErrorP1,"Il primo operando di __QueryPointer deve essere un riferimento di interfaccia o l'istanza di un blocco funzionale."
_3S.CoDeSys.Compiler35220.Resources.ErrorMessages.it.resources,Err_QueryPointerErrorP2,"Il secondo operando di __QueryInterface deve essere un puntatore"
_3S.CoDeSys.Compiler35220.Resources.ErrorMessages.it.resources,Err_RecursiveConstantInitialisation,"Definizione ricorsiva di valore costante"
_3S.CoDeSys.Compiler35220.Resources.ErrorMessages.it.resources,Err_RefAssignNeedsLValue,"Un'assegnazione del riferimento richiede una variabile con accesso in scrittura come fonte di attribuzione"
_3S.CoDeSys.Compiler35220.Resources.ErrorMessages.it.resources,Err_RefAssignOnlyForReferenceTypes,"L'inizializzazione con REF= è consentita per variabili del tipo REFERENCE TO"
_3S.CoDeSys.Compiler35220.Resources.ErrorMessages.it.resources,Err_ReferenceNotAllowed,"Non è possibile utilizzare un tipo di riferimento come tipo di base di un array, di un puntatore o di un riferimento"
_3S.CoDeSys.Compiler35220.Resources.ErrorMessages.it.resources,Err_ReferenceNotAllowedForVarInOut,"Un tipo di riferimento non è consentito come tipo di un VAR_IN_OUT"
_3S.CoDeSys.Compiler35220.Resources.ErrorMessages.it.resources,Err_ReferenceToInput,"L'assegnazione del riferimento non è possibile su una variabile che è mappata su un indirizzo di ingresso"
_3S.CoDeSys.Compiler35220.Resources.ErrorMessages.it.resources,Err_RelatedPositionInterface,"Posizione correlata: Metodo di interfaccia '{0} dell'interfaccia {1}'."
_3S.CoDeSys.Compiler35220.Resources.ErrorMessages.it.resources,Err_RelatedPositionTaskX,"Relativa posizione: accesso in task {0}"
_3S.CoDeSys.Compiler35220.Resources.ErrorMessages.it.resources,Err_RetainNotAccessiblePOU,"Il modulo {0} nascondi il nome della libreria, impossibile accedere agli elementi della libreria. Non viene generato un codice implicito per il salvataggio delle variabili Retain {1}."
_3S.CoDeSys.Compiler35220.Resources.ErrorMessages.it.resources,Err_RetainNotAccessibleVariable,"La variabile {0} nascondi il nome della libreria. Impossibile accedere agli elementi della libreria. Non viene generato un codice implicito per il salvataggio delle variabili Retain {1}."
_3S.CoDeSys.Compiler35220.Resources.ErrorMessages.it.resources,Err_RetainOrPersistentNotAllowed,"'RETAIN' o 'PERSISTENT' non sono consentiti in questo punto"
_3S.CoDeSys.Compiler35220.Resources.ErrorMessages.it.resources,Err_RetainsNotSupported,"In questo dispositivo non sono supportati dati Retain"
_3S.CoDeSys.Compiler35220.Resources.ErrorMessages.it.resources,Err_ReturnTypeForNonFunction,"Il tipo restituito è consentito solo per funzioni e metodi"
_3S.CoDeSys.Compiler35220.Resources.ErrorMessages.it.resources,Err_RValueRequired,"L’assegnazione non possiede una sorgente valida"
_3S.CoDeSys.Compiler35220.Resources.ErrorMessages.it.resources,Err_SelfInheritance,"Ricorsione nell’interfaccia: {0}"
_3S.CoDeSys.Compiler35220.Resources.ErrorMessages.it.resources,Err_SelfInheritanceBase,"Ricorsione nell'elenco del blocco funzionale di base: {0}"
_3S.CoDeSys.Compiler35220.Resources.ErrorMessages.it.resources,Err_SelMuxOnlyEqualUserDefTypes,"Tutti i tipi definiti dall'utente che vengono utilizzati in SEL o MUX devono essere uguali"
_3S.CoDeSys.Compiler35220.Resources.ErrorMessages.it.resources,Err_SemicolonExpected,"';' previsto al posto di '{0}'"
_3S.CoDeSys.Compiler35220.Resources.ErrorMessages.it.resources,Err_SemicolonExpectedInsteadOfEnd,"';' previsto invece della fine del POU"
_3S.CoDeSys.Compiler35220.Resources.ErrorMessages.it.resources,Err_SlotFunctionAmbiguousName,"Il modulo {0} con attributo slot {1} non ha un nome univoco."
_3S.CoDeSys.Compiler35220.Resources.ErrorMessages.it.resources,Err_SlotFunctionHiddenByVariable,"Modulo {0} con attributo slot {1} non può essere richiamato perché viene nascosto dalla variabile '{2}'."
_3S.CoDeSys.Compiler35220.Resources.ErrorMessages.it.resources,Err_SomethingOverridingMethod,"{0} '{1}' sostituisce il metodo d’interfaccia '{2}'"
_3S.CoDeSys.Compiler35220.Resources.ErrorMessages.it.resources,Err_SomethingOverridingMethodBase,"{0} '{1}' sostituisce il metodo base '{2}'"
_3S.CoDeSys.Compiler35220.Resources.ErrorMessages.it.resources,Err_SpecialTypeExpected,"In questo punto si attende l'espressione del tipo '{0}'"
_3S.CoDeSys.Compiler35220.Resources.ErrorMessages.it.resources,Err_StackOverflowDetected,"Overflow dello stack rilevato in Task {0}. Dimensione massima dello stack: {1} byte. Dimensione calcolata dello stack: {2} byte. Gerarchia delle chiamate:"
_3S.CoDeSys.Compiler35220.Resources.ErrorMessages.it.resources,Err_StaticNotAllowed,"La dichiarazione 'VAR_INST' non è consentita in questo punto"
_3S.CoDeSys.Compiler35220.Resources.ErrorMessages.it.resources,Err_StrictEnumNoArithmeticAllowed,"Operazioni matematiche sul tipo strict ENUM '{0}' non consentite"
_3S.CoDeSys.Compiler35220.Resources.ErrorMessages.it.resources,Err_StrictEnumNotAMember,"'{0}' non è un valore valido per il tipo strict ENUM '{1}'."
_3S.CoDeSys.Compiler35220.Resources.ErrorMessages.it.resources,Err_StringLengthIsNoConstant,"La lunghezza stringa '{0}' non è un valore costante"
_3S.CoDeSys.Compiler35220.Resources.ErrorMessages.it.resources,Err_StringLiteralExpected,"Atteso letterale di stringa al posto di '{0}'"
_3S.CoDeSys.Compiler35220.Resources.ErrorMessages.it.resources,Err_StringSizeExpected,"Lunghezza della stringa prevista dopo '('"
_3S.CoDeSys.Compiler35220.Resources.ErrorMessages.it.resources,Err_StringTooShortForVarInOut,"Variabile stringa '{0}' troppo corta per i parametri VAR_IN_OUT '{1}' di '{2}'"
_3S.CoDeSys.Compiler35220.Resources.ErrorMessages.it.resources,Err_StructInitOnlyInput,"'{0}' non è un ingresso di '{1}'"
_3S.CoDeSys.Compiler35220.Resources.ErrorMessages.it.resources,Err_StructuredValueTypeInExternalCall,"Il tipo strutturato '{0}' non è ammesso in una chiamata di funzione esterna"
_3S.CoDeSys.Compiler35220.Resources.ErrorMessages.it.resources,Err_StructureInitialisationNotPossible,"Un’inizializzazione di struttura non è possibile come parametro di una chiamata di funzione Init. Al suo posto utilizzare una variabile."
_3S.CoDeSys.Compiler35220.Resources.ErrorMessages.it.resources,Err_StructureInitializationExpected,"Atteso elenco di inizializzazione per {0}"
_3S.CoDeSys.Compiler35220.Resources.ErrorMessages.it.resources,Err_StructureNotAllowed,"La dichiarazione 'STRUCT' è ammessa solo nella definizione DUT"
_3S.CoDeSys.Compiler35220.Resources.ErrorMessages.it.resources,Err_SummarizedLibraryErrors,"{0} errori interni nella libreria {1}"
_3S.CoDeSys.Compiler35220.Resources.ErrorMessages.it.resources,Err_SystemOutOfMemory,"Il sistema di sviluppo non possiede una memoria sufficiente per eseguire la modifica in linea. Riavviare l'applicazione prima di continuare a sviluppare."
_3S.CoDeSys.Compiler35220.Resources.ErrorMessages.it.resources,Err_TaskLocalVariablesAccessNotAllowed,"Elenco di variabili locali del task '{0}': accesso in scrittura solo consentito nel task '{1}'"
_3S.CoDeSys.Compiler35220.Resources.ErrorMessages.it.resources,Err_TaskLocalVariablesNoOnlineChangePossible,"L’elenco di variabili locali del task '{0}' è cambiato. Nessuna modifica in linea possibile."
_3S.CoDeSys.Compiler35220.Resources.ErrorMessages.it.resources,Err_TaskLocalVariablesWriterTaskNotDefined,"Elenco di variabili locali del task '{0}': task dello scrittore non definito"
_3S.CoDeSys.Compiler35220.Resources.ErrorMessages.it.resources,Err_ThisNotAllowed,"L’utilizzo di THIS non è ammesso in questo contesto"
_3S.CoDeSys.Compiler35220.Resources.ErrorMessages.it.resources,Err_TooFewParametersForExtensibleFunction,"La funzione estensibile {0} richiede al minimo {1} ingressi per il parametro {2}"
_3S.CoDeSys.Compiler35220.Resources.ErrorMessages.it.resources,Err_TooManyInitializer,"Troppi inizializzatori per l'array"
_3S.CoDeSys.Compiler35220.Resources.ErrorMessages.it.resources,Err_TooManyParametersForExtensibleFunction,"La funzione estensibile {0} accetta al massimo {1} ingressi per il parametro {2}"
_3S.CoDeSys.Compiler35220.Resources.ErrorMessages.it.resources,Err_TryCatchNotSupported,"La gestione strutturata delle eccezioni non viene ancora supportata"
_3S.CoDeSys.Compiler35220.Resources.ErrorMessages.it.resources,Err_TryCatchNotSupportedCodegenerator,"Il generatore di codice per il dispositivo attuale non supporta una gestione strutturata delle eccezioni"
_3S.CoDeSys.Compiler35220.Resources.ErrorMessages.it.resources,Err_TryCatchNotSupportedVersion,"La gestione strutturata delle eccezioni non viene supportata sul vostro dispositivo di destinazione attuale. È richiesta almeno la versione 3.5.6.0 del runtime."
_3S.CoDeSys.Compiler35220.Resources.ErrorMessages.it.resources,Err_TypeExpected,"Definizione tipo prevista al posto di {0}'"
_3S.CoDeSys.Compiler35220.Resources.ErrorMessages.it.resources,Err_TypeIsNotGeneric,"'{0}' non è un blocco funzionale generico."
_3S.CoDeSys.Compiler35220.Resources.ErrorMessages.it.resources,Err_TypeMismatch,"Il tipo '{0}' non può essere convertito nel tipo '{1}'"
_3S.CoDeSys.Compiler35220.Resources.ErrorMessages.it.resources,Err_TypesNotComparable,"Il tipo '{0}' non può essere confrontato con il tipo '{1}'"
_3S.CoDeSys.Compiler35220.Resources.ErrorMessages.it.resources,Err_UnexpectedArrayInitialisation,"Inizializzazione imprevista dell'array"
_3S.CoDeSys.Compiler35220.Resources.ErrorMessages.it.resources,Err_UnexpectedOperandForCallInitFunction,"Operando imprevisto '{0}' n '{1}' trovato. Deve essere trasmesso un GVL o un PRG come parametro."
_3S.CoDeSys.Compiler35220.Resources.ErrorMessages.it.resources,Err_UnexpectedOperandForIndexOf,"Operando non previsto '{0}' trovato in '{1}'"
_3S.CoDeSys.Compiler35220.Resources.ErrorMessages.it.resources,Err_UnexpectedPragmaif,"Pragma imprevisto: '{0}' trovato senza un 'if' corrispondente"
_3S.CoDeSys.Compiler35220.Resources.ErrorMessages.it.resources,Err_UnexpectedStatement,"Affermazione inattesa"
_3S.CoDeSys.Compiler35220.Resources.ErrorMessages.it.resources,Err_UnexpectedStructureInitialisation,"Inizializzazione struttura non prevista"
_3S.CoDeSys.Compiler35220.Resources.ErrorMessages.it.resources,Err_UnexpectedTokenFound,"Token non previsto '{0}' trovato"
_3S.CoDeSys.Compiler35220.Resources.ErrorMessages.it.resources,Err_UnexpectedTypeName,"La designazione del tipo '{0}' non è prevista in questo punto"
_3S.CoDeSys.Compiler35220.Resources.ErrorMessages.it.resources,Err_UninitialisedVariableUsedInInitialisation,"La variabile non inizializzata {0} viene utilizzata per l'inizializzazione di {1}. Utilizzare l'attributo 'global_init_slot' per modificare l'ordine di inizializzazione."
_3S.CoDeSys.Compiler35220.Resources.ErrorMessages.it.resources,Err_UnionNotAllowed,"La dichiarazione UNION è ammessa solo nella definizione DUT"
_3S.CoDeSys.Compiler35220.Resources.ErrorMessages.it.resources,Err_UnknownCompilerVersionInCompiledLib,"La versione del compilatore ""{1}"" con cui la libreria compilata ""{0}"" è stata creata è più recente della versione del compilatore del progetto o sconosciuta."
_3S.CoDeSys.Compiler35220.Resources.ErrorMessages.it.resources,Err_UnknownEmbeddedLanguageType,"Tipo di lingua '{0}' incorporato sconosciuto."
_3S.CoDeSys.Compiler35220.Resources.ErrorMessages.it.resources,Err_UnknownMaxStackSize,"L’accesso alle informazioni sul task attualmente eseguito richiede conoscenze sulla dimensione massima dello stack supportata sul sistema di destinazione"
_3S.CoDeSys.Compiler35220.Resources.ErrorMessages.it.resources,Err_UnknownType,"Tipo sconosciuto: '{0}'"
_3S.CoDeSys.Compiler35220.Resources.ErrorMessages.it.resources,Err_UnsupportedFeature,"La funzionalità del compilatore '{0}' viene supportata unicamente con la versione del compilatore {1} o più recente"
_3S.CoDeSys.Compiler35220.Resources.ErrorMessages.it.resources,Err_UnsupportedType,"Tipo non supportato: '{0}'"
_3S.CoDeSys.Compiler35220.Resources.ErrorMessages.it.resources,Err_UpperBoundExpected,"L’istruzione FOR richiede un limite superiore"
_3S.CoDeSys.Compiler35220.Resources.ErrorMessages.it.resources,Err_UserCheckFunctionsNotSupported,"Le funzioni di controllo definite dall'utente non vengono supportate"
_3S.CoDeSys.Compiler35220.Resources.ErrorMessages.it.resources,Err_VarAccessNotSupported,"VAR_ACCESS non supportato"
_3S.CoDeSys.Compiler35220.Resources.ErrorMessages.it.resources,Err_VarConfigNotAllowed,"La dichiarazione VAR_CONFIG è ammessa solo nell'elenco VAR_CONFIG"
_3S.CoDeSys.Compiler35220.Resources.ErrorMessages.it.resources,Err_VarGlobalNotAllowed,"La dichiarazione 'VAR_GLOBAL' è ammessa solo negli elenchi di variabili globali"
_3S.CoDeSys.Compiler35220.Resources.ErrorMessages.it.resources,Err_VariableDeclarationExpected,"Dichiarazione di variabile prevista al posto di {0}"
_3S.CoDeSys.Compiler35220.Resources.ErrorMessages.it.resources,Err_VariableDuplicate,"Una variabile locale con il nome '{0}' è già definita in '{1}'."
_3S.CoDeSys.Compiler35220.Resources.ErrorMessages.it.resources,Err_VariableForVarinoutConstant,"Il parametro VAR_IN_OUT CONSTANT '{0}' di '{1}' richiede una variabile come ingresso"
_3S.CoDeSys.Compiler35220.Resources.ErrorMessages.it.resources,Err_VariableListExpected,"VAR, VAR_INPUT, VAR_OUTPUT o VAR_IN_OUT previsti al posto di {0}"
_3S.CoDeSys.Compiler35220.Resources.ErrorMessages.it.resources,Err_VariableOverride,"Definizione multipla della variabile '{0}' nel blocco funzionale '{1}' e nella base '{2}'"
_3S.CoDeSys.Compiler35220.Resources.ErrorMessages.it.resources,Err_VarInstOnlyInMethods,"La dichiarazione 'VAR_INST' non è consentita in questo punto"
_3S.CoDeSys.Compiler35220.Resources.ErrorMessages.it.resources,Err_VarLengthArrayInOut,"Gli array con lunghezze variabili sono solo possibili come VAR_IN_OUT di blocchi funzionali o come VAR_IN_OUT e VAR_INPUT metodi e funzioni"
_3S.CoDeSys.Compiler35220.Resources.ErrorMessages.it.resources,Err_VarLengthArrayTopLevel,"Un tipo di un array di lunghezza variabile deve trovarsi nella prima posizione di una dichiarazione del tipo"
_3S.CoDeSys.Compiler35220.Resources.ErrorMessages.it.resources,Err_VarTempNotAllowed,"La dichiarazione 'VAR_TEMP' non è consentita in questo punto"
_3S.CoDeSys.Compiler35220.Resources.ErrorMessages.it.resources,Err_VarTooBig,"La variabile '{0}' è troppo grande. (Dimensione variabile: {1}, dimensione segmento: {2})"
_3S.CoDeSys.Compiler35220.Resources.ErrorMessages.it.resources,Err_VectorBaseMustBeRealType,"Il tipo di base di un vettore deve essere REAL o LREAL."
_3S.CoDeSys.Compiler35220.Resources.ErrorMessages.it.resources,Err_VectorNoPersistentRetain,"Un vettore non può essere dichiarato persistent o retain"
_3S.CoDeSys.Compiler35220.Resources.ErrorMessages.it.resources,Err_VectorSizeIsNoConstant,"La dimensione di un vettore deve essere una costante"
_3S.CoDeSys.Compiler35220.Resources.ErrorMessages.it.resources,Err_VectorSizeNotValid,"La dimensione di un vettore deve essere un numero intero superiore a 0 e inferiore a 9"
_3S.CoDeSys.Compiler35220.Resources.ErrorMessages.it.resources,Err_VectorTypeCantBePlacedInUnion,"Tipi di vettori non possono essere posizionati in unions"
_3S.CoDeSys.Compiler35220.Resources.ErrorMessages.it.resources,Err_VectorTypesNotCompatible,"I tipi di vettore {0} e {1} non sono compatibili"
_3S.CoDeSys.Compiler35220.Resources.ErrorMessages.it.resources,Err_VersionInvalidFormat,"Il token '{0}' non è una versione valida"
_3S.CoDeSys.Compiler35220.Resources.ErrorMessages.it.resources,Err_VersionOverflow,"Almeno una parte della versione '{0}' ha un valore troppo grande"
_3S.CoDeSys.Compiler35220.Resources.ErrorMessages.it.resources,Err_VersionPartNegative,"Almeno una parte della versione '{0}' ha un valore negativo"
_3S.CoDeSys.Compiler35220.Resources.ErrorMessages.it.resources,Err_WrongCallAfterGlobalInitSlotSignature,"Una firma decorata con l’attributo 'call_after_global_init_slot' non deve avere argomenti o un singolo ingresso chiamato 'bInitRetains'."
_3S.CoDeSys.Compiler35220.Resources.ErrorMessages.it.resources,Err_WrongConstructor,"Il metodo 'FB_init' di un blocco funzionale o di una struttura richiede due ingressi 'bInitRetains' e 'bInCopyCode' del tipo BOOL"
_3S.CoDeSys.Compiler35220.Resources.ErrorMessages.it.resources,Err_WrongDestructor,"Il metodo FB_Exit di un blocco funzionale o di una struttura deve avere un singolo ingresso 'bInCopyCode' del tipo BOOL e un valore restituito del tipo BOOL."
_3S.CoDeSys.Compiler35220.Resources.ErrorMessages.it.resources,Err_WrongFormalParameter,"Parametro formale errato: '{0}' previsto in questo punto"
_3S.CoDeSys.Compiler35220.Resources.ErrorMessages.it.resources,Err_WrongObjectType,"Impossibile chiamare l’oggetto di tipo '{0}'"
_3S.CoDeSys.Compiler35220.Resources.ErrorMessages.it.resources,Err_WrongReInit,"Il metodo FB_ReInit di un blocco funzionale o di una struttura deve avere un singolo ingresso 'bInCopyCode' del e un valore restituito del tipo BOOL. Il FB_ReInit non verrà chiamato automaticamente!"
_3S.CoDeSys.Compiler35220.Resources.ErrorMessages.it.resources,Err_WrongTypeForAdr,"'{0}' non è ammesso come operando per 'ADR'"
_3S.CoDeSys.Compiler35220.Resources.ErrorMessages.it.resources,Err_WrongTypeForExternal,"Definizione tipo errata per VAR_EXTERNAL {0}"
_3S.CoDeSys.Compiler35220.Resources.ErrorMessages.it.resources,Err_WrongVarInInterfaceMethod,"Nei metodi d’interfaccia sono ammessi solo 'VAR_INPUT', 'VAR_OUTPUT' o 'VAR_IN_OUT'"
_3S.CoDeSys.Compiler35220.Resources.ErrorMessages.it.resources,Inf_RelatedPosition,"Posizione correlata"
_3S.CoDeSys.Compiler35220.Resources.ErrorMessages.it.resources,Inf_RelatedPositionRecursion,"Chiamato '{0}'."
_3S.CoDeSys.Compiler35220.Resources.ErrorMessages.it.resources,Inf_RelatedPositionStackoverflow,"'{0}' usando {1} byte di stack."
_3S.CoDeSys.Compiler35220.Resources.ErrorMessages.it.resources,Inf_UseXSizeOfOperator,"Usare l’operatore XSIZEOF per tipi grandi"
_3S.CoDeSys.Compiler35220.Resources.ErrorMessages.it.resources,Info_PersistentMemoryConfiguration,"È possibile modificare la dimensione della memoria persistente nella configurazione della memoria persistente."
_3S.CoDeSys.Compiler35220.Resources.ErrorMessages.it.resources,PublishSymbolsMustBeSet,"Deve essere attivato 'Rendere visibili tutti i simboli IEC nel progetto'"
_3S.CoDeSys.Compiler35220.Resources.ErrorMessages.it.resources,Txt_ParentContextNotUpToDate,"""Contesto padre non attuale""."
_3S.CoDeSys.Compiler35220.Resources.ErrorMessages.it.resources,Wrn_AbstractKeywordMissing,"Manca la parola chiave ABSTRACT"
_3S.CoDeSys.Compiler35220.Resources.ErrorMessages.it.resources,Wrn_AccessToInternalObject,"Non dovrebbe accedere all’oggetto interno {0} della libreria {1}"
_3S.CoDeSys.Compiler35220.Resources.ErrorMessages.it.resources,Wrn_AccessToInternalProperty,"Non dovrebbe accedere alla proprietà interna {0} della libreria {1}"
_3S.CoDeSys.Compiler35220.Resources.ErrorMessages.it.resources,Wrn_AccessToInternalVariable,"Non dovrebbe accedere alla variabile interna {0} della libreria {1}"
_3S.CoDeSys.Compiler35220.Resources.ErrorMessages.it.resources,Wrn_AmbiguousCheckfunctionInLibrary,"La funzione di controllo implicita {0} è nascosta da un’altra funzione di controllo implicita {1}. I controlli non verranno eseguiti! Risolvere il conflitto e pulire l’applicazione per usare la funzione di controllo."
_3S.CoDeSys.Compiler35220.Resources.ErrorMessages.it.resources,Wrn_AtLeastOneExpected,"È prevista almeno un’istruzione"
_3S.CoDeSys.Compiler35220.Resources.ErrorMessages.it.resources,Wrn_AttributeCheck,"Controllo dell’attributo fallito"
_3S.CoDeSys.Compiler35220.Resources.ErrorMessages.it.resources,Wrn_BoolNotAtBitAddress,"L'indirizzo bit atteso per tipo di dati BOOL"
_3S.CoDeSys.Compiler35220.Resources.ErrorMessages.it.resources,Wrn_CallOfPrivateProperty,"Non dovrebbe accedere alla proprietà privata {0}.{1}"
_3S.CoDeSys.Compiler35220.Resources.ErrorMessages.it.resources,Wrn_CallOfProtectedProperty,"Non dovrebbe accedere alla proprietà protetta {0}.{1}"
_3S.CoDeSys.Compiler35220.Resources.ErrorMessages.it.resources,Wrn_CallRecursion,"Ricorsione chiamata: {0}"
_3S.CoDeSys.Compiler35220.Resources.ErrorMessages.it.resources,Wrn_ChangeOfAccessModifier,"Il metodo {0}.{1} modifica il modificatore di accesso ""{2}"" quando sovrascrive il metodo {3}.{1}"
_3S.CoDeSys.Compiler35220.Resources.ErrorMessages.it.resources,Wrn_ComplexExpression,"Il POU contiene un'espressione molto complessa. Considerare l'utilizzo di risultati intermedi."
_3S.CoDeSys.Compiler35220.Resources.ErrorMessages.it.resources,Wrn_ConcurrentAccessOfBitInSameByte,"Accesso contemporaneo a bit '{0}' nello stesso byte"
_3S.CoDeSys.Compiler35220.Resources.ErrorMessages.it.resources,Wrn_ConstantInStructDeclaration,"La parola chiave CONSTANT viene ignorata nella dichiarazione di una struttura o unione"
_3S.CoDeSys.Compiler35220.Resources.ErrorMessages.it.resources,Wrn_DefaultValueNotConstant,"Il valore predefinito non è costante"
_3S.CoDeSys.Compiler35220.Resources.ErrorMessages.it.resources,Wrn_DefaultValueTopLevel,"L’ingresso è solo opzionale se questa funzione è chiamata dal codice IEC"
_3S.CoDeSys.Compiler35220.Resources.ErrorMessages.it.resources,Wrn_DeviceNotInstalledForSimulation,"Il dispositivo non è installato. La simulazione utilizzerà le impostazioni predefinite."
_3S.CoDeSys.Compiler35220.Resources.ErrorMessages.it.resources,Wrn_EnumComparison,"Confronto di un tipo di enumerazione ({0}) con un altro ({1})"
_3S.CoDeSys.Compiler35220.Resources.ErrorMessages.it.resources,Wrn_EnumValueDuplicate,"La costante {0} è assegnata a più di una enumerazione"
_3S.CoDeSys.Compiler35220.Resources.ErrorMessages.it.resources,Wrn_ExitForRetainInstances,"Anche FB_EXIT di istanze in VAR_RETAIN è chiamato durante il reset a caldo, ma non FB_INIT. Evitare la dichiarazione rimanente dei blocchi funzionali con FB_EXIT!"
_3S.CoDeSys.Compiler35220.Resources.ErrorMessages.it.resources,Wrn_ExtendsForInterfaces,"Usare la parola chiave EXTENDS per l’ereditarietà di interfacce al posto di IMPLEMENTS"
_3S.CoDeSys.Compiler35220.Resources.ErrorMessages.it.resources,Wrn_ExternalReferenceIgnored,"I riferimenti esterni sono ammessi solo per i blocchi funzionali, i metodi e le funzioni e per gli elenchi di variabili globali costanti. Il riferimento esterno {0} per '{1}' sarà ignorato."
_3S.CoDeSys.Compiler35220.Resources.ErrorMessages.it.resources,Wrn_GlobalInitSlotNotForVariables,"L’attributo 'global_init_slot' agisce sempre sull’intero elenco di variabili e non può essere applicato a singole variabili"
_3S.CoDeSys.Compiler35220.Resources.ErrorMessages.it.resources,Wrn_GranularityMismatchForDirectVariable,"La variabile '{0}' ha una granularità di {1} ma è situata nell’indirizzo diretto {2} che non è allineato con {1} byte"
_3S.CoDeSys.Compiler35220.Resources.ErrorMessages.it.resources,Wrn_ImplicitCheckFunctionShadowed,"La funzione di controllo implicita '{0}' è nascosta da un’altra variabile o funzione. I controlli non saranno eseguiti! Risolvere il conflitto e pulire l’applicazione per utilizzare la funzione di controllo."
_3S.CoDeSys.Compiler35220.Resources.ErrorMessages.it.resources,Wrn_ImplicitEnumConversion,"Conversione implicita da un tipo di enumerazione \n ({0}) ad un altro ({1})"
_3S.CoDeSys.Compiler35220.Resources.ErrorMessages.it.resources,Wrn_ImplicitIntToReal,"Conversione implicita di '{0}' in '{1}': possibile perdita di dati"
_3S.CoDeSys.Compiler35220.Resources.ErrorMessages.it.resources,Wrn_ImplicitSignedToUnsigned,"Conversione implicita di un tipo di dati con segno '{0}' in un tipo di dati senza segno '{1}': possibile cambio del segno"
_3S.CoDeSys.Compiler35220.Resources.ErrorMessages.it.resources,Wrn_ImplicitUnsignedToSigned,"Conversione implicita di un tipo di dati senza segno '{0}' in un tipo di dati con segno '{1}': possibile perdita del segno"
_3S.CoDeSys.Compiler35220.Resources.ErrorMessages.it.resources,Wrn_InterfaceChangedBase,"L’interfaccia del metodo sostituito '{0}' della base '{1}' non coincide con la dichiarazione"
_3S.CoDeSys.Compiler35220.Resources.ErrorMessages.it.resources,Wrn_InvalidDefaultValue,"Il tipo {0} non può avere un valore predefinito in questo contesto"
_3S.CoDeSys.Compiler35220.Resources.ErrorMessages.it.resources,Wrn_InvalidStringSize,"La dimensione di una stringa non deve essere negativa ('{0}')"
_3S.CoDeSys.Compiler35220.Resources.ErrorMessages.it.resources,Wrn_LabelNoReference,"L’etichetta '{0}' non è riferita"
_3S.CoDeSys.Compiler35220.Resources.ErrorMessages.it.resources,Wrn_LibraryNotInstalled,"La libreria {0} non è stata aggiunta al gestore di librerie o non è stata trovata una licenza valida"
_3S.CoDeSys.Compiler35220.Resources.ErrorMessages.it.resources,Wrn_LibWithStringInVarInOut,"Considerare di dichiarare la variabile di stringa VAR_IN_OUT '{0}' in '{1}' come VAR_IN_OUT CONSTANT, per far sì che i chiamanti possano trasmettere letterali o costanti."
_3S.CoDeSys.Compiler35220.Resources.ErrorMessages.it.resources,Wrn_LoopExitConditionConstant,"La condizione di uscita dal ciclo '{0} {1} {2}' ha valore costante FALSE. Possibilità di ciclo continuo."
_3S.CoDeSys.Compiler35220.Resources.ErrorMessages.it.resources,Wrn_LValueForVarinoutStrings,"Il parametro VAR_IN_OUT '{0}' rispettivamente REFERENCE '{0}' di '{1}' richiede una variabile con accesso in scrittura come ingresso. Nelle versioni future ciò provocherà un errore di compilazione!"
_3S.CoDeSys.Compiler35220.Resources.ErrorMessages.it.resources,Wrn_MethodAlreadyCalledImplicitly,"Il metodo '{0}' viene già richiamato implicitamente"
_3S.CoDeSys.Compiler35220.Resources.ErrorMessages.it.resources,Wrn_MissingAttributeNoAssign,"Manca l'attributo 'no_assign' per POU '{0}'? Il tipo della variabile '{1}' è attribuito con 'no_assign'."
_3S.CoDeSys.Compiler35220.Resources.ErrorMessages.it.resources,Wrn_MissingInstancePathForPersistent,"Impossibile trovare un percorso istanza adatto nell'elenco VAR_PERSISTENT per la variabile {0}. Utilizzare il comando ""Aggiungi tutti i percorsi di istanza"" per aggiungere tutti i percorsi di istanza all'elenco VAR_PERSISTENT. (Vedi la guida per dettagli)"
_3S.CoDeSys.Compiler35220.Resources.ErrorMessages.it.resources,Wrn_NoInheritanceForUnions,"L'ereditarietà non è prevista per il tipo di dati ""UNION"": {0}"
_3S.CoDeSys.Compiler35220.Resources.ErrorMessages.it.resources,Wrn_NoInitialValueForConstant,"Nessun valore iniziale per la variabile costante '{0}'"
_3S.CoDeSys.Compiler35220.Resources.ErrorMessages.it.resources,Wrn_NonAsciiStringLiteral,"Il letterale di stringa '{0}...' contiene caratteri non rappresentabili. Potrebbe essere usata l’opzione del progetto 'Codifica UTF-8 per STRING'."
_3S.CoDeSys.Compiler35220.Resources.ErrorMessages.it.resources,Wrn_NonLocalAccessToVarInOut,"Accesso a VAR_IN_OUT '{0}' dichiarato in '{1}' da un contesto esterno '{2}'."
_3S.CoDeSys.Compiler35220.Resources.ErrorMessages.it.resources,Wrn_NoPointerToBit,"Un singolo bit non può essere riferito. Un riferimento viene salvato sul byte completo."
_3S.CoDeSys.Compiler35220.Resources.ErrorMessages.it.resources,Wrn_NotAllowedInInterfaceLib,"'{0}' in libreria di interfaccia non consentito"
_3S.CoDeSys.Compiler35220.Resources.ErrorMessages.it.resources,Wrn_Obsolete,"Il POU '{0}' è stato contrassegnato come obsoleto: {1}"
_3S.CoDeSys.Compiler35220.Resources.ErrorMessages.it.resources,Wrn_ObsoleteOutputInAbstractMethod,"Il valore predefinito per un VAR_OUTPUT non viene usato in metodi astratti o di interfaccia"
_3S.CoDeSys.Compiler35220.Resources.ErrorMessages.it.resources,Wrn_OnlyConstantInitialValueForMappedPersistentVar,"Solo le costanti sostituite possono essere applicate come valore iniziale per una variabile persistente mappata"
_3S.CoDeSys.Compiler35220.Resources.ErrorMessages.it.resources,Wrn_PersistentVariableOnStack,"Variabili persistenti nelle istanze del blocco funzionale situate sullo stack non sono supportate: {0}"
_3S.CoDeSys.Compiler35220.Resources.ErrorMessages.it.resources,Wrn_PointerMisatch,"Il tipo '{0}' non può essere convertito nel tipo '{1}'"
_3S.CoDeSys.Compiler35220.Resources.ErrorMessages.it.resources,Wrn_Pragma,"Avviso definito dall'utente, creato dal pragma warning"
_3S.CoDeSys.Compiler35220.Resources.ErrorMessages.it.resources,Wrn_ReferenceToUninitializedVariable,"Un riferimento alla variabile non inizializzata {0} è utilizzato per l’inizializzazione di {1}. L’accesso alla variabile non inizializzata può tradursi in un comportamento imprevisto."
_3S.CoDeSys.Compiler35220.Resources.ErrorMessages.it.resources,Wrn_ReservedUnusedKeyword,"Il nome '{0}' è una parola chiave riservata nello standard IEC61131-3. Un errore sarà riportato nelle versioni future."
_3S.CoDeSys.Compiler35220.Resources.ErrorMessages.it.resources,Wrn_ShiftExceedsTypeSize,"Lo spostamento di {0} supera la dimensione del tipo di {1}"
_3S.CoDeSys.Compiler35220.Resources.ErrorMessages.it.resources,Wrn_StackCheckIncompleteDueToRecursion,"Calcolo del consumo di stack in base a chiamate ricorrenti incompleto, a partire da '{0}':"
_3S.CoDeSys.Compiler35220.Resources.ErrorMessages.it.resources,Wrn_StatementNoEffect,"Il codice '{0}' non ha alcun effetto. È intenzionale?"
_3S.CoDeSys.Compiler35220.Resources.ErrorMessages.it.resources,Wrn_StringConstantTooLong,"La costante di stringa '{0}' è troppo lunga per il tipo di destinazione '{1}'"
_3S.CoDeSys.Compiler35220.Resources.ErrorMessages.it.resources,Wrn_StruturedTypePropertyNotMonitorable,"L’attributo di monitoraggio non viene supportato per la proprietà '{0}' e verrà ignorato"
_3S.CoDeSys.Compiler35220.Resources.ErrorMessages.it.resources,Wrn_TooManyApplications,"Sono state definite {0} applicazione(i) per il dispositivo {1}. Il numero massimo è {2}. Pertanto non sarà possibile scaricare tutte le applicazioni."
_3S.CoDeSys.Compiler35220.Resources.ErrorMessages.it.resources,Wrn_UninitialisedVariableUsedInInitialisation,"La variabile non inizializzata {0} viene utilizzata per l'inizializzazione di {1}. Utilizzare l'attributo 'global_init_slot' per modificare l'ordine di inizializzazione."
_3S.CoDeSys.Compiler35220.Resources.ErrorMessages.it.resources,Wrn_ValueAssignViaPointerMayChangeVFTable,"L’istanza cui {0} fa riferimento viene reinizializzata per le chiamate virtuali di funzioni. Accertarsi che {0} non punti a un tipo derivante da {1}."
_3S.CoDeSys.Compiler35220.Resources.ErrorMessages.it.resources,Wrn_VarInOutUnitializedInInitialValue,"Accesso alla variabile VAR_IN_OUT non inizializzata"
_3S.CoDeSys.Compiler35220.Resources.ErrorMessages.it.resources,Wrn_WrongDestructor,"Il metodo FB_Exit di un blocco funzionale o di una struttura deve avere un singolo ingresso 'bInCopyCode' del tipo BOOL e un valore restituito del tipo BOOL."
_3S.CoDeSys.Compiler35220.Resources.ErrorMessages.it.resources,Wrn_WrongReInit,"Il metodo FB_ReInit di un blocco funzionale o di una struttura deve avere un singolo ingresso 'bInCopyCode' del e un valore restituito del tipo BOOL. Il FB_ReInit non verrà chiamato automaticamente!"
_3S.CoDeSys.Compiler35220.Resources.Strings.it.resources,AffectionCopied,"Valore precedente copiato"
_3S.CoDeSys.Compiler35220.Resources.Strings.it.resources,AffectionInitialized,"Inizializzato"
_3S.CoDeSys.Compiler35220.Resources.Strings.it.resources,AffectionLocationChanged,"Posizione modificata"
_3S.CoDeSys.Compiler35220.Resources.Strings.it.resources,AffectionVFTableInitialized,"Tabella virtuale delle funzioni inizializzata"
_3S.CoDeSys.Compiler35220.Resources.Strings.it.resources,And_Text,"e"
_3S.CoDeSys.Compiler35220.Resources.Strings.it.resources,Area_Output_Checked,"Dimensione disponibile per {0}: {1} byte (dimensione disponibile: {2} byte)"
_3S.CoDeSys.Compiler35220.Resources.Strings.it.resources,Area_Output_Checked_Exceeded,"Dimensione superata per {0}: {1} byte (dimensione disponibile: {2} byte)"
_3S.CoDeSys.Compiler35220.Resources.Strings.it.resources,Area_Output_Info,"L’intervallo di memoria {0} contiene {1}: Dimensione: {2}, indirizzo massimo utilizzato: {3}, massimo gap di memoria contiguo: {4} ({5} %) "
_3S.CoDeSys.Compiler35220.Resources.Strings.it.resources,Area_Output_Info_Simple,"L’intervallo di memoria {0} contiene {1}: Massima area di memoria abbinata: {2} ({3} %)"
_3S.CoDeSys.Compiler35220.Resources.Strings.it.resources,AttributeAlreadyRegistered,"L'attributo {0} è già stato registrato da un altro plug-in"
_3S.CoDeSys.Compiler35220.Resources.Strings.it.resources,AttributeInvalidRange,"{0} non è un valore valido per l'attributo '{1}'. Atteso: un valore nell'intervallo [{2}..{3}]."
_3S.CoDeSys.Compiler35220.Resources.Strings.it.resources,AttributeInvalidTypeInteger,"Il valore '{0}' per l'attributo '{1}' non è valido. Atteso: un numero intero, racchiuso tra apici semplici (come '42')."
_3S.CoDeSys.Compiler35220.Resources.Strings.it.resources,AttributeMustBeEmpty,"Valore inatteso '{0}' assegnato all'attributo '{0}'."
_3S.CoDeSys.Compiler35220.Resources.Strings.it.resources,AttributeMustNotBeEmpty,"Valore atteso assegnato all'attributo '{0}'."
_3S.CoDeSys.Compiler35220.Resources.Strings.it.resources,AttributeNotInFunctionFBOrMethod,"L'attributo '{0}' viene valutato solo per POU del tipo funzione, blocco funzionale o metodo"
_3S.CoDeSys.Compiler35220.Resources.Strings.it.resources,AttributeNotInMethod,"L'attributo '{0}' viene valutato solo per POU del tipo METHOD"
_3S.CoDeSys.Compiler35220.Resources.Strings.it.resources,AttributeNotSupportedWithCompilerVersion,"L'attributo '{0}' viene interpretato per la versione di compilatore {1} o più recente. L'attuale versione del compilatore è {2}."
_3S.CoDeSys.Compiler35220.Resources.Strings.it.resources,AttributeStrictDesc,"La decorazione di dichiarazioni del tipo ENUM con l'attributo 'strict' forza solo assegnazioni costanti di componenti ENUM validi durante la compilazione"
_3S.CoDeSys.Compiler35220.Resources.Strings.it.resources,AttributeStrictNoValidSignature,"L'attributo 'strict' viene valutato solo per dichiarazioni del tipo ENUM"
_3S.CoDeSys.Compiler35220.Resources.Strings.it.resources,AttributeToStringFunctionWrongPOUType,"L'attributo '{0}' è solo valido per dichiarazioni di tipo e blocchi funzionali"
_3S.CoDeSys.Compiler35220.Resources.Strings.it.resources,AttributeToStringWrongType,"L'attributo '{0}' è solo valido per enumerazioni"
_3S.CoDeSys.Compiler35220.Resources.Strings.it.resources,AttributeUnknown,"L'attributo {0} è sconosciuto e viene ignorato dal compilatore"
_3S.CoDeSys.Compiler35220.Resources.Strings.it.resources,AttributeValueMustBeOneOf,"Valore non valido '{0}' per l'attributo '{1}' dovrebbe essere uno di: {2}"
_3S.CoDeSys.Compiler35220.Resources.Strings.it.resources,AttributeWrongScopeSigns,"L’attributo '{0}' può solo essere aggiunto alle dichiarazioni della variabile. Qui sarà ignorato."
_3S.CoDeSys.Compiler35220.Resources.Strings.it.resources,AttributeWrongScopeVars,"L'attributo '{0}' è stato già aggiunto a una variabile, ma agisce solo su POU. L'attributo viene ignorato."
_3S.CoDeSys.Compiler35220.Resources.Strings.it.resources,Build,"Compila"
_3S.CoDeSys.Compiler35220.Resources.Strings.it.resources,BuildCompleteErrors,"Compilazione terminata -- {0} errori, {1} avvisi: Nessun download possibile"
_3S.CoDeSys.Compiler35220.Resources.Strings.it.resources,BuildCompleteOK,"Compilazione terminata -- {0} errori, {1} avvisi: pronto per il download"
_3S.CoDeSys.Compiler35220.Resources.Strings.it.resources,BuildStarted,"------ Processo di compilazione avviato: Applicazione: {0} -------"
_3S.CoDeSys.Compiler35220.Resources.Strings.it.resources,C138ErrMsgCheckSyntax,"Controlla la sintassi '{0} : {1}({2})'"
_3S.CoDeSys.Compiler35220.Resources.Strings.it.resources,C138ErrMsgRequiresNInputs,"Il metodo 'FB_Init' specificato richiede esattamente {0} input."
_3S.CoDeSys.Compiler35220.Resources.Strings.it.resources,Change_AttributesChanged,"Attributi cambiati"
_3S.CoDeSys.Compiler35220.Resources.Strings.it.resources,Change_CodeChanged,"Implementazione modificata"
_3S.CoDeSys.Compiler35220.Resources.Strings.it.resources,Change_DefineChanged,"Defines modificati"
_3S.CoDeSys.Compiler35220.Resources.Strings.it.resources,Change_GlobalErrors,"Errori globali nel progetto"
_3S.CoDeSys.Compiler35220.Resources.Strings.it.resources,Change_InterfaceAdded,"{inserita"
_3S.CoDeSys.Compiler35220.Resources.Strings.it.resources,Change_InterfaceChange_Explicitly,"dichiarazione modificata, esplicitamente invalidata"
_3S.CoDeSys.Compiler35220.Resources.Strings.it.resources,Change_InterfaceChanged,"Dichiarazione modificata"
_3S.CoDeSys.Compiler35220.Resources.Strings.it.resources,Change_InterfaceDeleted,"Cancellata"
_3S.CoDeSys.Compiler35220.Resources.Strings.it.resources,Change_NumOfSubSignaturesChanged,"numero di metodi o azioni modificato"
_3S.CoDeSys.Compiler35220.Resources.Strings.it.resources,Change_ParameterTablesChanged,"Tabelle dei parametri libreria modificate"
_3S.CoDeSys.Compiler35220.Resources.Strings.it.resources,Change_ReferencedLibrariesChanged,"Librerie referenziate modificate"
_3S.CoDeSys.Compiler35220.Resources.Strings.it.resources,Change_VariableChanged,"Variabile {0} modificata"
_3S.CoDeSys.Compiler35220.Resources.Strings.it.resources,Change_VariableDeleted,"Variabile {0} cancellata"
_3S.CoDeSys.Compiler35220.Resources.Strings.it.resources,Change_VariableInserted,"variabile {0} inserita"
_3S.CoDeSys.Compiler35220.Resources.Strings.it.resources,ClearDownloadContext,"Cancella contesto download"
_3S.CoDeSys.Compiler35220.Resources.Strings.it.resources,Code_Text,"Codice"
_3S.CoDeSys.Compiler35220.Resources.Strings.it.resources,CodeNoChange,"Il codice non è cambiato. Modifica in linea non necessaria."
_3S.CoDeSys.Compiler35220.Resources.Strings.it.resources,CompileCompleteErrors,"Compilazione terminata -- {0} errori, {1} avvisi"
_3S.CoDeSys.Compiler35220.Resources.Strings.it.resources,CompileCompleteOK,"Compilazione terminata -- {0} errori, {1} avvisi"
_3S.CoDeSys.Compiler35220.Resources.Strings.it.resources,Data_Text,"Dati"
_3S.CoDeSys.Compiler35220.Resources.Strings.it.resources,DoCodeTypification,"Tipizza codice"
_3S.CoDeSys.Compiler35220.Resources.Strings.it.resources,DoLocation,"Trova dati globali"
_3S.CoDeSys.Compiler35220.Resources.Strings.it.resources,DoTypification,"Ricerca area di lavoro in corso"
_3S.CoDeSys.Compiler35220.Resources.Strings.it.resources,DownloadInfoSaveException,"Impossibile di salvare il file di informazioni per il download su {0}.\nL’accesso sul dispositivo non è più possibile dopo un nuovo caricamento del progetto.\nCausa:\n{1}"
_3S.CoDeSys.Compiler35220.Resources.Strings.it.resources,Err_CompilerVersionError,"La versione del compilatore {0} è stata ritirata. Utilizzare una versione superiore del compilatore."
_3S.CoDeSys.Compiler35220.Resources.Strings.it.resources,ErrExpressionContainsNoAppName,"L'espressione non contiene alcun nome dell'applicazione"
_3S.CoDeSys.Compiler35220.Resources.Strings.it.resources,ErrExpressionContainsNoResource,"L'espressione non contiene alcun nome della risorsa"
_3S.CoDeSys.Compiler35220.Resources.Strings.it.resources,ErrInvalidExpression,"Espressione non valida"
_3S.CoDeSys.Compiler35220.Resources.Strings.it.resources,ErrMultipleAreasWithMappedSegmentAccess,"Sono state trovate varie aree impostate per il contrassegno 'MappedSegmentAccessOnly'"
_3S.CoDeSys.Compiler35220.Resources.Strings.it.resources,ErrNoApplication,"Applicazione non trovata"
_3S.CoDeSys.Compiler35220.Resources.Strings.it.resources,ErrNoAreaWithMappedSegmentAccess,"Sono stati trovati segmenti raffigurati, ma nessun'area è contrassegnata con 'MappedSegmentAccessOnly'"
_3S.CoDeSys.Compiler35220.Resources.Strings.it.resources,ErrorLimitExceeded,"Si sono verificati più di {0} errori: tutti gli altri messaggi di errore verranno saltati"
_3S.CoDeSys.Compiler35220.Resources.Strings.it.resources,ErrSignatureNotFound,"Firma non trovata"
_3S.CoDeSys.Compiler35220.Resources.Strings.it.resources,Except_Boot_Project_Error,"Nessun progetto boot possibile in questo stato: Memoria esaurita nell’applicazione. Eseguire prima un download completo."
_3S.CoDeSys.Compiler35220.Resources.Strings.it.resources,Except_Boot_Project_Error_CompileContext_Not_UpToDate,"Progetti di boot impossibili in questo stato: errore interno"
_3S.CoDeSys.Compiler35220.Resources.Strings.it.resources,Except_Boot_Project_Error_Error_In_Compile,"Nessun progetto boot possibile in questo stato. Errore durante la creazione delle informazioni del progetto boot. Vedere la finestra di messaggio."
_3S.CoDeSys.Compiler35220.Resources.Strings.it.resources,FeatureGroup_Description,"Funzionalità relative al linguaggio IEC 61131-3"
_3S.CoDeSys.Compiler35220.Resources.Strings.it.resources,FeatureGroup_Name,"Linguaggio IEC 61131-3"
_3S.CoDeSys.Compiler35220.Resources.Strings.it.resources,GenerateCode,"Crea codice per {0}..."
_3S.CoDeSys.Compiler35220.Resources.Strings.it.resources,GenerateCodeInit,"Crea inizializzazione codice..."
_3S.CoDeSys.Compiler35220.Resources.Strings.it.resources,GenerateCodeProgress,"Il codice viene creato..."
_3S.CoDeSys.Compiler35220.Resources.Strings.it.resources,GenerateGlobalInit,"Crea inizializzazioni globali..."
_3S.CoDeSys.Compiler35220.Resources.Strings.it.resources,GenerateRelocations,"Crea rilocazioni..."
_3S.CoDeSys.Compiler35220.Resources.Strings.it.resources,GeneratingCode,"Crea codice..."
_3S.CoDeSys.Compiler35220.Resources.Strings.it.resources,Getter,"Getter"
_3S.CoDeSys.Compiler35220.Resources.Strings.it.resources,GlobalInitErrorPrefix,"Errore nel codice di inizializzazione implicito:"
_3S.CoDeSys.Compiler35220.Resources.Strings.it.resources,GVLChanged,"Elenco di variabili globali '{0}' modificato"
_3S.CoDeSys.Compiler35220.Resources.Strings.it.resources,GVLRenamedOrDeleted,"Elenco delle variabili globale '{0}' rinominato o cancellato"
_3S.CoDeSys.Compiler35220.Resources.Strings.it.resources,HiddenPousPlaceholder,"<Hidden POUs>"
_3S.CoDeSys.Compiler35220.Resources.Strings.it.resources,Input_Text,"Ingresso"
_3S.CoDeSys.Compiler35220.Resources.Strings.it.resources,InterfaceChanged,"Interfaccia '{0}' modificata"
_3S.CoDeSys.Compiler35220.Resources.Strings.it.resources,InterfaceReferencesAffected,"Verrà controllato l’inoltro dei seguenti riferimenti di interfaccia:"
_3S.CoDeSys.Compiler35220.Resources.Strings.it.resources,InterfacesChanged,"Sono state modificate le seguenti interfacce POU:"
_3S.CoDeSys.Compiler35220.Resources.Strings.it.resources,InvalidBooleanValue,"Valore non valido"
_3S.CoDeSys.Compiler35220.Resources.Strings.it.resources,LanguageModelMngrOptionConditionalShowSymbols_Description,"Utilizzato per rendere le variabili non visibili per l’utente finale nelle librerie"
_3S.CoDeSys.Compiler35220.Resources.Strings.it.resources,Libraries,"Librerie"
_3S.CoDeSys.Compiler35220.Resources.Strings.it.resources,LibrariesChanged,"Librerie modificate"
_3S.CoDeSys.Compiler35220.Resources.Strings.it.resources,LoadCompileContext,"Carica informazioni di compilazione"
_3S.CoDeSys.Compiler35220.Resources.Strings.it.resources,LoadingLibraries,"Caricamento delle librerie in corso..."
_3S.CoDeSys.Compiler35220.Resources.Strings.it.resources,Memory_Text,"Memoria"
_3S.CoDeSys.Compiler35220.Resources.Strings.it.resources,MethodAdded,"Metodo '{0}' di {1} '{2}' aggiunto"
_3S.CoDeSys.Compiler35220.Resources.Strings.it.resources,MethodChanged,"Metodo '{0}' di {1} '{2}' modificato"
_3S.CoDeSys.Compiler35220.Resources.Strings.it.resources,MethodRenamedOrDeleted,"Metodo '{0}' di {1} '{2}' rinominato o cancellato"
_3S.CoDeSys.Compiler35220.Resources.Strings.it.resources,NumInterfacesChanged,"{0} interfacce POU modificate"
_3S.CoDeSys.Compiler35220.Resources.Strings.it.resources,NumInterfacesToTest,"Controllo dell’inoltro di {0} riferimenti interfaccia"
_3S.CoDeSys.Compiler35220.Resources.Strings.it.resources,NumPOUsDownloaded,"{0} POU hanno modificato il proprio codice"
_3S.CoDeSys.Compiler35220.Resources.Strings.it.resources,NumVariablesAffected,"{0} variabili interessate da modifica in linea, {1} posizione modificata, {2} inizializzate, {3} copiate, {4} tabella funzioni inizializzata"
_3S.CoDeSys.Compiler35220.Resources.Strings.it.resources,OnlineChangeRelinkCodegenProgress,"Generazione del codice per ricollegare le interfacce"
_3S.CoDeSys.Compiler35220.Resources.Strings.it.resources,OnlineChangeRelinkProgress,"Controllo delle variabili per possibili riferimenti di interfaccia"
_3S.CoDeSys.Compiler35220.Resources.Strings.it.resources,OR,"o"
_3S.CoDeSys.Compiler35220.Resources.Strings.it.resources,Output_Text,"Uscita"
_3S.CoDeSys.Compiler35220.Resources.Strings.it.resources,ParamsArray_Comment,"'arrParams' è un array a base di 1, che contiene i valori che vengono trasferiti a questa funzione. Ogni valore oltre' nCount' non è assegnato o inizializzato e non dovrebbe essere utilizzato."
_3S.CoDeSys.Compiler35220.Resources.Strings.it.resources,ParamsCount_Comment,"Count definisce il numero dei parametri formali che vengono trasferiti a questa funzione"
_3S.CoDeSys.Compiler35220.Resources.Strings.it.resources,Persistent_Text,"Dati persistenti"
_3S.CoDeSys.Compiler35220.Resources.Strings.it.resources,PersistenVariablesChanged,"Le variabili persistenti sono cambiate! Inizializzare con l'elenco corrente?\n\nSì: viene inizializzato con l'elenco attuale, i valori persistenti esistenti vengono sovrascritti.\nNo: i valori persistenti esistenti rimangono inalterati, l'elenco attuale applica questi valori.\n     AVVISO: i valori potrebbero non corrispondere ai valori di variabili. I valori devono essere verificati manualmente!"
_3S.CoDeSys.Compiler35220.Resources.Strings.it.resources,POUChanged,"{0} '{1}' modificato"
_3S.CoDeSys.Compiler35220.Resources.Strings.it.resources,POURenamedOrDeleted,"{0} '{1}' rinominato o cancellato"
_3S.CoDeSys.Compiler35220.Resources.Strings.it.resources,POUsDownloaded,"Caricamento del codice dei seguenti moduli."
_3S.CoDeSys.Compiler35220.Resources.Strings.it.resources,POUUnit,"Moduli"
_3S.CoDeSys.Compiler35220.Resources.Strings.it.resources,Precompile,"Precompilazione"
_3S.CoDeSys.Compiler35220.Resources.Strings.it.resources,ProjectUpToDate,"L’applicazione è aggiornata"
_3S.CoDeSys.Compiler35220.Resources.Strings.it.resources,Retain_Text,"Dati di retain"
_3S.CoDeSys.Compiler35220.Resources.Strings.it.resources,Scanner_Initialize_char_array_must_end_with_null_value,"L’array Char deve terminare con il valore zero"
_3S.CoDeSys.Compiler35220.Resources.Strings.it.resources,Setter,"Setter"
_3S.CoDeSys.Compiler35220.Resources.Strings.it.resources,String1,"La versione di compilatore definita in questo progetto è obsoleta. Il progetto può ancora essere compilato, ma si consiglia di aggiornare la versione di compilatore a una versione più recente. Assicurarsi che, dopo l'aggiornamento della versione di compilatore, la vecchia versione non sia più disponibile per il progetto."
_3S.CoDeSys.Compiler35220.Resources.Strings.it.resources,SupportExtendedProgrammingFeatureSettingProvider_Description,"Se l'opzione è attiva, nell’interfaccia utente vengono supportate funzioni di programmazione avanzate come la programmazione orientata agli oggetti o gli attributi. Nota: Ciò non influisce sulla possibilità di aprire o compilare progetti contenenti elementi corrispondenti."
_3S.CoDeSys.Compiler35220.Resources.Strings.it.resources,SupportExtendedProgrammingFeatureSettingProvider_Name,"Supporta funzioni di programmazione avanzate"
_3S.CoDeSys.Compiler35220.Resources.Strings.it.resources,TextContains,"Contiene"
_3S.CoDeSys.Compiler35220.Resources.Strings.it.resources,TypeChanged,"Tipo ‘{0}’ modificato"
_3S.CoDeSys.Compiler35220.Resources.Strings.it.resources,TypeRenamedOrDeleted,"Tipo '{0}' rinominato o cancellato"
_3S.CoDeSys.Compiler35220.Resources.Strings.it.resources,TypifyAll,"Tipizza codice..."
_3S.CoDeSys.Compiler35220.Resources.Strings.it.resources,UnexpectedExpression,"'Espressione inattesa {0}'"
_3S.CoDeSys.Compiler35220.Resources.Strings.it.resources,UnresolvedVariable,"Variabile non risolta {0}"
_3S.CoDeSys.Compiler35220.Resources.Strings.it.resources,UpdatingCompilerVersion,"La versione del compilatore viene aggiornata"
_3S.CoDeSys.Compiler35220.Resources.Strings.it.resources,VariableDeclarationChanged,"Dichiarazione delle variabili '{0}' modificata in '{1}'"
_3S.CoDeSys.Compiler35220.Resources.Strings.it.resources,VariableRenamedOrDeleted,"Variabile '{0}' rinominata in '{1}' o cancellata"
_3S.CoDeSys.Compiler35220.Resources.Strings.it.resources,VariablesAffected,"La modifica in linea riguarda le seguenti variabili:"
_3S.CoDeSys.Compiler35220.Resources.Strings.it.resources,WarningLimitExceeded,"Si sono verificati più di {0} errori: tutti gli altri messaggi di errore verranno saltati"
_3S.CoDeSys.Compiler35220.Resources.Strings.it.resources,Warnings,"Avvisi"
_3S.CoDeSys.Compiler35220.Resources.Strings.it.resources,WritingCompileInformationProgressText,"La scrittura dell'informazione di compilazione viene terminata..."
