resource,key,text
_3S.CoDeSys.Compiler35220.Resources.CompilerStrings.pt-BR.resources,AffectionCopied,"Valor antigo copiado"
_3S.CoDeSys.Compiler35220.Resources.CompilerStrings.pt-BR.resources,AffectionInitialized,"Inicializado"
_3S.CoDeSys.Compiler35220.Resources.CompilerStrings.pt-BR.resources,AffectionInitNewVariables,"Novas variáveis inicializadas"
_3S.CoDeSys.Compiler35220.Resources.CompilerStrings.pt-BR.resources,AffectionLocationChanged,"O local foi alterado"
_3S.CoDeSys.Compiler35220.Resources.CompilerStrings.pt-BR.resources,AffectionVFTableInitialized,"Tabela de função virtual inicializada"
_3S.CoDeSys.Compiler35220.Resources.CompilerStrings.pt-BR.resources,And_Text,"e"
_3S.CoDeSys.Compiler35220.Resources.CompilerStrings.pt-BR.resources,Area_Output_Checked,"Tamanho necessário para{0}: {1} bytes (Tamanho disponível: {2} bytes)"
_3S.CoDeSys.Compiler35220.Resources.CompilerStrings.pt-BR.resources,Area_Output_Checked_Exceeded,"Tamanho excedido para{0}: {1} bytes (Tamanho disponível: {2} bytes)"
_3S.CoDeSys.Compiler35220.Resources.CompilerStrings.pt-BR.resources,Area_Output_Info,"A área da memória {0} contém {1}: tamanho: {2} bytes, endereço mais utilizado: {3}, maior gap contíguo de memória: {4} bytes ({5} %)"
_3S.CoDeSys.Compiler35220.Resources.CompilerStrings.pt-BR.resources,Area_Output_Info_Simple,"A área da memória {0} contém {1}: maior gap de memória contíguo: {2} bytes ({3} %)"
_3S.CoDeSys.Compiler35220.Resources.CompilerStrings.pt-BR.resources,Area_Output_Info_Simple_2,"A área da memória {0} contém {1}: tamanho: {2} bytes, maior gap contíguo de memória: {3} bytes ({4} %)"
_3S.CoDeSys.Compiler35220.Resources.CompilerStrings.pt-BR.resources,AttributeHasNoEffect,"(O atributo não tem efeito)"
_3S.CoDeSys.Compiler35220.Resources.CompilerStrings.pt-BR.resources,Build,"Compilar"
_3S.CoDeSys.Compiler35220.Resources.CompilerStrings.pt-BR.resources,BuildCompleteErrors,"Construção completa -- {0} erros, {1} avisos : não é possível fazer nenhum download!"
_3S.CoDeSys.Compiler35220.Resources.CompilerStrings.pt-BR.resources,BuildCompleteOK,"Construção completa -- {0} erros, {1} avisos : pronto para download!"
_3S.CoDeSys.Compiler35220.Resources.CompilerStrings.pt-BR.resources,BuildStarted,"------ Compilação iniciada: aplicação: {0} -------"
_3S.CoDeSys.Compiler35220.Resources.CompilerStrings.pt-BR.resources,Code_Text,"Código"
_3S.CoDeSys.Compiler35220.Resources.CompilerStrings.pt-BR.resources,CodeNoChange,"O código não foi alterado. Não é necessário fazer alterações on-line."
_3S.CoDeSys.Compiler35220.Resources.CompilerStrings.pt-BR.resources,CodeSizeOutput,"Tamanho do código criado: {0} bytes"
_3S.CoDeSys.Compiler35220.Resources.CompilerStrings.pt-BR.resources,Constant,"Constante"
_3S.CoDeSys.Compiler35220.Resources.CompilerStrings.pt-BR.resources,Data_Text,"Dados"
_3S.CoDeSys.Compiler35220.Resources.CompilerStrings.pt-BR.resources,DataSizeOutput,"Tamanho dos dados globais: {0} bytes"
_3S.CoDeSys.Compiler35220.Resources.CompilerStrings.pt-BR.resources,DoCodeTypification,"Tipificar o código"
_3S.CoDeSys.Compiler35220.Resources.CompilerStrings.pt-BR.resources,DoLocation,"Localizar dados globais"
_3S.CoDeSys.Compiler35220.Resources.CompilerStrings.pt-BR.resources,DoTypification,"Tipificação"
_3S.CoDeSys.Compiler35220.Resources.CompilerStrings.pt-BR.resources,Err_NoCodegeneratorDetailed,"A criação de um gerador de código falhou: O complemento '{0}' necessário não está instalado"
_3S.CoDeSys.Compiler35220.Resources.CompilerStrings.pt-BR.resources,Err_NoMemoryAllocationCallbackDetailed,"A criação do alocador de memória falhou: O complemento '{0}' necessário não está instalado"
_3S.CoDeSys.Compiler35220.Resources.CompilerStrings.pt-BR.resources,ErrNoApplication,"Aplicativo não encontrado"
_3S.CoDeSys.Compiler35220.Resources.CompilerStrings.pt-BR.resources,Error_Check_ImplicitParameter_MissingDefault,"Parâmetro implícito exige um valor padrão para a entrada."
_3S.CoDeSys.Compiler35220.Resources.CompilerStrings.pt-BR.resources,Error_Check_ImplicitParameter_UnknownKind,"Tipo desconhecido de parâmetro implícito '{0}'; ele deve estar em [{1}]."
_3S.CoDeSys.Compiler35220.Resources.CompilerStrings.pt-BR.resources,Error_Check_ImplicitParameter_WrongPouType,"Parâmetro implícito só pode ser aplicado a entradas de funções e métodos."
_3S.CoDeSys.Compiler35220.Resources.CompilerStrings.pt-BR.resources,Error_Check_ImplicitParameter_WrongVarKind,"Parâmetro implícito só pode ser aplicado a variáveis VAR_INPUT."
_3S.CoDeSys.Compiler35220.Resources.CompilerStrings.pt-BR.resources,Error_Check_ImplicitParameter_WrongVarType,"Parâmetro implícito só pode ser aplicado a variáveis do tipo STRING ou POINTER TO STRING."
_3S.CoDeSys.Compiler35220.Resources.CompilerStrings.pt-BR.resources,ErrorLimitExceeded,"Mais de {0} erros ocorreram: ignorando todas as próximas mensagens de erro"
_3S.CoDeSys.Compiler35220.Resources.CompilerStrings.pt-BR.resources,Except_Boot_Project_Error,"Nenhum projeto de arranque possível nesse estado: Aplicativo sem memória. Faça o download completo primeiro."
_3S.CoDeSys.Compiler35220.Resources.CompilerStrings.pt-BR.resources,Except_Boot_Project_Error_Error_In_Compile,"Nenhum projeto de arranque possível nesse estado: erro ao criar as informações do projeto de arranque. Veja a janela de mensagens."
_3S.CoDeSys.Compiler35220.Resources.CompilerStrings.pt-BR.resources,GenerateCode,"Gerar código para {0} ..."
_3S.CoDeSys.Compiler35220.Resources.CompilerStrings.pt-BR.resources,GenerateCodeInit,"Gerar inicialização de código..."
_3S.CoDeSys.Compiler35220.Resources.CompilerStrings.pt-BR.resources,GenerateCodeProgress,"Gerando código..."
_3S.CoDeSys.Compiler35220.Resources.CompilerStrings.pt-BR.resources,GenerateGlobalInit,"Gerar inicializações globais..."
_3S.CoDeSys.Compiler35220.Resources.CompilerStrings.pt-BR.resources,GenerateRelocations,"Gerar relocações..."
_3S.CoDeSys.Compiler35220.Resources.CompilerStrings.pt-BR.resources,GeneratingCode,"Gerar código..."
_3S.CoDeSys.Compiler35220.Resources.CompilerStrings.pt-BR.resources,GlobalInitErrorPrefix,"Erro no código de inicialização implícito:"
_3S.CoDeSys.Compiler35220.Resources.CompilerStrings.pt-BR.resources,Input_Text,"Entrada"
_3S.CoDeSys.Compiler35220.Resources.CompilerStrings.pt-BR.resources,InterfaceReferencesAffected,"As referências de interface a seguir estão testadas para redirecionamento:"
_3S.CoDeSys.Compiler35220.Resources.CompilerStrings.pt-BR.resources,InterfacesChanged,"As seguintes interfaces da POU foram alteradas:"
_3S.CoDeSys.Compiler35220.Resources.CompilerStrings.pt-BR.resources,Literal,"Literal"
_3S.CoDeSys.Compiler35220.Resources.CompilerStrings.pt-BR.resources,Memory_Text,"Memória"
_3S.CoDeSys.Compiler35220.Resources.CompilerStrings.pt-BR.resources,NonSafety_Text,"Dados não seguros"
_3S.CoDeSys.Compiler35220.Resources.CompilerStrings.pt-BR.resources,NumInterfacesChanged,"{0} interfaces de POUs foram alteradas"
_3S.CoDeSys.Compiler35220.Resources.CompilerStrings.pt-BR.resources,NumInterfacesToTest,"{0} referências de interface estão testadas para redirecionamento"
_3S.CoDeSys.Compiler35220.Resources.CompilerStrings.pt-BR.resources,NumPOUsDownloaded,"{0} POUs tiveram alterações em seu código"
_3S.CoDeSys.Compiler35220.Resources.CompilerStrings.pt-BR.resources,NumVariablesAffected,"{0} variáveis afetadas por alteração on-line, {1} com local alterado, {2} inicializadas, {3} copiadas, {4} inicializaram tabela de funções virtual"
_3S.CoDeSys.Compiler35220.Resources.CompilerStrings.pt-BR.resources,Output_Text,"Saída"
_3S.CoDeSys.Compiler35220.Resources.CompilerStrings.pt-BR.resources,Persistent_Text,"Dados persistentes"
_3S.CoDeSys.Compiler35220.Resources.CompilerStrings.pt-BR.resources,PersistenVariablesChanged,"Variáveis persistentes alteradas! Deseja iniciar com a lista atual?\n		\nSim: a lista atual será iniciada, os valores persistentes existentes serão sobrescritos.\nNão: os valores persistentes existentes serão mantidos, a lista atual usará esses valores.\n     AVISO: os valores não podem corresponder a suas variáveis persistentes. Você deve verificar os valores manualmente!\n     P. ex.: se você adicionar uma variável no início da lista, todos os valores ficarão incorretos!\n\nCancelar: cancelar download ou alteração online"
_3S.CoDeSys.Compiler35220.Resources.CompilerStrings.pt-BR.resources,POUsDownloaded,"O código dos POUs a seguir será baixado"
_3S.CoDeSys.Compiler35220.Resources.CompilerStrings.pt-BR.resources,POUUnit,"POUs"
_3S.CoDeSys.Compiler35220.Resources.CompilerStrings.pt-BR.resources,ProjectUpToDate,"A aplicação está atualizada."
_3S.CoDeSys.Compiler35220.Resources.CompilerStrings.pt-BR.resources,Retain_Text,"RETAIN dados"
_3S.CoDeSys.Compiler35220.Resources.CompilerStrings.pt-BR.resources,StoppingPrecompileChecks,"Parar as verificações de pré-compilação..."
_3S.CoDeSys.Compiler35220.Resources.CompilerStrings.pt-BR.resources,TooLongStringLiteralHint,"...(mais {0} caracteres)..."
_3S.CoDeSys.Compiler35220.Resources.CompilerStrings.pt-BR.resources,TotalMemorySizeCodeAndData,"Tamanho total da memória alocada para código e dados: {0} bytes"
_3S.CoDeSys.Compiler35220.Resources.CompilerStrings.pt-BR.resources,TypifyAll,"Digite código ..."
_3S.CoDeSys.Compiler35220.Resources.CompilerStrings.pt-BR.resources,UnknownMacroText,"Desconhecido"
_3S.CoDeSys.Compiler35220.Resources.CompilerStrings.pt-BR.resources,VariablesAffected,"As variáveis a seguir são afetadas por alteração on-line:"
_3S.CoDeSys.Compiler35220.Resources.CompilerStrings.pt-BR.resources,WaitForDownloadInfoSaving,"Aguardando até que a gravação do arquivo compileinfo seja concluída"
_3S.CoDeSys.Compiler35220.Resources.CompilerStrings.pt-BR.resources,WarningLimitExceeded,"Mais de {0} avisos ocorreram: ignorando todas as próximas mensagens de advertência"
_3S.CoDeSys.Compiler35220.Resources.ErrorMessages.pt-BR.resources,Err_AbstractAndFinalNotPossible,"Um método ou bloco de funções não pode ser ABSTRACT e FINAL"
_3S.CoDeSys.Compiler35220.Resources.ErrorMessages.pt-BR.resources,Err_AbstractAndPrivateNotPossible,"Um método PRIVATE não pode ser ABSTRACT"
_3S.CoDeSys.Compiler35220.Resources.ErrorMessages.pt-BR.resources,Err_AbstractFunctionBlockAssigned,"O bloco de funções {0} é ABSTRACT e não pode ser usado como destino para uma atribuição"
_3S.CoDeSys.Compiler35220.Resources.ErrorMessages.pt-BR.resources,Err_AbstractFunctionBlockInstance,"O bloco funcional {0} é ABSTRACT e não pode ser instanciado"
_3S.CoDeSys.Compiler35220.Resources.ErrorMessages.pt-BR.resources,Err_AbstractMethodMustNotContainAnyStatements,"O método ABSTRACT {0}.{1} não deve conter nenhuma instrução"
_3S.CoDeSys.Compiler35220.Resources.ErrorMessages.pt-BR.resources,Err_AbstractMethodNotImplemented,"Não há implementação para o método ABSTRACT '{0}' definido no bloco de funções '{1}'"
_3S.CoDeSys.Compiler35220.Resources.ErrorMessages.pt-BR.resources,Err_AbstractMethodOnlyInAbstractFunctionblock,"O método ABSTRACT {0} requer que o bloco funcional {1} seja ABSTRACT também"
_3S.CoDeSys.Compiler35220.Resources.ErrorMessages.pt-BR.resources,Err_AbstractMethodStaticCall,"O método ABSTRACT '{0}' não pode ser chamado por uma chamada estática"
_3S.CoDeSys.Compiler35220.Resources.ErrorMessages.pt-BR.resources,Err_AbstractOnFunctionBlocksAndMethodsOnly,"ABSTRACT só pode ser aplicado em métodos e blocos funcionais"
_3S.CoDeSys.Compiler35220.Resources.ErrorMessages.pt-BR.resources,Err_AbstractPropertyNotImplemented,"Não há implementação para {0} da propriedade ABSTRACT '{1}' definida no bloco de funções '{2}'"
_3S.CoDeSys.Compiler35220.Resources.ErrorMessages.pt-BR.resources,Err_AbstractPropertyStaticCall,"A propriedade ABSTRACT '{0}' não pode ser acessada estaticamente"
_3S.CoDeSys.Compiler35220.Resources.ErrorMessages.pt-BR.resources,Err_AbstractWrongVarInMethod,"Somente entradas, saídas e  entr./saídas permitidas nos métodos ABSTRACT"
_3S.CoDeSys.Compiler35220.Resources.ErrorMessages.pt-BR.resources,Err_AccessOutsideOfCall,"A entrada '{0}' de '{1}' não pode ser acessada fora da chamada"
_3S.CoDeSys.Compiler35220.Resources.ErrorMessages.pt-BR.resources,Err_AccessToInternalObject,"Não é possível acessar o objeto interno {0} da biblioteca {1}"
_3S.CoDeSys.Compiler35220.Resources.ErrorMessages.pt-BR.resources,Err_AccessToInternalProperty,"Não é possível acessar a propriedade interna {0} da biblioteca {1}"
_3S.CoDeSys.Compiler35220.Resources.ErrorMessages.pt-BR.resources,Err_AccessToInternalVariable,"Não é possível acessar a variável interna {0} da biblioteca {1}"
_3S.CoDeSys.Compiler35220.Resources.ErrorMessages.pt-BR.resources,Err_AccessVarInstFromOutsideTheDeclaringMethod,"Impossível aceder a VAR_INST '{0}' de '{1}' fora do método de declaração"
_3S.CoDeSys.Compiler35220.Resources.ErrorMessages.pt-BR.resources,Err_AddressExpected,"Endereço direto esperado após AT em vez de {0}"
_3S.CoDeSys.Compiler35220.Resources.ErrorMessages.pt-BR.resources,Err_AddressMisaligned,"O endereço {0} não é alinhado com o tipo de dado {1}"
_3S.CoDeSys.Compiler35220.Resources.ErrorMessages.pt-BR.resources,Err_AddressOfNonInstanceVar,"Instância necessária ao invés do nome do tipo na expressão endereço de '{0}'."
_3S.CoDeSys.Compiler35220.Resources.ErrorMessages.pt-BR.resources,Err_AddressOutOfRange,"Endereço '{0}' fora do intervalo: offset calculado: {1}, tamanho alocado: {2} bytes"
_3S.CoDeSys.Compiler35220.Resources.ErrorMessages.pt-BR.resources,Err_AddressSourceIsAddressDest,"A variável '{0}' estava localizada no Endereço '{1}'. A variável '{2}' agora está localizada nesse endereço. Essa alteração não é possível com uma alteração online."
_3S.CoDeSys.Compiler35220.Resources.ErrorMessages.pt-BR.resources,Err_Ambiguity,"uso ambíguo do nome '{0}'"
_3S.CoDeSys.Compiler35220.Resources.ErrorMessages.pt-BR.resources,Err_AnyTypeOnlyInFunction,"Variáveis de tipo '{0}' só são permitidas como funções de entrada."
_3S.CoDeSys.Compiler35220.Resources.ErrorMessages.pt-BR.resources,Err_ApplicationConflict,"Há duas aplicações com o mesmo nome, '{0}', no dispositivo '{1}'"
_3S.CoDeSys.Compiler35220.Resources.ErrorMessages.pt-BR.resources,Err_ArrayBorderIsNoConstant,"O limite '{0}' do vetor não é um valor constante"
_3S.CoDeSys.Compiler35220.Resources.ErrorMessages.pt-BR.resources,Err_ArrayBorderNoValidSignedInteger,"A borda da matriz {0} não avalia para uma constante de número inteiro assinada válida"
_3S.CoDeSys.Compiler35220.Resources.ErrorMessages.pt-BR.resources,Err_ArrayIndexNumWrong,"Um vetor requer exatamente {0} índices"
_3S.CoDeSys.Compiler35220.Resources.ErrorMessages.pt-BR.resources,Err_ArrayInitialisationCountNoConstant,"Número '{0}' de inicializações de vetor não é um valor constante"
_3S.CoDeSys.Compiler35220.Resources.ErrorMessages.pt-BR.resources,Err_ArrayInitialisationNotPossible,"Uma inicialização de matriz não é possível como parâmetro de uma chamada de função inicial. Use uma variável"
_3S.CoDeSys.Compiler35220.Resources.ErrorMessages.pt-BR.resources,Err_ArrayInitializationExpected,"Inicialização de vetor esperada"
_3S.CoDeSys.Compiler35220.Resources.ErrorMessages.pt-BR.resources,Err_ATDeclarationNotAllowed,"Uma declaração AT é permitida apenas dentro de uma seção VAR"
_3S.CoDeSys.Compiler35220.Resources.ErrorMessages.pt-BR.resources,Err_AtLeastOneExpected,"É esperada ao menos uma afirmação"
_3S.CoDeSys.Compiler35220.Resources.ErrorMessages.pt-BR.resources,Err_AttributeNameExpected,"Cadeia de byte único esperada para um valor de atributo no lugar de '{0}'"
_3S.CoDeSys.Compiler35220.Resources.ErrorMessages.pt-BR.resources,Err_AttributeNotAllowedFor,"Atributo '{0}' não permitido para '{1}'"
_3S.CoDeSys.Compiler35220.Resources.ErrorMessages.pt-BR.resources,Err_AttributeNotValidForNonExternalPOU,"Atributo '{0}' inválido para POU não externa"
_3S.CoDeSys.Compiler35220.Resources.ErrorMessages.pt-BR.resources,Err_BaseClassNotFound,"Nenhuma definição encontrada para a classe-base '{0}'"
_3S.CoDeSys.Compiler35220.Resources.ErrorMessages.pt-BR.resources,Err_BaseNotAllowed,"A expressão SUPER não é permitida neste contexto"
_3S.CoDeSys.Compiler35220.Resources.ErrorMessages.pt-BR.resources,Err_Bitaccessnoconst,"O acesso a bits requer um literal ou uma constante inteira simbólica"
_3S.CoDeSys.Compiler35220.Resources.ErrorMessages.pt-BR.resources,Err_BitAccessOnlyOnInt,"O acesso por bits só é possível em tipos inteiros"
_3S.CoDeSys.Compiler35220.Resources.ErrorMessages.pt-BR.resources,Err_BitAdrOnOperation,"O operador BITADR só é possível em variáveis, não em operações"
_3S.CoDeSys.Compiler35220.Resources.ErrorMessages.pt-BR.resources,Err_BitNrOverflow,"'{0}' não é um número de bit válido para '{1}'"
_3S.CoDeSys.Compiler35220.Resources.ErrorMessages.pt-BR.resources,Err_BitsForStructureOnly,"Somente estruturas e blocos de funções podem conter variáveis de tipo BIT."
_3S.CoDeSys.Compiler35220.Resources.ErrorMessages.pt-BR.resources,Err_BitsWrongScope,"Variáveis do tipo BIT devem ser declaradas em uma seção VAR_INPUT, VAR_OUTPUT ou VAR"
_3S.CoDeSys.Compiler35220.Resources.ErrorMessages.pt-BR.resources,Err_BlobInitError,"Era esperado um valor constante em vez de '{0}'"
_3S.CoDeSys.Compiler35220.Resources.ErrorMessages.pt-BR.resources,Err_CalcNeedsCall,"O segundo parâmetro da chamada condicional deve ser uma declaração de chamada válida"
_3S.CoDeSys.Compiler35220.Resources.ErrorMessages.pt-BR.resources,Err_CallAfterInitHasInputs,"Um método marcado com '{0}' não pode ter nenhuma entrada."
_3S.CoDeSys.Compiler35220.Resources.ErrorMessages.pt-BR.resources,Err_CalleeInvalidType,"Nome do programa, função ou instância do bloco de funções esperado ao invés de '{0}'"
_3S.CoDeSys.Compiler35220.Resources.ErrorMessages.pt-BR.resources,Err_CallOfPrivateMethod,"Não é possível acessar o método privado {0}.{1}"
_3S.CoDeSys.Compiler35220.Resources.ErrorMessages.pt-BR.resources,Err_CallOfPrivateProperty,"Não é possível acessar a propriedade privada {0}.{1}"
_3S.CoDeSys.Compiler35220.Resources.ErrorMessages.pt-BR.resources,Err_CallOfProtectedMethod,"Não é possível acessar o método protegido {0}.{1}"
_3S.CoDeSys.Compiler35220.Resources.ErrorMessages.pt-BR.resources,Err_CallOfProtectedProperty,"Não é possível acessar a propriedade protegida {0}.{1}"
_3S.CoDeSys.Compiler35220.Resources.ErrorMessages.pt-BR.resources,Err_CallRecursion,"Recursividade na chamada: {0}"
_3S.CoDeSys.Compiler35220.Resources.ErrorMessages.pt-BR.resources,Err_CancelledByUser,"Compilação cancelada pelo usuário"
_3S.CoDeSys.Compiler35220.Resources.ErrorMessages.pt-BR.resources,Err_CannotAddMultipleTime,"Não é possível adicionar múltiplos operandos de tipo '{0}'"
_3S.CoDeSys.Compiler35220.Resources.ErrorMessages.pt-BR.resources,Err_CannotMultiplyMultipleTime,"Não é possível multiplicar múltiplos operandos de tipo '{0}'"
_3S.CoDeSys.Compiler35220.Resources.ErrorMessages.pt-BR.resources,Err_CantHaveBaseClass,"A palavra-chave EXTENDS não é aplicável ao tipo {0}"
_3S.CoDeSys.Compiler35220.Resources.ErrorMessages.pt-BR.resources,Err_CaseLabelDuplicate,"Rótulo de caso duplicado"
_3S.CoDeSys.Compiler35220.Resources.ErrorMessages.pt-BR.resources,Err_CaseLabelInCaseRange,"O rótulo do caso{0} também contido no intervalo {1} a {2}"
_3S.CoDeSys.Compiler35220.Resources.ErrorMessages.pt-BR.resources,Err_CaseLabelNoConstant,"O rótulo do caso requer uma constante inteira literal ou simbólica"
_3S.CoDeSys.Compiler35220.Resources.ErrorMessages.pt-BR.resources,Err_CaseLabelOutsideOfCase,"O rótulo do caso não é parte de uma declaração de caso"
_3S.CoDeSys.Compiler35220.Resources.ErrorMessages.pt-BR.resources,Err_CaseRangesOverlapping,"O caso contém intervalos {0} a {1} e {2} a {3} que são sobrepostos"
_3S.CoDeSys.Compiler35220.Resources.ErrorMessages.pt-BR.resources,Err_CheckLicenseNeedsSysTarget,"A biblioteca 3S License é necessária para o operador __CHECKLICENSE."
_3S.CoDeSys.Compiler35220.Resources.ErrorMessages.pt-BR.resources,Err_CompareNotPossible1,"A comparação não é possível em objetos de tipo '{0}'"
_3S.CoDeSys.Compiler35220.Resources.ErrorMessages.pt-BR.resources,Err_CompareNotPossible2,"A comparação não é possível em objetos de tipo '{0}' ou '{1}"
_3S.CoDeSys.Compiler35220.Resources.ErrorMessages.pt-BR.resources,Err_ComparisonOperatorExpected,"Operador de comparação esperado em vez de '{0}'"
_3S.CoDeSys.Compiler35220.Resources.ErrorMessages.pt-BR.resources,Err_CompilerVersionError,"A versão {0} do compilador foi retirada. Use uma versão de compilador mais recente em seu lugar."
_3S.CoDeSys.Compiler35220.Resources.ErrorMessages.pt-BR.resources,Err_CompoAccessNoStruct,"'{0}' não é uma variável estruturada"
_3S.CoDeSys.Compiler35220.Resources.ErrorMessages.pt-BR.resources,Err_ConditionExpected,"Condição esperada"
_3S.CoDeSys.Compiler35220.Resources.ErrorMessages.pt-BR.resources,Err_ConstantIndexOutOfRange,"O índice constante '{0}' não está contido no intervalo entre '{1}' e '{2}'"
_3S.CoDeSys.Compiler35220.Resources.ErrorMessages.pt-BR.resources,Err_ConstantOverflow,"A constante '{0}' é longa demais para o tipo '{1}'"
_3S.CoDeSys.Compiler35220.Resources.ErrorMessages.pt-BR.resources,Err_ContainsNoDefinition,"'{0}' não contém nenhuma definição para '{1}'"
_3S.CoDeSys.Compiler35220.Resources.ErrorMessages.pt-BR.resources,Err_CounterStartExpected,"Era esperada a inicialização do contador"
_3S.CoDeSys.Compiler35220.Resources.ErrorMessages.pt-BR.resources,Err_DataRecursion,"Recursividade de dados: {0}"
_3S.CoDeSys.Compiler35220.Resources.ErrorMessages.pt-BR.resources,Err_DeclarationKeywordNotAllowed,"'{0}' não permitido nesse local"
_3S.CoDeSys.Compiler35220.Resources.ErrorMessages.pt-BR.resources,Err_DefineValueExpected,"Era esperado um valor definido em vez de '{0}'"
_3S.CoDeSys.Compiler35220.Resources.ErrorMessages.pt-BR.resources,Err_DeleteNeedsPointer,"O operando de __DELETE precisa ser um indicador"
_3S.CoDeSys.Compiler35220.Resources.ErrorMessages.pt-BR.resources,Err_DerefNoPointer,"A desreferência requer um ponteiro"
_3S.CoDeSys.Compiler35220.Resources.ErrorMessages.pt-BR.resources,Err_DeviceNameNoIdent,"Nome do dispositivo '{0}' inválido. Deve ser um identificador IEC 61131-3 válido"
_3S.CoDeSys.Compiler35220.Resources.ErrorMessages.pt-BR.resources,Err_DeviceNotInstalled,"O dispositivo não está instalado no sistema. Não é possível fazer geração de código."
_3S.CoDeSys.Compiler35220.Resources.ErrorMessages.pt-BR.resources,Err_DivisionByZero,"Divisão por zero"
_3S.CoDeSys.Compiler35220.Resources.ErrorMessages.pt-BR.resources,Err_DuplicateElseInCaseStatement,"Definição duplicada de ELSE na instrução CASE"
_3S.CoDeSys.Compiler35220.Resources.ErrorMessages.pt-BR.resources,Err_DuplicateLabelDefinition,"O rótulo '{0}' é uma duplicata"
_3S.CoDeSys.Compiler35220.Resources.ErrorMessages.pt-BR.resources,Err_DuplicateVarConfig,"VAR_CONFIG duplicado para '{0}'"
_3S.CoDeSys.Compiler35220.Resources.ErrorMessages.pt-BR.resources,Err_DynamicMemoryNotSupported,"Não há memória para criação de objeto dinâmico definida para a aplicação '{0}'"
_3S.CoDeSys.Compiler35220.Resources.ErrorMessages.pt-BR.resources,Err_ExplicitTransitionAssignMissing,"O código da transição contém múltiplas declarações. É necessária a atribuição explícita à variável de saída da transição."
_3S.CoDeSys.Compiler35220.Resources.ErrorMessages.pt-BR.resources,Err_ExpressionExpectedInstead,"Era esperada uma expressão em vez de '{0}'"
_3S.CoDeSys.Compiler35220.Resources.ErrorMessages.pt-BR.resources,Err_ExprNoConstantError,"Era esperado um valor constante em vez de '{0}'"
_3S.CoDeSys.Compiler35220.Resources.ErrorMessages.pt-BR.resources,Err_FCallExpectedPointerAsSecondArgument,"O segundo argumento de FCall deve ser um ponteiro para uma função."
_3S.CoDeSys.Compiler35220.Resources.ErrorMessages.pt-BR.resources,Err_FCallWrongCallPatternSignature,"O primeiro argumento do FCall deve ser um tipo de assinatura que é usado como padrão para a chamada."
_3S.CoDeSys.Compiler35220.Resources.ErrorMessages.pt-BR.resources,Err_FCallWrongNumberOfArguments,"FCall exige exatamente 2+{0} argumentos."
_3S.CoDeSys.Compiler35220.Resources.ErrorMessages.pt-BR.resources,Err_FeatureNotImplemented,"O recurso '{0}' não está implementado."
_3S.CoDeSys.Compiler35220.Resources.ErrorMessages.pt-BR.resources,Err_FinalOnFunctionBlocksAndMethodsOnly,"FINAL só pode ser aplicado em métodos e blocos funcionais"
_3S.CoDeSys.Compiler35220.Resources.ErrorMessages.pt-BR.resources,Err_FunctionBlockNeedsInstance,"O bloco de funções '{0}' deve ser instanciado para ser acessado"
_3S.CoDeSys.Compiler35220.Resources.ErrorMessages.pt-BR.resources,Err_FunctionBlockNoLongerValid,"A palavra-chave FUNCTIONBLOCK não é mais suportada. Use FUNCTION_BLOCK."
_3S.CoDeSys.Compiler35220.Resources.ErrorMessages.pt-BR.resources,Err_FunctionCallMixedStyle,"Ou todos ou nenhum dos parâmetros formais precisam ser denotados na chamada de função"
_3S.CoDeSys.Compiler35220.Resources.ErrorMessages.pt-BR.resources,Err_FunNeedsAtLeastNInputs,"A função '{0}' requer pelo menos '{1}' e no máximo '{2}' entradas"
_3S.CoDeSys.Compiler35220.Resources.ErrorMessages.pt-BR.resources,Err_FunNeedsNInputs,"A função '{0}' requer exatamente '{1}' entradas"
_3S.CoDeSys.Compiler35220.Resources.ErrorMessages.pt-BR.resources,Err_GeneratingVarInitializations,"Um ou mais valores iniciais para variáveis são inválidos"
_3S.CoDeSys.Compiler35220.Resources.ErrorMessages.pt-BR.resources,Err_GenericDeclarationProducesErrorInGeneratedCode,"A declaração do tipo '{0}' provoca erros no código do bloco de funções genérico"
_3S.CoDeSys.Compiler35220.Resources.ErrorMessages.pt-BR.resources,Err_GenericNoInitialValueSupported,"Nenhum valor inicial é apoiado para a declaração de constante genérica"
_3S.CoDeSys.Compiler35220.Resources.ErrorMessages.pt-BR.resources,Err_GenericNoInteger,"Somente tipos inteiros para constantes genéricas são permitidos"
_3S.CoDeSys.Compiler35220.Resources.ErrorMessages.pt-BR.resources,Err_GenericNotConstant,"A definição '{0}' para a constante genérica '{1}' não é um valor constante"
_3S.CoDeSys.Compiler35220.Resources.ErrorMessages.pt-BR.resources,Err_GenericOnlyConst,"Somente os genéricos CONSTANT são apoiados na declaração VAR_GENERIC"
_3S.CoDeSys.Compiler35220.Resources.ErrorMessages.pt-BR.resources,Err_GenericOnWrongPosition,"A declaração VAR_GENERIC só é permitida em blocos de funções após o nome do bloco de funções"
_3S.CoDeSys.Compiler35220.Resources.ErrorMessages.pt-BR.resources,Err_GenericParamMissing,"Inicialização ausente para a variável genérica '{0}'"
_3S.CoDeSys.Compiler35220.Resources.ErrorMessages.pt-BR.resources,Err_GenericParamsAllExplicitOrNone,"Ou todas as variáveis genéricas precisam ser atribuídas explicitamente, ou nenhuma"
_3S.CoDeSys.Compiler35220.Resources.ErrorMessages.pt-BR.resources,Err_GenericParamUnknown,"'{0}' não é uma constante genérica declarada do bloco funcional '{1}'"
_3S.CoDeSys.Compiler35220.Resources.ErrorMessages.pt-BR.resources,Err_GenericWrongNumberOfInitializer,"O bloco de funções genérico '{0}' espera exatamente '{1}' número de definições de constantes genéricas"
_3S.CoDeSys.Compiler35220.Resources.ErrorMessages.pt-BR.resources,Err_GlobalVariableListExpected,"VAR_GLOBAL ou VAR_CONFIG era esperada em vez de {0}"
_3S.CoDeSys.Compiler35220.Resources.ErrorMessages.pt-BR.resources,Err_IdentifierExpected,"Era esperado um identificador em vez de '{0}'"
_3S.CoDeSys.Compiler35220.Resources.ErrorMessages.pt-BR.resources,Err_IdentNotDefined,"O identificador '{0}' não está definido"
_3S.CoDeSys.Compiler35220.Resources.ErrorMessages.pt-BR.resources,Err_IllegalOperator,"'{0}' não é um operador ST válido"
_3S.CoDeSys.Compiler35220.Resources.ErrorMessages.pt-BR.resources,Err_ImplicitEnumerationTypeNotExpected,"Tipo de enumeração inicial não esperada neste local."
_3S.CoDeSys.Compiler35220.Resources.ErrorMessages.pt-BR.resources,Err_ImplicitMethodImplementationNotPublic,"Bloco de funções '{0}': O acesso aos métodos 'FB_Init', 'FB_Exit' e 'FB_ReInit' deve ser PUBLIC"
_3S.CoDeSys.Compiler35220.Resources.ErrorMessages.pt-BR.resources,Err_ImplicitMethodNameForVariable,"{0} é o nome de um método gerado implicitamente e ilegal para variáveis em um bloco de funções"
_3S.CoDeSys.Compiler35220.Resources.ErrorMessages.pt-BR.resources,Err_ImplicitReferenceTypeDeclNotAllowed,"A declaração de um tipo de referência implícito não é possível nesta localização"
_3S.CoDeSys.Compiler35220.Resources.ErrorMessages.pt-BR.resources,Err_ImplicitReferenceTypeOnlChangeError,"Não é possível adicionar um tipo de referência implícita local através de alteração online"
_3S.CoDeSys.Compiler35220.Resources.ErrorMessages.pt-BR.resources,Err_ImplicitRefTypeAllClassesNeedAttrib,"O bloco de funções herdado difere em seu uso do atributo '{0}'"
_3S.CoDeSys.Compiler35220.Resources.ErrorMessages.pt-BR.resources,Err_ImplicitRefTypeDeclarationNotAllowed,"O tipo de referência implícita '{0}' não pode ser declarado neste tipo."
_3S.CoDeSys.Compiler35220.Resources.ErrorMessages.pt-BR.resources,Err_ImplicitRefTypeIsnotAllowedAsBase,"Tipos de referência implícitos não podem ser um tipo básico de referências, ponteiros e matrizes"
_3S.CoDeSys.Compiler35220.Resources.ErrorMessages.pt-BR.resources,Err_ImplicitRefTypeSignNotSupported,"Somente os Blocos de função e Estruturas podem ser marcados como Tipo de referência implícita."
_3S.CoDeSys.Compiler35220.Resources.ErrorMessages.pt-BR.resources,Err_IncompletePOUDeclaration,"A declaração POU é incompleta sem um nome"
_3S.CoDeSys.Compiler35220.Resources.ErrorMessages.pt-BR.resources,Err_InconsistentInheritanceOfCPPCompatibility,"Herança inconsistente de Compatibilidade com C++-. Atributo ausente para '{0}'."
_3S.CoDeSys.Compiler35220.Resources.ErrorMessages.pt-BR.resources,Err_InconsistentUseOfCPPCompatibility,"Uso inconsistente da compatibilidade com C ++. Atributo ausente para '{0}'."
_3S.CoDeSys.Compiler35220.Resources.ErrorMessages.pt-BR.resources,Err_InconsistentUseOfCPPCompatibility_MissingParent,"Uso inconsistente da compatibilidade com C ++. Atributo ausente para POU pai '{0}'."
_3S.CoDeSys.Compiler35220.Resources.ErrorMessages.pt-BR.resources,Err_IndexingInvalid,"Não é possível aplicar indexação com [] a uma expressão de tipo '{0}'"
_3S.CoDeSys.Compiler35220.Resources.ErrorMessages.pt-BR.resources,Err_IndexNumWrong,"A variável de tipo '{0}' requer exatamente 1 índice"
_3S.CoDeSys.Compiler35220.Resources.ErrorMessages.pt-BR.resources,Err_IndexOfNotSupported,"O operador INDEXOF não é mais suportado. Use ADR em vez disso. ADR em um nome de POU retorna um ponteiro para um ponteiro para o código da função."
_3S.CoDeSys.Compiler35220.Resources.ErrorMessages.pt-BR.resources,Err_InheritanceError,"Herança permitida apenas em blocos funcionais, interfaces e estruturas"
_3S.CoDeSys.Compiler35220.Resources.ErrorMessages.pt-BR.resources,Err_IniNeedsUserdefType,"O operador INI precisa da instância do bloco de funções ou da instância do tipo de unidade de dados"
_3S.CoDeSys.Compiler35220.Resources.ErrorMessages.pt-BR.resources,Err_InOutAccessOutside,"Nenhum acesso externo ao parâmetro VAR_IN_OUT '{0}' de '{1}'."""
_3S.CoDeSys.Compiler35220.Resources.ErrorMessages.pt-BR.resources,Err_InOutAssignedInActionCall,"VAR_IN_OUT {0} não pode ser atribuída em chamada de ação local '{1}'"
_3S.CoDeSys.Compiler35220.Resources.ErrorMessages.pt-BR.resources,Err_InOutNotAssigned,"VAR_IN_OUT '{0}' precisa ser atribuída em chamada de '{1}'"
_3S.CoDeSys.Compiler35220.Resources.ErrorMessages.pt-BR.resources,Err_InOutParamNotEqual,"O tipo '{0}' não equivale ao tipo '{1}' de VAR_IN_OUT '{2}'"
_3S.CoDeSys.Compiler35220.Resources.ErrorMessages.pt-BR.resources,Err_InputMissing,"Atribuição à entrada faltando para o parâmetro '{0}' na chamada de '{1}'"
_3S.CoDeSys.Compiler35220.Resources.ErrorMessages.pt-BR.resources,Err_InstanceNotAllowedInRetain,"As instâncias de '{0}' não são permitidas na manutenção de dados"
_3S.CoDeSys.Compiler35220.Resources.ErrorMessages.pt-BR.resources,Err_IntegerLiteralExpected,"Literal de número inteiro esperado ao invés de {0}"
_3S.CoDeSys.Compiler35220.Resources.ErrorMessages.pt-BR.resources,Err_InterfaceChanged,"A interface do método '{0}' da interface '{1}' que foi anulado por sobreposição não corresponde à declaração"
_3S.CoDeSys.Compiler35220.Resources.ErrorMessages.pt-BR.resources,Err_InterfaceChanged_NumberOfInputsOutputsDifferent,"O número de entradas/saídas do método '{0}' não corresponde à interface '{1}'."
_3S.CoDeSys.Compiler35220.Resources.ErrorMessages.pt-BR.resources,Err_InterfaceChanged_VariableDifferent,"A variável '{0}' do método '{1}' não corresponde à interface '{2}'."
_3S.CoDeSys.Compiler35220.Resources.ErrorMessages.pt-BR.resources,Err_InterfaceChangedBase,"A interface do método '{0}' da base '{1}' que foi anulado por sobreposição não corresponde à declaração"
_3S.CoDeSys.Compiler35220.Resources.ErrorMessages.pt-BR.resources,Err_InterfaceImplementationError,"As interfaces só podem ser implementadas por blocos funcionais"
_3S.CoDeSys.Compiler35220.Resources.ErrorMessages.pt-BR.resources,Err_InterfaceMethodImplementationNotPublic,"A implementação do método de interface '{0}' do bloco de funções '{1}' deve ser PUBLIC"
_3S.CoDeSys.Compiler35220.Resources.ErrorMessages.pt-BR.resources,Err_InterfaceNeedsInstance,"A interface '{0}' precisa ser instanciada para que possa então ser acessada"
_3S.CoDeSys.Compiler35220.Resources.ErrorMessages.pt-BR.resources,Err_InterfaceNotFound,"Nenhuma definição encontrada para a interface '{0}'"
_3S.CoDeSys.Compiler35220.Resources.ErrorMessages.pt-BR.resources,Err_InternalErrorProhibitingOnlineChange,"Erro interno {0} que proíbe alterações online. Aplicativo limpo e download necessário."
_3S.CoDeSys.Compiler35220.Resources.ErrorMessages.pt-BR.resources,Err_InvalidAccessPathForNamespaceAccess,"'{0}' não é um caminho de acesso válido"
_3S.CoDeSys.Compiler35220.Resources.ErrorMessages.pt-BR.resources,Err_InvalidBaseForGlobalScopeExpression,"A operação de escopo global '.' não é válida na expressão '{0}'"
_3S.CoDeSys.Compiler35220.Resources.ErrorMessages.pt-BR.resources,Err_InvalidEnumBaseType,"Somente tipos de números inteiros são suportados como um tipo básico de enumeração"
_3S.CoDeSys.Compiler35220.Resources.ErrorMessages.pt-BR.resources,Err_InvalidEnumDefaultValue,"Somente membros de enumeração local podem ser usados como valores de inicialização padrão para uma enumeração"
_3S.CoDeSys.Compiler35220.Resources.ErrorMessages.pt-BR.resources,Err_InvalidInitialisationForArray,"{0} é uma inicialização inválida para a constante {1}. Os valores iniciais de constantes precisam ser constantes."
_3S.CoDeSys.Compiler35220.Resources.ErrorMessages.pt-BR.resources,Err_InvalidInitialisationForVarInst,"O valor inicial para uma variável VAR_INST não pode usar variáveis locais."
_3S.CoDeSys.Compiler35220.Resources.ErrorMessages.pt-BR.resources,Err_InvalidJumpDestination,"Destino inválido {0} para JMP"
_3S.CoDeSys.Compiler35220.Resources.ErrorMessages.pt-BR.resources,Err_InvalidLoopIncrement,"Incremento de loop inválido"
_3S.CoDeSys.Compiler35220.Resources.ErrorMessages.pt-BR.resources,Err_InvalidNamespaceForNamespaceAccess,"'{0}' não é um acesso válido ao namespace"
_3S.CoDeSys.Compiler35220.Resources.ErrorMessages.pt-BR.resources,Err_InvalidSignatureName,"O nome '{0}' não é um identificador válido"
_3S.CoDeSys.Compiler35220.Resources.ErrorMessages.pt-BR.resources,Err_IsNoInput,"'{0}' não é uma entrada de '{1}'"
_3S.CoDeSys.Compiler35220.Resources.ErrorMessages.pt-BR.resources,Err_IsNoLValue,"'{0}' não é um destino de atribuição válido"
_3S.CoDeSys.Compiler35220.Resources.ErrorMessages.pt-BR.resources,Err_IsNoOutput,"'{0}' não é uma saída de '{1}'"
_3S.CoDeSys.Compiler35220.Resources.ErrorMessages.pt-BR.resources,Err_IsValidRefNeedsReference,"O operando para __ISVALIDREF deve ser do tipo REFERÊNCIA"
_3S.CoDeSys.Compiler35220.Resources.ErrorMessages.pt-BR.resources,Err_LibNamespaceConflict,"Espaço de nome local '{0}' da Biblioteca '{1}' oculta o Espaço de nome da Biblioteca '{2}'"
_3S.CoDeSys.Compiler35220.Resources.ErrorMessages.pt-BR.resources,Err_LibraryConflict,"Espaço de nome ambíguo '{0}' definido pela biblioteca '{1}'"
_3S.CoDeSys.Compiler35220.Resources.ErrorMessages.pt-BR.resources,Err_LibraryNamespaceNotValid,"O espaço do nome {0} da Biblioteca {1} não é um identificador válido."
_3S.CoDeSys.Compiler35220.Resources.ErrorMessages.pt-BR.resources,Err_LibraryWithUnicodeIdentifiers,"A biblioteca '{0}' foi salva com suporte de identificadores de unicode e pode ser usada somente se o projeto também suportar identificadores de unicode (consulte as opções de compilação."
_3S.CoDeSys.Compiler35220.Resources.ErrorMessages.pt-BR.resources,Err_LibSupports32BitOnly,"A Biblioteca '{0}' é suportada somente em aplicativos de 32 bits"
_3S.CoDeSys.Compiler35220.Resources.ErrorMessages.pt-BR.resources,Err_LiteralExpected,"Era esperado um literal em vez de '{0}'"
_3S.CoDeSys.Compiler35220.Resources.ErrorMessages.pt-BR.resources,Err_LowerGreaterUpperBorder,"O limite inferior precisa ser mais baixo que o superior."
_3S.CoDeSys.Compiler35220.Resources.ErrorMessages.pt-BR.resources,Err_LowerUpperBoundOnVariableLengthArrayOnly,"Os operadores LOWER_BOUND e UPPER_BOUND são suportados apenas para matrizes"
_3S.CoDeSys.Compiler35220.Resources.ErrorMessages.pt-BR.resources,Err_LowerUpperBoundOperandNotExactly,"O valor do segundo operando do operador {0} deve ser 1 neste caso"
_3S.CoDeSys.Compiler35220.Resources.ErrorMessages.pt-BR.resources,Err_LowerUpperBoundOperandNotInRange,"O valor do segundo operando do operador {0} deve estar entre 1 e {1} nesse caso"
_3S.CoDeSys.Compiler35220.Resources.ErrorMessages.pt-BR.resources,Err_LValueForAnyVar,"O parâmetro ANY '{0}' de '{1}' precisa de variável com acesso para gravação como entrada"
_3S.CoDeSys.Compiler35220.Resources.ErrorMessages.pt-BR.resources,Err_LValueForReference,"A atribuição da referência precisa de uma variável com acesso a gravação"
_3S.CoDeSys.Compiler35220.Resources.ErrorMessages.pt-BR.resources,Err_LValueForVarinout,"O parâmetro VAR_IN_OUT '{0}' de '{1}' requer variável com acesso a gravação como entrada"
_3S.CoDeSys.Compiler35220.Resources.ErrorMessages.pt-BR.resources,Err_LValueForVarinoutStrings,"O parâmetro VAR_IN_OUT '{0}' de '{1}' requer variável com acesso a gravação como entrada"
_3S.CoDeSys.Compiler35220.Resources.ErrorMessages.pt-BR.resources,Err_LValueNoRefType,"A atribuição de referência só é permitida a variáveis do tipo de referência"
_3S.CoDeSys.Compiler35220.Resources.ErrorMessages.pt-BR.resources,Err_MalformedAddress,"Endereço direto '{0}' mal formado"
_3S.CoDeSys.Compiler35220.Resources.ErrorMessages.pt-BR.resources,Err_MappedVarWrittenInDiffTasks,"A variável {0}, que é mapeada no endereço {1}, é gravada em tarefas diferentes."
_3S.CoDeSys.Compiler35220.Resources.ErrorMessages.pt-BR.resources,Err_MaxArraySizeExceeded,"Tamanho máximo da matriz atingido. Aumente a borda inferior ou diminua a borda inferior."
_3S.CoDeSys.Compiler35220.Resources.ErrorMessages.pt-BR.resources,Err_MaxNestingDepthExceeded,"O nível de aninhamento máximo de aninhamento foi excedido. "
_3S.CoDeSys.Compiler35220.Resources.ErrorMessages.pt-BR.resources,Err_MissingImplementationTerminator,"Impossível encontrar o terminador ‘{0}’ para o bloco de implementação."
_3S.CoDeSys.Compiler35220.Resources.ErrorMessages.pt-BR.resources,Err_MissingInstancePathForPersistent,"Nenhum caminho de instância correspondente na lista VAR_PERSISTENT foi localizado para a variável {0}. Use o comando ""Adicionar todos os caminhos da instância"" para adicionar todos os caminhos da instância à lista VAR_PERSISTENT. (Consulte a ajuda para obter detalhes)"
_3S.CoDeSys.Compiler35220.Resources.ErrorMessages.pt-BR.resources,Err_MissingObjectForPersistent,"Nenhuma lista VAR_PERSISTENT faz parte do aplicativo para inserir o caminho da instância para a variável {0}"
_3S.CoDeSys.Compiler35220.Resources.ErrorMessages.pt-BR.resources,Err_MissingParameterList,"{0} '{1}' referenciado sem parênteses '()'"
_3S.CoDeSys.Compiler35220.Resources.ErrorMessages.pt-BR.resources,Err_ModNotReal,"MOD não está definido para REAL"
_3S.CoDeSys.Compiler35220.Resources.ErrorMessages.pt-BR.resources,Err_Multiassigninfor,"Exatamente um contador esperado no loop FOR"
_3S.CoDeSys.Compiler35220.Resources.ErrorMessages.pt-BR.resources,Err_MultipleAssignmentsNotAllowedForOperator,"Várias atribuições não são permitidas para o operador '{0}'."
_3S.CoDeSys.Compiler35220.Resources.ErrorMessages.pt-BR.resources,Err_MultipleAssignmentsToInterfaceVariables,"Múltiplas atribuições às variáveis de interface não permitidas."
_3S.CoDeSys.Compiler35220.Resources.ErrorMessages.pt-BR.resources,Err_MultipleAssignmentWithChangingValueTypes,"Múltiplas atribuições de tipos de valores com casts implícitos não permitidos."
_3S.CoDeSys.Compiler35220.Resources.ErrorMessages.pt-BR.resources,Err_MultipleAssignmentWithProperty,"As propriedades não podem ser usadas no meio de várias atribuições."
_3S.CoDeSys.Compiler35220.Resources.ErrorMessages.pt-BR.resources,Err_MultipleAssignmentWithReferences,"Múltiplas atribuições de referências a blocos de funções ou estruturas de dados não permitidos."
_3S.CoDeSys.Compiler35220.Resources.ErrorMessages.pt-BR.resources,Err_MultipleAssignsToSameInputInCall,"Múltiplas atribuições de entrada para o parâmetro '{0}'."
_3S.CoDeSys.Compiler35220.Resources.ErrorMessages.pt-BR.resources,Err_NamesNotEqual,"O nome utilizado na assinatura não é idêntico ao nome do objeto"
_3S.CoDeSys.Compiler35220.Resources.ErrorMessages.pt-BR.resources,Err_NewArrayOnUserdefNotAllowed,"Não é permitido criar um vetor com __NEW em tipos definidos pelo usuário."
_3S.CoDeSys.Compiler35220.Resources.ErrorMessages.pt-BR.resources,Err_NewNeedsType,"Era esperada uma definição de tipo como operando para __NEW"
_3S.CoDeSys.Compiler35220.Resources.ErrorMessages.pt-BR.resources,Err_NewOnInterfaceNotPossible,"__NOVO é impossível em interfaces"
_3S.CoDeSys.Compiler35220.Resources.ErrorMessages.pt-BR.resources,Err_NewOnlyWithAttribute,"Um bloco de funções ou uma estrutura precisa que o pragma '{{attribute' enable_dynamic_creation '}}' seja criado com __NEW"
_3S.CoDeSys.Compiler35220.Resources.ErrorMessages.pt-BR.resources,Err_NewPositionNotOK,"O resultado de __NEW precisa ser atribuído."
_3S.CoDeSys.Compiler35220.Resources.ErrorMessages.pt-BR.resources,Err_NoArrayOfBit,"BIT não é permitido como tipo-base de um vetor"
_3S.CoDeSys.Compiler35220.Resources.ErrorMessages.pt-BR.resources,Err_NoAssign,"Atribuição não permitida para o tipo {0}"
_3S.CoDeSys.Compiler35220.Resources.ErrorMessages.pt-BR.resources,Err_NoBitAccessOnFunctionCall,"Acesso a bits na chamada de função não é permitido"
_3S.CoDeSys.Compiler35220.Resources.ErrorMessages.pt-BR.resources,Err_NoBitTypeOnBitAddress,"O tipo {0} não é possível no endereço de bit {1}"
_3S.CoDeSys.Compiler35220.Resources.ErrorMessages.pt-BR.resources,Err_NoBranchOutOfFinally,"Não é permitido ramificar fora de __FINALLY-Block"
_3S.CoDeSys.Compiler35220.Resources.ErrorMessages.pt-BR.resources,Err_NoBytesInRetain,"Um tipo estruturado localizado nos dados RETAIN não pode conter BYTE, SINT ou USINT"
_3S.CoDeSys.Compiler35220.Resources.ErrorMessages.pt-BR.resources,Err_NoCallInInstancePath,"Não é possível realizar o acesso ao componente '.', acesso ao índice '[]' ou chamar '()' no resultado da chamada de função. Atribuir resultado para ajudar a primeira variável."
_3S.CoDeSys.Compiler35220.Resources.ErrorMessages.pt-BR.resources,Err_NoCallInInterfaceComparison,"Não é possível comparar a interface que é valor de retorno de uma chamada. Atribua-a a uma variável primeiro."
_3S.CoDeSys.Compiler35220.Resources.ErrorMessages.pt-BR.resources,Err_NoCaseLabelFound,"Nenhum rótulo de caso encontrado"
_3S.CoDeSys.Compiler35220.Resources.ErrorMessages.pt-BR.resources,Err_NoChangeOnAccessModifier,"O método {0}.{1} não pode alterar o modificador de acesso ""{2}"" ao se sobrepor ao método {3}.{1}"
_3S.CoDeSys.Compiler35220.Resources.ErrorMessages.pt-BR.resources,Err_NoCodegenerator,"Falha na criação de um gerador de código: O plug-in necessário não está instalado"
_3S.CoDeSys.Compiler35220.Resources.ErrorMessages.pt-BR.resources,Err_NoComponentOf,"'{0}' não é componente de '{1}'"
_3S.CoDeSys.Compiler35220.Resources.ErrorMessages.pt-BR.resources,Err_NoConstantInitialisationForValue,"A inicialização da variável constante '{0}' não é constante"
_3S.CoDeSys.Compiler35220.Resources.ErrorMessages.pt-BR.resources,Err_NoCopyCodeAllowed,"Não é permitido mover esta POU para uma nova localização durante as alterações online"
_3S.CoDeSys.Compiler35220.Resources.ErrorMessages.pt-BR.resources,Err_NoCopyCodeForVariableAtDirectAddress,"uma variável em um endereço direto não pode mudar seu tipo durante alteração online"
_3S.CoDeSys.Compiler35220.Resources.ErrorMessages.pt-BR.resources,Err_NoDirectAddressInSubsequentVarDecl,"A declaração da variável '{0}' com uma atribuição de endereço não pode ser usada em um PRG ou GVL com o atributo 'subsequent'"
_3S.CoDeSys.Compiler35220.Resources.ErrorMessages.pt-BR.resources,Err_NoEnclosingLoopExit,"Nenhum loop circundante a partir do qual se vá para {0}"
_3S.CoDeSys.Compiler35220.Resources.ErrorMessages.pt-BR.resources,Err_NoExitOrContinueOutOfCatch,"EXIT ou CONTINUE fora do bloco __CATCH não é permitido"
_3S.CoDeSys.Compiler35220.Resources.ErrorMessages.pt-BR.resources,Err_NoExitOrContinueOutOfTry,"EXIT ou CONTINUE fora do bloco __TRY não é permitido"
_3S.CoDeSys.Compiler35220.Resources.ErrorMessages.pt-BR.resources,Err_NoExplicitCall,"Não são permitidos chamados explícitos para '{0}'. {1}."
_3S.CoDeSys.Compiler35220.Resources.ErrorMessages.pt-BR.resources,Err_NoFormalParamsCallsForExtensibleFunction,"Nenhuma atribuição de entrada implícita para a chamada de Função {0} extensível"
_3S.CoDeSys.Compiler35220.Resources.ErrorMessages.pt-BR.resources,Err_NoGenericInstanceInVarConst,"Instâncias de um bloco de funções genérico não podem ser declaradas como constantes"
_3S.CoDeSys.Compiler35220.Resources.ErrorMessages.pt-BR.resources,Err_NoGlobalDefine,"Não há definição global para '{0}'"
_3S.CoDeSys.Compiler35220.Resources.ErrorMessages.pt-BR.resources,Err_NoIndirectPropertyCallOnStringWithSize,"A chamada indireta de propriedade com tipo {0} não é possível porque somente tipos sem comprimento explicitamente especificados são suportados"
_3S.CoDeSys.Compiler35220.Resources.ErrorMessages.pt-BR.resources,Err_NoInheritanceOnFinalType,"'{0}' com o atributo FINAL não pode ser usado como base"
_3S.CoDeSys.Compiler35220.Resources.ErrorMessages.pt-BR.resources,Err_NoInitialForExternal,"Nenhum valor inicial permitido para VAR_EXTERNAL {0}"
_3S.CoDeSys.Compiler35220.Resources.ErrorMessages.pt-BR.resources,Err_NoInitialForInoutConstant,"Nenhum valor inicial permitido para VAR_INOUT CONSTANT {0}"
_3S.CoDeSys.Compiler35220.Resources.ErrorMessages.pt-BR.resources,Err_NoInputMemory,"Não há memória de entrada reservada"
_3S.CoDeSys.Compiler35220.Resources.ErrorMessages.pt-BR.resources,Err_NoInputsWithSlotAttributes,"Nenhuma entrada permitida na assinatura '{0}' com o atributo '{1}'"
_3S.CoDeSys.Compiler35220.Resources.ErrorMessages.pt-BR.resources,Err_NoInstanceObject,"'{0}' é de tipo {1} e não pode ser instanciada"
_3S.CoDeSys.Compiler35220.Resources.ErrorMessages.pt-BR.resources,Err_NoInstancePath,"Nenhum VAR_CONFIG para '{0}'"
_3S.CoDeSys.Compiler35220.Resources.ErrorMessages.pt-BR.resources,Err_NoLocalEnum,"Enumerações definidas no local não são mais suportadas. Use a definição DataType em vez disso."
_3S.CoDeSys.Compiler35220.Resources.ErrorMessages.pt-BR.resources,Err_NoMatchingInitMethodFound,"Nenhum método 'FB_Init' correspondente encontrado para instanciação de {0}"
_3S.CoDeSys.Compiler35220.Resources.ErrorMessages.pt-BR.resources,Err_NoMatchingOverload,"Nenhuma sobrecarga correspondente encontrada para o método '{0}'"
_3S.CoDeSys.Compiler35220.Resources.ErrorMessages.pt-BR.resources,Err_NoMemoryAllocationCallback,"A criação do alocador de memória falhou: O plug-in necessário não está instalado"
_3S.CoDeSys.Compiler35220.Resources.ErrorMessages.pt-BR.resources,Err_NoMemoryMemory,"Não há memória reservada"
_3S.CoDeSys.Compiler35220.Resources.ErrorMessages.pt-BR.resources,Err_NoMemoryReserveForExternal,"Uso de uma reserva de memória para blocos de funções externos não suportado"
_3S.CoDeSys.Compiler35220.Resources.ErrorMessages.pt-BR.resources,Err_NoMethodImplementation,"Não há nenhuma implementação para o método '{0}' definida na interface '{1}'"
_3S.CoDeSys.Compiler35220.Resources.ErrorMessages.pt-BR.resources,Err_NoMixExternalIECInheritance,"Deve ser implementada uma POU ampliada da mesma maneira que sua base (externamente ou na IEC)."
_3S.CoDeSys.Compiler35220.Resources.ErrorMessages.pt-BR.resources,Err_NoMultipleInheritance,"Somente um bloco funcional de base pode ser definido na lista EXTENDS"
_3S.CoDeSys.Compiler35220.Resources.ErrorMessages.pt-BR.resources,Err_NoNamespace,"'{0}' não se refere a um espaço para nome"
_3S.CoDeSys.Compiler35220.Resources.ErrorMessages.pt-BR.resources,Err_NoNewAssignmentInOtherExpression,"É impossível usar uma expressão de atribuição com o operador __NEW numa outra expressão. Use a variável ponteiro em vez disso."
_3S.CoDeSys.Compiler35220.Resources.ErrorMessages.pt-BR.resources,Err_NoOnlineChangeOnDynamicObjects,"Impossível realizar uma alteração on-line que altere o tamanho de um tipo criado dinamicamente."
_3S.CoDeSys.Compiler35220.Resources.ErrorMessages.pt-BR.resources,Err_NoOnlineChangeOnGenericConstantBaseType,"Na declaração do BaseType {0}, o valor da constante {1} foi alterado de {2} para {3}: alteração online é impossível!"
_3S.CoDeSys.Compiler35220.Resources.ErrorMessages.pt-BR.resources,Err_NoOnlineChangeOnGenericConstantType,"Na declaração da variável {0}, o valor da constante {1} foi alterado de {2} para {3}: alteração online impossível!"
_3S.CoDeSys.Compiler35220.Resources.ErrorMessages.pt-BR.resources,Err_NoOnlineChangePossible,"Não é possível alterar online. Executar o download completo"
_3S.CoDeSys.Compiler35220.Resources.ErrorMessages.pt-BR.resources,Err_NoOutputMemory,"Não há memória de saída reservada"
_3S.CoDeSys.Compiler35220.Resources.ErrorMessages.pt-BR.resources,Err_NoOutsideAccessToGenericVariable,"nenhum acesso externo à constante genérica '{0}' do bloco de funções '{1}'"
_3S.CoDeSys.Compiler35220.Resources.ErrorMessages.pt-BR.resources,Err_NoOverrideOnFinalMethod,"Bloco de funções '{0}': Nenhuma substituição possível no Método {1}.{2} com o especificador de acesso FINAL"
_3S.CoDeSys.Compiler35220.Resources.ErrorMessages.pt-BR.resources,Err_NoOverrideOnInternalMethod,"Bloco de funções '{0}': Nenhuma substituição possível no método {1}.{2} na biblioteca {3} com o especificador de acesso INTERNAL"
_3S.CoDeSys.Compiler35220.Resources.ErrorMessages.pt-BR.resources,Err_NoOverrideOnPrivateMethod,"Bloco de funções '{0}': Nenhuma substituição possível no Método {1}.{2} com o especificador de acesso PRIVATEFINAL"
_3S.CoDeSys.Compiler35220.Resources.ErrorMessages.pt-BR.resources,Err_NoPointerToBit,"POINTER TO BIT não é permitido"
_3S.CoDeSys.Compiler35220.Resources.ErrorMessages.pt-BR.resources,Err_NoPropertiesInOutAssignment,"Uma propriedade não pode ser atribuída em uma atribuição de saída de uma chamada. Use uma variável temporária em vez disso."
_3S.CoDeSys.Compiler35220.Resources.ErrorMessages.pt-BR.resources,Err_NoPropertyForVarInout,"As propriedades não podem ser atribuídas a VAR_IN_OUT."
_3S.CoDeSys.Compiler35220.Resources.ErrorMessages.pt-BR.resources,Err_NoReadAccessToProperty,"A propriedade '{0}' não pode ser usada nesse contexto porque falta nela o acessor de obtenção"
_3S.CoDeSys.Compiler35220.Resources.ErrorMessages.pt-BR.resources,Err_NoReferenceToBits,"Não são possíveis referências a bits"
_3S.CoDeSys.Compiler35220.Resources.ErrorMessages.pt-BR.resources,Err_NoReferenceToOutput,"As saídas não podem ser do tipo REFERENCE TO"
_3S.CoDeSys.Compiler35220.Resources.ErrorMessages.pt-BR.resources,Err_NoResolutionForLazyVariable,"O tipo de variável digitada LAZY '{0}' não pôde ser resolvida"
_3S.CoDeSys.Compiler35220.Resources.ErrorMessages.pt-BR.resources,Err_NoResolutionForSomeLazyVariables,"Impossível inferir o tipo das variáveis lazy nesta assinatura."
_3S.CoDeSys.Compiler35220.Resources.ErrorMessages.pt-BR.resources,Err_NoStaticVariableInitialisationForValue,"A inicialização da variável estática '{0}' não é constante ou constantes substituídas é desativada"
_3S.CoDeSys.Compiler35220.Resources.ErrorMessages.pt-BR.resources,Err_NoSuchLabel,"Não há esse rótulo '{0}' no escopo da afirmação JMP."
_3S.CoDeSys.Compiler35220.Resources.ErrorMessages.pt-BR.resources,Err_NoSystemDefine,"Não há definição de sistema para '{0}'"
_3S.CoDeSys.Compiler35220.Resources.ErrorMessages.pt-BR.resources,Err_NotAllowedInContainerLib,"'{0}' não permitido na biblioteca do recipiente"
_3S.CoDeSys.Compiler35220.Resources.ErrorMessages.pt-BR.resources,Err_NotAllowedInInterfaceLib,"'{0}' não permitido na biblioteca de interface"
_3S.CoDeSys.Compiler35220.Resources.ErrorMessages.pt-BR.resources,Err_NotAllowedInTaskLocalVariables,"A lista de variáveis locais da tarefa '{0}': '{1}' não é permitida"
_3S.CoDeSys.Compiler35220.Resources.ErrorMessages.pt-BR.resources,Err_NotAnInstanceOf,"'{0}' não é uma instância de '{1}'"
_3S.CoDeSys.Compiler35220.Resources.ErrorMessages.pt-BR.resources,Err_NotEnoughMemoryForCompactDownload,"Não há memória suficiente para compactar o download na primeira área de código. Não foi possível alocar '{0}'."
_3S.CoDeSys.Compiler35220.Resources.ErrorMessages.pt-BR.resources,Err_NotEnoughMemoryForVariableInit,"Não há memória suficiente para inicialização da variável '{0}'. {1} bytes necessários."
_3S.CoDeSys.Compiler35220.Resources.ErrorMessages.pt-BR.resources,Err_NotSupportedInInterface,"Esse código não é suportado na parte da declaração"
_3S.CoDeSys.Compiler35220.Resources.ErrorMessages.pt-BR.resources,Err_NoValidCondition,"'{0}' não é uma condição válida"
_3S.CoDeSys.Compiler35220.Resources.ErrorMessages.pt-BR.resources,Err_NoValidConditionforPragma,"'{0}' não é uma condição válida para o pragma"
_3S.CoDeSys.Compiler35220.Resources.ErrorMessages.pt-BR.resources,Err_NoValidEnumInit,"{0} não é uma inicialização válida para uma enumeração"
_3S.CoDeSys.Compiler35220.Resources.ErrorMessages.pt-BR.resources,Err_NoValidInstancePath,"{0}' não é um caminho de instância válido."
_3S.CoDeSys.Compiler35220.Resources.ErrorMessages.pt-BR.resources,Err_NoValidOperand,"'{0}' não é um operando válido"
_3S.CoDeSys.Compiler35220.Resources.ErrorMessages.pt-BR.resources,Err_NoValidOperandforPragma,"'{0}' não é um operando válido para o pragma"
_3S.CoDeSys.Compiler35220.Resources.ErrorMessages.pt-BR.resources,Err_NoValidStatement,"'{0}' não é uma afirmação válida"
_3S.CoDeSys.Compiler35220.Resources.ErrorMessages.pt-BR.resources,Err_NoValuePassingForCPPExternal,"As funções compatíveis com CPP não podem conter entradas ou saídas do tipo STRING, ARRAY ou tipos estruturados. Use POINTER ou REFERENCE para esse tipo."
_3S.CoDeSys.Compiler35220.Resources.ErrorMessages.pt-BR.resources,Err_NoVarConfigInMethodOrFunction,"Endereços incompletos não são permitidos em métodos e funções"
_3S.CoDeSys.Compiler35220.Resources.ErrorMessages.pt-BR.resources,Err_NoVarForExternal,"Nenhuma definição global encontrada para VAR_EXTERNAL {0}"
_3S.CoDeSys.Compiler35220.Resources.ErrorMessages.pt-BR.resources,Err_NoVarInputInPropertyAccessors,"Não é permitido definir as Variáveis de entrada nos Acessórios de propriedade: {0} : {1}"
_3S.CoDeSys.Compiler35220.Resources.ErrorMessages.pt-BR.resources,Err_NoVarsinInterface,"Declarações de variáveis não são permitidas em interfaces."
_3S.CoDeSys.Compiler35220.Resources.ErrorMessages.pt-BR.resources,Err_NoVarTempInSubsequentPrograms,"VAR_TEMP não é possível em programas com o atributo 'subsequente'"
_3S.CoDeSys.Compiler35220.Resources.ErrorMessages.pt-BR.resources,Err_NumOfInitializersDoNotMatch,"O número de inicializadores 'FB_Init' ({0}) não corresponde ao número de elementos da matriz ({1})"
_3S.CoDeSys.Compiler35220.Resources.ErrorMessages.pt-BR.resources,Err_OneAccessorRequired,"É requerido ao menos um acessor para a propriedade '{0}'"
_3S.CoDeSys.Compiler35220.Resources.ErrorMessages.pt-BR.resources,Err_OnlyMethodsOverride,"Não é possível anular por sobreposição {0} {1} de {2}: anular por sobreposição só é permitido para métodos."
_3S.CoDeSys.Compiler35220.Resources.ErrorMessages.pt-BR.resources,Err_OperationNotPossibleOnType,"A operação '{0}' não é possível no tipo '{1}'"
_3S.CoDeSys.Compiler35220.Resources.ErrorMessages.pt-BR.resources,Err_Operator1of2Expected,"'{0}' ou '{1}' esperado no lugar de '{2}'"
_3S.CoDeSys.Compiler35220.Resources.ErrorMessages.pt-BR.resources,Err_Operator1of3Expected,"'{0}', '{1}' ou '{2}' esperados no lugar de '{3}'"
_3S.CoDeSys.Compiler35220.Resources.ErrorMessages.pt-BR.resources,Err_Operator1of3ExpectedInsteadofEOF,"Final de arquivo inesperado encontrado: '{0}', '{1}' ou '{2}' esperado"
_3S.CoDeSys.Compiler35220.Resources.ErrorMessages.pt-BR.resources,Err_Operator1of4Expected,"'{0}', '{1}',  '{2}' ou '{3}' esperados no lugar de '{4}'"
_3S.CoDeSys.Compiler35220.Resources.ErrorMessages.pt-BR.resources,Err_OperatorExpected,"Era esperado '{0}' em vez de '{1}'"
_3S.CoDeSys.Compiler35220.Resources.ErrorMessages.pt-BR.resources,Err_OperatorExpectedInsteadofEOF,"Final de arquivo inesperado encontrado: o final esperado era '{0}'"
_3S.CoDeSys.Compiler35220.Resources.ErrorMessages.pt-BR.resources,Err_OperatorNotAllowedAtPosition,"O uso do operador '{0}' não é permitido nesta declaração"
_3S.CoDeSys.Compiler35220.Resources.ErrorMessages.pt-BR.resources,Err_OperatorNotSupported,"Operador {0} não suportado."
_3S.CoDeSys.Compiler35220.Resources.ErrorMessages.pt-BR.resources,Err_OperatorNotSupportedVersion,"O operador '{0}' não é suportado pelo seu destino atual. É necessária pelo menos a versão do sistema de tempo de execução {1}."
_3S.CoDeSys.Compiler35220.Resources.ErrorMessages.pt-BR.resources,Err_OperatorNoValidVariableName,"O operador '{0}' não é um nome válido para uma variável"
_3S.CoDeSys.Compiler35220.Resources.ErrorMessages.pt-BR.resources,Err_OpNeedsAtLeastInputs,"'{0}' requer ao menos '{1}' operandos"
_3S.CoDeSys.Compiler35220.Resources.ErrorMessages.pt-BR.resources,Err_OpNeedsExactInputs,"'{0}' requer exatamente '{1}' operandos"
_3S.CoDeSys.Compiler35220.Resources.ErrorMessages.pt-BR.resources,Err_OpTakesAtMostInputs,"'{0}' takes no máximo em '{1}' Operandos"
_3S.CoDeSys.Compiler35220.Resources.ErrorMessages.pt-BR.resources,Err_OutOfCodeMemory,"Memória de código esgotada: POU '{0}', {1} bytes (compilação incremental pode produzir memória fragmentada. Execute ""Construir, Limpar"" para forçar uma realocação de todos os dados e códigos.)"
_3S.CoDeSys.Compiler35220.Resources.ErrorMessages.pt-BR.resources,Err_OutOfMemory,"Memória de dados globais esgotada: variável '{0}', {1} bytes  (compilação incremental pode gerar memória fragmentada. Realize ""Construir, Limpar"" para forçar uma realocação de todos os dados e do código.)"
_3S.CoDeSys.Compiler35220.Resources.ErrorMessages.pt-BR.resources,Err_OutOfMemoryFunctionPointer,"Sem memória de dados global: o indicador de função para a função '{0}' não pôde ser alocado"
_3S.CoDeSys.Compiler35220.Resources.ErrorMessages.pt-BR.resources,Err_OutOfMemoryWithWholeSize,"Memória global de dados insuficiente: variável '{0}', {1} bytes (Maior lacuna de memória contígua {2}). A compilação incremental ou a adição de variáveis às listas de variáveis persistentes pode produzir memória fragmentada. Execute ""Declarações, reordenar lista e limpar lacunas"" para compactar listas de variáveis persistentes ou ""compilação, limpar"" para forçar uma realocação de outros dados e códigos."
_3S.CoDeSys.Compiler35220.Resources.ErrorMessages.pt-BR.resources,Err_OutOfPersistentMemoryExplicit,"Memória persistente insuficiente: variável '{0}', {1} bytes (Maior lacuna de memória contígua {2}). A edição de listas de variáveis persistentes pode produzir memória fragmentada. Execute ""Declarações, reordenar lista e limpar lacunas"" para compactar listas de variáveis persistentes. {3}"
_3S.CoDeSys.Compiler35220.Resources.ErrorMessages.pt-BR.resources,Err_OutOfPersistentMemoryImplicit,"Memória persistente insuficiente {0}"
_3S.CoDeSys.Compiler35220.Resources.ErrorMessages.pt-BR.resources,Err_OutOfRetainMemory,"Memória de retenção esgotada: variável '{0}', {1} bytes  (compilação incremental pode gerar memória fragmentada. Realize ""Construir, Limpar"" para forçar uma realocação de todos os dados e do código.)"
_3S.CoDeSys.Compiler35220.Resources.ErrorMessages.pt-BR.resources,Err_OutOfRetainMemoryWithWholeSize,"Memória de retenção esgotada: variável '{0}', {1} bytes (lacuna de memória contígua mais longa {2})(compilação incremental pode gerar memória fragmentada. Realize ""Construir, Limpar"" para forçar uma realocação de todos os dados e do código.)"
_3S.CoDeSys.Compiler35220.Resources.ErrorMessages.pt-BR.resources,Err_OutParamNotEqual,"O tipo '{0}' não é igual ao tipo '{1}' de VAR_OUTPUT '{2}'"
_3S.CoDeSys.Compiler35220.Resources.ErrorMessages.pt-BR.resources,Err_OutputByteWrittenFromDifferentTasks,"O mesmo byte na memória de saída é gravado em tarefas diferentes"
_3S.CoDeSys.Compiler35220.Resources.ErrorMessages.pt-BR.resources,Err_OverflowInAddress,"Sobrefluxo constante no endereço '{0}'"
_3S.CoDeSys.Compiler35220.Resources.ErrorMessages.pt-BR.resources,Err_OverloadNeedsAttribute,"Existe outro método com o nome {0}. Use o atributo {{attribute 'overloaded'}} se quiser definir métodos sobrecarregados."
_3S.CoDeSys.Compiler35220.Resources.ErrorMessages.pt-BR.resources,Err_OverloadWithSameInputs,"Existe outra sobrecarga para '{0}' com os mesmos tipos de entrada."
_3S.CoDeSys.Compiler35220.Resources.ErrorMessages.pt-BR.resources,Err_ParameterlistNotConst,"Uma lista de parâmetros deve ser declarada como constante"
_3S.CoDeSys.Compiler35220.Resources.ErrorMessages.pt-BR.resources,Err_ParamsNotAllowed,"Um parâmetro PARAMS precisa ser o último parâmetro de entrada de uma função ou método"
_3S.CoDeSys.Compiler35220.Resources.ErrorMessages.pt-BR.resources,Err_PartialAccess_NotAValidComponent,"A expressão '%{1}{2}' não é uma componente parcial válida de '{0}'"
_3S.CoDeSys.Compiler35220.Resources.ErrorMessages.pt-BR.resources,Err_PartialAccess_OnlyOnBitTypes,"O acesso parcial só é apoiado nos tipos ANY_BIT e não em '{0}'"
_3S.CoDeSys.Compiler35220.Resources.ErrorMessages.pt-BR.resources,Err_PersistentNoAddress,"A declaração de endereço direto não é possível na lista persistente"
_3S.CoDeSys.Compiler35220.Resources.ErrorMessages.pt-BR.resources,Err_PersistentVariablesChangeMessageText,"Variáveis persistentes alteradas. Download cancelado pelo usuário."
_3S.CoDeSys.Compiler35220.Resources.ErrorMessages.pt-BR.resources,Err_PersistentWrongVariable,"Variáveis em uma lista persistente precisam ser todas VAR_GLOBAL PERSISTENT ou VAR_GLOBAL PERSISTENT RETAIN"
_3S.CoDeSys.Compiler35220.Resources.ErrorMessages.pt-BR.resources,Err_POUCalledFromDifferentTasks,"O POU {0} grava na saída {1} e é chamado em diversas tarefas."
_3S.CoDeSys.Compiler35220.Resources.ErrorMessages.pt-BR.resources,Err_PrivateOnMethodsOnly,"PRIVATE e PROTECTED só podem ser aplicados em métodos de blocos funcionais"
_3S.CoDeSys.Compiler35220.Resources.ErrorMessages.pt-BR.resources,Err_ProjectDefinedNotSupportedFor,"A condição 'project_defined' não é compatível para esta sintaxe, visto que pode afetar a interface pública de '{0}'."
_3S.CoDeSys.Compiler35220.Resources.ErrorMessages.pt-BR.resources,Err_QueryInterfaceErrorP1,"O primeiro operando de __QueryInterface precisa ser uma referência à interface ou a instância de um bloco de funções"
_3S.CoDeSys.Compiler35220.Resources.ErrorMessages.pt-BR.resources,Err_QueryInterfaceErrorP2,"O segundo operando de __QueryInterface precisa ser uma referência à interface"
_3S.CoDeSys.Compiler35220.Resources.ErrorMessages.pt-BR.resources,Err_QueryInterfaceP1NoIQuery,"A interface {0} não estende {1}"
_3S.CoDeSys.Compiler35220.Resources.ErrorMessages.pt-BR.resources,Err_QueryPointerErrorP1,"O primeiro operando de __QueryPointer precisa ser uma referência à interface ou a instância de um bloco de funções"
_3S.CoDeSys.Compiler35220.Resources.ErrorMessages.pt-BR.resources,Err_QueryPointerErrorP2,"O segundo operando de __QueryInterface deve ser um ponteiro"
_3S.CoDeSys.Compiler35220.Resources.ErrorMessages.pt-BR.resources,Err_RecursiveConstantInitialisation,"Definição recursiva de valor constante."
_3S.CoDeSys.Compiler35220.Resources.ErrorMessages.pt-BR.resources,Err_RefAssignNeedsLValue,"Uma atribuição de referência requer uma variável com acesso a gravação como expressão de origem."
_3S.CoDeSys.Compiler35220.Resources.ErrorMessages.pt-BR.resources,Err_RefAssignOnlyForReferenceTypes,"Inicialização com REF= é permitida somente para variáveis do tipo REFERÊNCIA A"
_3S.CoDeSys.Compiler35220.Resources.ErrorMessages.pt-BR.resources,Err_ReferenceNotAllowed,"Um tipo de REFERENCE não é permitido como tipo base de uma ARRAY, POINTER ou REFERENCE"
_3S.CoDeSys.Compiler35220.Resources.ErrorMessages.pt-BR.resources,Err_ReferenceNotAllowedForVarInOut,"Um tipo de referência não é permitido como tipo de uma VAR_IN_OUT"
_3S.CoDeSys.Compiler35220.Resources.ErrorMessages.pt-BR.resources,Err_ReferenceToInput,"Não é possível atribuir uma referência em uma variável mapeada a um endereço de entrada"
_3S.CoDeSys.Compiler35220.Resources.ErrorMessages.pt-BR.resources,Err_RelatedPositionInterface,"Posição relacionada: Método de interface '{0} de interface {1}'."
_3S.CoDeSys.Compiler35220.Resources.ErrorMessages.pt-BR.resources,Err_RelatedPositionTaskX,"Posição relacionada: Acesso na tarefa {0}"
_3S.CoDeSys.Compiler35220.Resources.ErrorMessages.pt-BR.resources,Err_RetainNotAccessiblePOU,"O POU {0} oculta o nome da biblioteca, não é possível obter acesso a elementos da biblioteca. Nenhum código implícito para salvar a variável de retenção {1} será gerado."
_3S.CoDeSys.Compiler35220.Resources.ErrorMessages.pt-BR.resources,Err_RetainNotAccessibleVariable,"A variável {0} oculta o nome da biblioteca. Nenhum acesso aos elementos da biblioteca é possível. Nenhum código implícito para salvar a variável de retenção {1} será gerado."
_3S.CoDeSys.Compiler35220.Resources.ErrorMessages.pt-BR.resources,Err_RetainOrPersistentNotAllowed,"RETAIN ou PERSISTENT não é permitido neste local"
_3S.CoDeSys.Compiler35220.Resources.ErrorMessages.pt-BR.resources,Err_RetainsNotSupported,"Não há suporte para retenção de dados nesse dispositivo"
_3S.CoDeSys.Compiler35220.Resources.ErrorMessages.pt-BR.resources,Err_ReturnTypeForNonFunction,"O tipo de retorno so é possível para POUs dos tipos FUNCTION e METHOD"
_3S.CoDeSys.Compiler35220.Resources.ErrorMessages.pt-BR.resources,Err_RValueRequired,"A atribuição não tem uma fonte válida"
_3S.CoDeSys.Compiler35220.Resources.ErrorMessages.pt-BR.resources,Err_SelfInheritance,"Recursividade nas interfaces: {0}"
_3S.CoDeSys.Compiler35220.Resources.ErrorMessages.pt-BR.resources,Err_SelfInheritanceBase,"Recursividade na lista básica de blocos de funções: {0}"
_3S.CoDeSys.Compiler35220.Resources.ErrorMessages.pt-BR.resources,Err_SelMuxOnlyEqualUserDefTypes,"Todos os tipos definidos pelo usuário utilizados em SEL ou MUX devem ser iguais"
_3S.CoDeSys.Compiler35220.Resources.ErrorMessages.pt-BR.resources,Err_SemicolonExpected,"Era esperado ';' em vez de '{0}'"
_3S.CoDeSys.Compiler35220.Resources.ErrorMessages.pt-BR.resources,Err_SemicolonExpectedInsteadOfEnd,"Era esperado ';' em vez do final do POU"
_3S.CoDeSys.Compiler35220.Resources.ErrorMessages.pt-BR.resources,Err_SlotFunctionAmbiguousName,"O POU {0} com atributo de slot {1} tem um nome ambíguo"
_3S.CoDeSys.Compiler35220.Resources.ErrorMessages.pt-BR.resources,Err_SlotFunctionHiddenByVariable,"Não é possível fazer chamada para o POU {0} com atributo de slot {1}, porque ele está oculto pela variável '{2}'"
_3S.CoDeSys.Compiler35220.Resources.ErrorMessages.pt-BR.resources,Err_SomethingOverridingMethod,"{0} '{1}' substitui o método da interface '{2}'"
_3S.CoDeSys.Compiler35220.Resources.ErrorMessages.pt-BR.resources,Err_SomethingOverridingMethodBase,"{0} '{1}' substitui o método da base '{2}'"
_3S.CoDeSys.Compiler35220.Resources.ErrorMessages.pt-BR.resources,Err_SpecialTypeExpected,"Uma expressão de tipo '{0}' era esperada nesse local"
_3S.CoDeSys.Compiler35220.Resources.ErrorMessages.pt-BR.resources,Err_StackOverflowDetected,"Estouro de pilha detectado em {0}. Tamanho máximo da pilha: {1} bytes. Tamanho calculado da pilha: {2} bytes. Chame a hierarquia:"
_3S.CoDeSys.Compiler35220.Resources.ErrorMessages.pt-BR.resources,Err_StaticNotAllowed,"Declaração VAR_STAT não permitida neste local"
_3S.CoDeSys.Compiler35220.Resources.ErrorMessages.pt-BR.resources,Err_StrictEnumNoArithmeticAllowed,"Aritmética não permitida em um tipo ENUM restrito '{0}'"
_3S.CoDeSys.Compiler35220.Resources.ErrorMessages.pt-BR.resources,Err_StrictEnumNotAMember,"'{0}' não é um valor válido para o tipo ENUM restrito '{1}'"
_3S.CoDeSys.Compiler35220.Resources.ErrorMessages.pt-BR.resources,Err_StringLengthIsNoConstant,"O comprimento da string '{0}' não é um valor constante"
_3S.CoDeSys.Compiler35220.Resources.ErrorMessages.pt-BR.resources,Err_StringLiteralExpected,"Um literal String é esperado em vez de '{0}'"
_3S.CoDeSys.Compiler35220.Resources.ErrorMessages.pt-BR.resources,Err_StringSizeExpected,"tamanho da cadeia esperado após ""("""
_3S.CoDeSys.Compiler35220.Resources.ErrorMessages.pt-BR.resources,Err_StringTooShortForVarInOut,"A variável de cadeia '{0}' é curta demais para o parâmetro VAR_IN_OUT '{1}' de '{2}'"
_3S.CoDeSys.Compiler35220.Resources.ErrorMessages.pt-BR.resources,Err_StructInitOnlyInput,"'{0}' não é uma entrada de '{1}'"
_3S.CoDeSys.Compiler35220.Resources.ErrorMessages.pt-BR.resources,Err_StructuredValueTypeInExternalCall,"Tipo estruturado '{0}' não permitido em chamada de função externa."
_3S.CoDeSys.Compiler35220.Resources.ErrorMessages.pt-BR.resources,Err_StructureInitialisationNotPossible,"Uma inicialização de estrutura não é possível como Parâmetro de uma chamada de inicialização de função. Use uma variável em vez disso."
_3S.CoDeSys.Compiler35220.Resources.ErrorMessages.pt-BR.resources,Err_StructureInitializationExpected,"Era esperada uma lista de inicialização para {0}"
_3S.CoDeSys.Compiler35220.Resources.ErrorMessages.pt-BR.resources,Err_StructureNotAllowed,"Declaração STRUCT permitida apenas no tipo de unidade de dados"
_3S.CoDeSys.Compiler35220.Resources.ErrorMessages.pt-BR.resources,Err_SummarizedLibraryErrors,"{0} erros internos na biblioteca {1}"
_3S.CoDeSys.Compiler35220.Resources.ErrorMessages.pt-BR.resources,Err_SystemOutOfMemory,"O sistema de desenvolvimento não possui memória suficiente para processar a alteração online. Reinicie a aplicação antes de continuar o desenvolvimento."
_3S.CoDeSys.Compiler35220.Resources.ErrorMessages.pt-BR.resources,Err_TaskLocalVariablesAccessNotAllowed,"Lista de variáveis locais da tarefa '{0}': acesso de gravação permitido apenas na tarefa '{1}'"
_3S.CoDeSys.Compiler35220.Resources.ErrorMessages.pt-BR.resources,Err_TaskLocalVariablesNoOnlineChangePossible,"A lista de variáveis locais da tarefa '{0}' foi alterada. Não é possível realizar nenhuma alteração online."
_3S.CoDeSys.Compiler35220.Resources.ErrorMessages.pt-BR.resources,Err_TaskLocalVariablesWriterTaskNotDefined,"Lista de variáveis locais da tarefa '{0}': tarefa do gravador não definida."
_3S.CoDeSys.Compiler35220.Resources.ErrorMessages.pt-BR.resources,Err_ThisNotAllowed,"A expressão THIS  não é permitida neste contexto"
_3S.CoDeSys.Compiler35220.Resources.ErrorMessages.pt-BR.resources,Err_TooFewParametersForExtensibleFunction,"A função ampliável {0} precisa de pelo menos {1} entradas para o parâmetro {2}"
_3S.CoDeSys.Compiler35220.Resources.ErrorMessages.pt-BR.resources,Err_TooManyInitializer,"Inicializadores demais para o vetor"
_3S.CoDeSys.Compiler35220.Resources.ErrorMessages.pt-BR.resources,Err_TooManyParametersForExtensibleFunction,"A função ampliável {0} aceita no máximo {1} entradas para o parâmetro {2}"
_3S.CoDeSys.Compiler35220.Resources.ErrorMessages.pt-BR.resources,Err_TryCatchNotSupported,"O manuseio de exceção estruturada ainda não é suportado."
_3S.CoDeSys.Compiler35220.Resources.ErrorMessages.pt-BR.resources,Err_TryCatchNotSupportedCodegenerator,"O gerador de código para o dispositivo atual não suporta manipulação de exceção estruturada"
_3S.CoDeSys.Compiler35220.Resources.ErrorMessages.pt-BR.resources,Err_TryCatchNotSupportedVersion,"O manuseio de exceção estruturada não é suportado por seu destino atual. Pelo menos uma versão do sistema do tempo de execução 3.5.6.0 é necessária."
_3S.CoDeSys.Compiler35220.Resources.ErrorMessages.pt-BR.resources,Err_TypeExpected,"Era esperada uma definição de tipo em vez de '{0}'"
_3S.CoDeSys.Compiler35220.Resources.ErrorMessages.pt-BR.resources,Err_TypeIsNotGeneric,"'{0}' não é um bloco de funções genérico."
_3S.CoDeSys.Compiler35220.Resources.ErrorMessages.pt-BR.resources,Err_TypeMismatch,"Não é possível converter o tipo '{0}' em um tipo '{1}'"
_3S.CoDeSys.Compiler35220.Resources.ErrorMessages.pt-BR.resources,Err_TypesNotComparable,"Não é possível comparar o tipo '{0}' com o tipo '{1}'"
_3S.CoDeSys.Compiler35220.Resources.ErrorMessages.pt-BR.resources,Err_UnexpectedArrayInitialisation,"Inicialização de vetor inesperada"
_3S.CoDeSys.Compiler35220.Resources.ErrorMessages.pt-BR.resources,Err_UnexpectedOperandForCallInitFunction,"Operando inesperado '{0}' encontrado em '{1}'. Um GVL ou PRG deve ser passado como parâmetro."
_3S.CoDeSys.Compiler35220.Resources.ErrorMessages.pt-BR.resources,Err_UnexpectedOperandForIndexOf,"Operando ""{0}"" inesperado encontrado em ""{1}"""
_3S.CoDeSys.Compiler35220.Resources.ErrorMessages.pt-BR.resources,Err_UnexpectedPragmaif,"Pragma inesperado: '{0}' encontrado sem o 'if' correspondente"
_3S.CoDeSys.Compiler35220.Resources.ErrorMessages.pt-BR.resources,Err_UnexpectedStatement,"Instrução inesperada"
_3S.CoDeSys.Compiler35220.Resources.ErrorMessages.pt-BR.resources,Err_UnexpectedStructureInitialisation,"Inicialização de estrutura inesperada"
_3S.CoDeSys.Compiler35220.Resources.ErrorMessages.pt-BR.resources,Err_UnexpectedTokenFound,"Token '{0}' inesperado encontrado"
_3S.CoDeSys.Compiler35220.Resources.ErrorMessages.pt-BR.resources,Err_UnexpectedTypeName,"O nome do tipo '{0}' não é esperado nesse local"
_3S.CoDeSys.Compiler35220.Resources.ErrorMessages.pt-BR.resources,Err_UninitialisedVariableUsedInInitialisation,"A variável não inicializada {0} é usada para a inicialização de {1}. Use o atributo 'global_init_slot' para alterar a ordem de inicialização."
_3S.CoDeSys.Compiler35220.Resources.ErrorMessages.pt-BR.resources,Err_UnionNotAllowed,"Declaração UNION permitida apenas no tipo de unidade de dados"
_3S.CoDeSys.Compiler35220.Resources.ErrorMessages.pt-BR.resources,Err_UnknownCompilerVersionInCompiledLib,"A biblioteca ""{0}"" foi criada com a versão desconhecida do compilador ""{1}""."
_3S.CoDeSys.Compiler35220.Resources.ErrorMessages.pt-BR.resources,Err_UnknownEmbeddedLanguageType,"Tipo de linguagem incorporada desconhecido '{0}'."
_3S.CoDeSys.Compiler35220.Resources.ErrorMessages.pt-BR.resources,Err_UnknownMaxStackSize,"O acesso a informações sobre a tarefa atualmente executada requer conhecimento sobre o tamanho máximo da pilha suportada no sistema de destino."
_3S.CoDeSys.Compiler35220.Resources.ErrorMessages.pt-BR.resources,Err_UnknownType,"Tipo desconhecido: '{0}'"
_3S.CoDeSys.Compiler35220.Resources.ErrorMessages.pt-BR.resources,Err_UnsupportedFeature,"O recurso do compilador '{0}' é compatível apenas com a versão do compilador {1} ou superior"
_3S.CoDeSys.Compiler35220.Resources.ErrorMessages.pt-BR.resources,Err_UnsupportedType,"Tipo não suportado: '{0}'"
_3S.CoDeSys.Compiler35220.Resources.ErrorMessages.pt-BR.resources,Err_UpperBoundExpected,"Limite superior esperado para o loop FOR"
_3S.CoDeSys.Compiler35220.Resources.ErrorMessages.pt-BR.resources,Err_UserCheckFunctionsNotSupported,"As funções de verificação definidas pelo usuário não são suportadas"
_3S.CoDeSys.Compiler35220.Resources.ErrorMessages.pt-BR.resources,Err_VarAccessNotSupported,"VAR_ACCESS não é suportado"
_3S.CoDeSys.Compiler35220.Resources.ErrorMessages.pt-BR.resources,Err_VarConfigNotAllowed,"Declaração VAR_CONFIG permitida apenas na lista VAR_CONFIG"
_3S.CoDeSys.Compiler35220.Resources.ErrorMessages.pt-BR.resources,Err_VarGlobalNotAllowed,"Declaração VAR_GLOBAL permitida apenas na lista de variáveis globais"
_3S.CoDeSys.Compiler35220.Resources.ErrorMessages.pt-BR.resources,Err_VariableDeclarationExpected,"Era esperada uma declaração de variável em vez de {0}"
_3S.CoDeSys.Compiler35220.Resources.ErrorMessages.pt-BR.resources,Err_VariableDuplicate,"Já há uma variável local com nome '{0}' definida em '{1}'"
_3S.CoDeSys.Compiler35220.Resources.ErrorMessages.pt-BR.resources,Err_VariableForVarinoutConstant,"O parâmetro VAR_IN_OUT CONSTANT '{0}' de '{1}' requer variável como entrada"
_3S.CoDeSys.Compiler35220.Resources.ErrorMessages.pt-BR.resources,Err_VariableListExpected,"Era esperada VAR, VAR_INPUT, VAR_OUTPUT ou VAR_INOUT no lugar de {0}"
_3S.CoDeSys.Compiler35220.Resources.ErrorMessages.pt-BR.resources,Err_VariableOverride,"Definição duplicada da variável '{0}' no bloco de funções '{1}' e na base '{2}'"
_3S.CoDeSys.Compiler35220.Resources.ErrorMessages.pt-BR.resources,Err_VarInstOnlyInMethods,"Declaração VAR_INST não permitida neste local"
_3S.CoDeSys.Compiler35220.Resources.ErrorMessages.pt-BR.resources,Err_VarLengthArrayInOut,"Matrizes de comprimento variável são possíveis apenas como VAR_IN_OUT de métodos, funções e blocos de funções"
_3S.CoDeSys.Compiler35220.Resources.ErrorMessages.pt-BR.resources,Err_VarLengthArrayTopLevel,"Um tipo de matriz de comprimento variável deve estar na posição de nível superior de uma declaração de tipo"
_3S.CoDeSys.Compiler35220.Resources.ErrorMessages.pt-BR.resources,Err_VarTempNotAllowed,"Declaração VAR_TEMP não permitida neste local"
_3S.CoDeSys.Compiler35220.Resources.ErrorMessages.pt-BR.resources,Err_VarTooBig,"A variável '{0}' é muito grande. (tamanho variável: {1}, tamanho do segmento: {2})"
_3S.CoDeSys.Compiler35220.Resources.ErrorMessages.pt-BR.resources,Err_VectorBaseMustBeRealType,"O tipo base de um vetor deve ser REAL ou LREAL."
_3S.CoDeSys.Compiler35220.Resources.ErrorMessages.pt-BR.resources,Err_VectorNoPersistentRetain,"Um vetor não pode ser declarado PERSISTENT ou RETAIN."
_3S.CoDeSys.Compiler35220.Resources.ErrorMessages.pt-BR.resources,Err_VectorSizeIsNoConstant,"O tamanho de um vetor deve ser uma constante."
_3S.CoDeSys.Compiler35220.Resources.ErrorMessages.pt-BR.resources,Err_VectorSizeNotValid,"O tamanho de um vetor deve ser um número inteiro maior que 0 e menor que 9."
_3S.CoDeSys.Compiler35220.Resources.ErrorMessages.pt-BR.resources,Err_VectorTypeCantBePlacedInUnion,"Tipos de vetor não podem ser colocados em union."
_3S.CoDeSys.Compiler35220.Resources.ErrorMessages.pt-BR.resources,Err_VectorTypesNotCompatible,"Os tipos de vetor {0} e {1} não são compatíveis"
_3S.CoDeSys.Compiler35220.Resources.ErrorMessages.pt-BR.resources,Err_VersionInvalidFormat,"O token '{0}' não é uma versão válida"
_3S.CoDeSys.Compiler35220.Resources.ErrorMessages.pt-BR.resources,Err_VersionOverflow,"Pelo menos uma parte da versão '{0}' tem um valor muito grande"
_3S.CoDeSys.Compiler35220.Resources.ErrorMessages.pt-BR.resources,Err_VersionPartNegative,"Pelo menos uma parte da versão '{0}' tem um valor negativo"
_3S.CoDeSys.Compiler35220.Resources.ErrorMessages.pt-BR.resources,Err_WrongCallAfterGlobalInitSlotSignature,"Uma assinatura decorada com o atributo 'call_after_global_init_slot' não deve ter argumentos ou uma única entrada chamada 'bInitRetains'."
_3S.CoDeSys.Compiler35220.Resources.ErrorMessages.pt-BR.resources,Err_WrongConstructor,"Método 'FB_Init' de um bloco de função ou de uma estrutura precisa de duas entradas 'bInitRetains' e 'bInCopyCode' do tipo BOOL"
_3S.CoDeSys.Compiler35220.Resources.ErrorMessages.pt-BR.resources,Err_WrongDestructor,"Método 'FB_Exit' de um bloco de funções ou de uma estrutura precisa de uma entrada' bInCopyCode 'do tipo BOOL"
_3S.CoDeSys.Compiler35220.Resources.ErrorMessages.pt-BR.resources,Err_WrongFormalParameter,"Parâmetro formal incorreto: era esperado '{0}' nesse local"
_3S.CoDeSys.Compiler35220.Resources.ErrorMessages.pt-BR.resources,Err_WrongObjectType,"Não é possível chamar objetos de tipo '{0}'"
_3S.CoDeSys.Compiler35220.Resources.ErrorMessages.pt-BR.resources,Err_WrongReInit,"O método FB_ReInit de um bloco de função ou estrutura não deve ter entradas e um valor de retorno do tipo BOOL. O FB_ReInit não será chamado automaticamente!"
_3S.CoDeSys.Compiler35220.Resources.ErrorMessages.pt-BR.resources,Err_WrongTypeForAdr,"'{0}' não é permitido como operando para ADR"
_3S.CoDeSys.Compiler35220.Resources.ErrorMessages.pt-BR.resources,Err_WrongTypeForExternal,"Definição de tipo incorreta para VAR_EXTERNAL {0}"
_3S.CoDeSys.Compiler35220.Resources.ErrorMessages.pt-BR.resources,Err_WrongVarInInterfaceMethod,"Somente entradas, saídas e entradas/saídas são permitidas nos métodos de interface"
_3S.CoDeSys.Compiler35220.Resources.ErrorMessages.pt-BR.resources,Inf_RelatedPosition,"Posição relacionada"
_3S.CoDeSys.Compiler35220.Resources.ErrorMessages.pt-BR.resources,Inf_RelatedPositionRecursion,"Chamado '{0}'."
_3S.CoDeSys.Compiler35220.Resources.ErrorMessages.pt-BR.resources,Inf_RelatedPositionStackoverflow,"'{0}' usando {1} bytes de pilha."
_3S.CoDeSys.Compiler35220.Resources.ErrorMessages.pt-BR.resources,Inf_UseXSizeOfOperator,"Use o operador XSIZEOF para evitar esse erro"
_3S.CoDeSys.Compiler35220.Resources.ErrorMessages.pt-BR.resources,Info_PersistentMemoryConfiguration,"Você pode editar o tamanho da memória persistente na configuração de memória persistente."
_3S.CoDeSys.Compiler35220.Resources.ErrorMessages.pt-BR.resources,PublishSymbolsMustBeSet,"'Publicar todos os símbolos Comissão Eletrotécnica Internacional' precisa estar definido"
_3S.CoDeSys.Compiler35220.Resources.ErrorMessages.pt-BR.resources,Txt_ParentContextNotUpToDate,"Contexto pai não atualizado"
_3S.CoDeSys.Compiler35220.Resources.ErrorMessages.pt-BR.resources,Wrn_AbstractKeywordMissing,"A palavra-chave ABSTRACT está ausente"
_3S.CoDeSys.Compiler35220.Resources.ErrorMessages.pt-BR.resources,Wrn_AccessToInternalObject,"Não deve acessar o objeto interno {0} da biblioteca {1}"
_3S.CoDeSys.Compiler35220.Resources.ErrorMessages.pt-BR.resources,Wrn_AccessToInternalProperty,"Não deve acessar a propriedade interna {0} da biblioteca {1}"
_3S.CoDeSys.Compiler35220.Resources.ErrorMessages.pt-BR.resources,Wrn_AccessToInternalVariable,"Não deve acessar a variável interna {0} da biblioteca {1}"
_3S.CoDeSys.Compiler35220.Resources.ErrorMessages.pt-BR.resources,Wrn_AmbiguousCheckfunctionInLibrary,"A função de verificação implícita {0} está ocultada por outra função de verificação implícita {1}. As verificações não serão realizadas! Resolva o conflito e limpe a aplicação para usar a função de verificação."
_3S.CoDeSys.Compiler35220.Resources.ErrorMessages.pt-BR.resources,Wrn_AtLeastOneExpected,"É esperada ao menos uma afirmação"
_3S.CoDeSys.Compiler35220.Resources.ErrorMessages.pt-BR.resources,Wrn_AttributeCheck,"Falha na verificação de atributos"
_3S.CoDeSys.Compiler35220.Resources.ErrorMessages.pt-BR.resources,Wrn_BoolNotAtBitAddress,"Endereço de bit esperado para tipo de dados BOOL"
_3S.CoDeSys.Compiler35220.Resources.ErrorMessages.pt-BR.resources,Wrn_CallOfPrivateProperty,"Não deve acessar a propriedade privada {0}.{1}"
_3S.CoDeSys.Compiler35220.Resources.ErrorMessages.pt-BR.resources,Wrn_CallOfProtectedProperty,"Não deve acessar a propriedade protegida {0}.{1}"
_3S.CoDeSys.Compiler35220.Resources.ErrorMessages.pt-BR.resources,Wrn_CallRecursion,"Recursividade na chamada: {0}"
_3S.CoDeSys.Compiler35220.Resources.ErrorMessages.pt-BR.resources,Wrn_ChangeOfAccessModifier,"O método {0}.{1} altera o modificador de acesso ""{2}"" ao sobrescrever o método {3}.{1}"
_3S.CoDeSys.Compiler35220.Resources.ErrorMessages.pt-BR.resources,Wrn_ComplexExpression,"A POU contém uma expressão muito complexa. Considere utilizar resultados intermediários."
_3S.CoDeSys.Compiler35220.Resources.ErrorMessages.pt-BR.resources,Wrn_ConcurrentAccessOfBitInSameByte,"Acesso concomitante do bit '{0}' no mesmo byte"
_3S.CoDeSys.Compiler35220.Resources.ErrorMessages.pt-BR.resources,Wrn_ConstantInStructDeclaration,"A palavra-chave CONSTANT é ignorada na declaração de uma estrutura ou união"
_3S.CoDeSys.Compiler35220.Resources.ErrorMessages.pt-BR.resources,Wrn_DefaultValueNotConstant,"O valor padrão não é constante"
_3S.CoDeSys.Compiler35220.Resources.ErrorMessages.pt-BR.resources,Wrn_DefaultValueTopLevel,"A entrada é opcional apenas quando esta função é chamada a partir do código IEC"
_3S.CoDeSys.Compiler35220.Resources.ErrorMessages.pt-BR.resources,Wrn_DeviceNotInstalledForSimulation,"O dispositivo não está instalado no sistema. A simulação utiliza as configurações padrão."
_3S.CoDeSys.Compiler35220.Resources.ErrorMessages.pt-BR.resources,Wrn_EnumComparison,"Comparação de um tipo de enumeração ({0}) com outro ({1})"
_3S.CoDeSys.Compiler35220.Resources.ErrorMessages.pt-BR.resources,Wrn_EnumValueDuplicate,"A constante {0} está atribuída a mais de uma enumeração"
_3S.CoDeSys.Compiler35220.Resources.ErrorMessages.pt-BR.resources,Wrn_ExitForRetainInstances,"FB_EXIT de instâncias em VAR_RETAIN também é chamado durante a reinicialização a quente, mas não FB_INIT. Evite manter a declaração de blocos funcionais com FB_EXIT!"
_3S.CoDeSys.Compiler35220.Resources.ErrorMessages.pt-BR.resources,Wrn_ExtendsForInterfaces,"Utilize a Palavra-chave EXTENDS para herança de Interfaces ao invés de IMPLEMENTS."
_3S.CoDeSys.Compiler35220.Resources.ErrorMessages.pt-BR.resources,Wrn_ExternalReferenceIgnored,"Referências externas são possíveis apenas para blocos funcionais, métodos, funções e constantes listas de variáveis globais. A referência externa para {0} '{1}' é ignorada."
_3S.CoDeSys.Compiler35220.Resources.ErrorMessages.pt-BR.resources,Wrn_GlobalInitSlotNotForVariables,"O atributo 'global_init_slot' sempre afeta toda a lista de variáveis e não deve ser aplicado em variáveis únicas"
_3S.CoDeSys.Compiler35220.Resources.ErrorMessages.pt-BR.resources,Wrn_GranularityMismatchForDirectVariable,"A variável '{0}' possui uma granularidade de {1}, mas está localizada no endereço direto {2}, que não está alinhado a {1} bytes."
_3S.CoDeSys.Compiler35220.Resources.ErrorMessages.pt-BR.resources,Wrn_ImplicitCheckFunctionShadowed,"A função de verificação implícita '{0}' está oculta por outra variável ou função. As verificações não serão executadas! Resolva o conflito e limpe a aplicação para usar a função de verificação."
_3S.CoDeSys.Compiler35220.Resources.ErrorMessages.pt-BR.resources,Wrn_ImplicitEnumConversion,"Conversão implícita a partir de um tipo de enumeração ({0}) a outro ({1})"
_3S.CoDeSys.Compiler35220.Resources.ErrorMessages.pt-BR.resources,Wrn_ImplicitIntToReal,"Conversão implícita de '{0}' para '{1}': possível perda de informações"
_3S.CoDeSys.Compiler35220.Resources.ErrorMessages.pt-BR.resources,Wrn_ImplicitSignedToUnsigned,"A conversão implícita do tipo '{0}' assinado para o tipo '{1}' não assinado: possível mudança de sinal"
_3S.CoDeSys.Compiler35220.Resources.ErrorMessages.pt-BR.resources,Wrn_ImplicitUnsignedToSigned,"Conversão implícita de tipo '{0}' não assinado para tipo '{1}' assinado: possível mudança de sinal"
_3S.CoDeSys.Compiler35220.Resources.ErrorMessages.pt-BR.resources,Wrn_InterfaceChangedBase,"A interface do método substituído '{0}' da base '{1}' não corresponde à declaração"
_3S.CoDeSys.Compiler35220.Resources.ErrorMessages.pt-BR.resources,Wrn_InvalidDefaultValue,"O tipo {0} não pode ter um valor padrão neste contexto"
_3S.CoDeSys.Compiler35220.Resources.ErrorMessages.pt-BR.resources,Wrn_InvalidStringSize,"O tamanho de uma cadeia pode não ser negativo ('{0}')."
_3S.CoDeSys.Compiler35220.Resources.ErrorMessages.pt-BR.resources,Wrn_LabelNoReference,"O rótulo '{0}' não foi referenciado"
_3S.CoDeSys.Compiler35220.Resources.ErrorMessages.pt-BR.resources,Wrn_LibraryNotInstalled,"A biblioteca {0} não foi adicionada ao Gerenciador de bibliotecas ou não foi possível encontrar nenhuma licença válida"
_3S.CoDeSys.Compiler35220.Resources.ErrorMessages.pt-BR.resources,Wrn_LibWithStringInVarInOut,"Considere declarar a variável de cadeia VAR_IN_OUT '{0}' em '{1}' como CONSTANT VAR_IN_OUT para permitir aos realizadores de chamada passarem literais ou constantes."
_3S.CoDeSys.Compiler35220.Resources.ErrorMessages.pt-BR.resources,Wrn_LoopExitConditionConstant,"A condição de saída de loop '{0} {1} {2}' é a constante FALSE. Possível loop sem fim!"
_3S.CoDeSys.Compiler35220.Resources.ErrorMessages.pt-BR.resources,Wrn_LValueForVarinoutStrings,"O parâmetro VAR_IN_OUT '{0}' de '{1}' precisa de uma variável com acesso de gravação como entrada. Isso será um erro de compilação em versões futuras!"
_3S.CoDeSys.Compiler35220.Resources.ErrorMessages.pt-BR.resources,Wrn_MethodAlreadyCalledImplicitly,"O método '{0}' já foi chamado implicitamente"
_3S.CoDeSys.Compiler35220.Resources.ErrorMessages.pt-BR.resources,Wrn_MissingAttributeNoAssign,"Falta o atributo 'no_assign' para POU '{0}'? O tipo da variável '{1}' é atribuído com 'no_assign'."
_3S.CoDeSys.Compiler35220.Resources.ErrorMessages.pt-BR.resources,Wrn_MissingInstancePathForPersistent,"Não se encontrou na lista VAR_PERSISTENTE nenhum caminho de instância correspondente para a variável {0}. Use o comando ""Adicione todos os caminhos de instância"" para adicionar todos os caminhos de instância à lista VAR_PERSISTENTE. (Veja Ajuda para mais detalhes)"
_3S.CoDeSys.Compiler35220.Resources.ErrorMessages.pt-BR.resources,Wrn_NoInheritanceForUnions,"A herança não se destina ao tipo de dados ""UNION"": {0}"
_3S.CoDeSys.Compiler35220.Resources.ErrorMessages.pt-BR.resources,Wrn_NoInitialValueForConstant,"Nenhum valor inicial para a variável constante '{0}'"
_3S.CoDeSys.Compiler35220.Resources.ErrorMessages.pt-BR.resources,Wrn_NonAsciiStringLiteral,"A cadeia literal '{0}...' contém caracteres não representáveis. Pode ser usada a opção de projeto 'codificação UTF-8 para STRING'."
_3S.CoDeSys.Compiler35220.Resources.ErrorMessages.pt-BR.resources,Wrn_NonLocalAccessToVarInOut,"Acesso a VAR_IN_OUT '{0}' declarado em '{1}' a partir do contexto externo '{2}'."
_3S.CoDeSys.Compiler35220.Resources.ErrorMessages.pt-BR.resources,Wrn_NoPointerToBit,"O bit único não pode ser referenciado. Uma referência ao byte completo será armazenada."
_3S.CoDeSys.Compiler35220.Resources.ErrorMessages.pt-BR.resources,Wrn_NotAllowedInInterfaceLib,"'{0}' não é permitido na biblioteca de interface"
_3S.CoDeSys.Compiler35220.Resources.ErrorMessages.pt-BR.resources,Wrn_Obsolete,"A POU '{0}' foi marcada como obsoleta: {1}"
_3S.CoDeSys.Compiler35220.Resources.ErrorMessages.pt-BR.resources,Wrn_ObsoleteOutputInAbstractMethod,"O valor padrão para um VAR_OUTPUT não é usado nos métodos ABSTRACT ou INTERFACE"
_3S.CoDeSys.Compiler35220.Resources.ErrorMessages.pt-BR.resources,Wrn_OnlyConstantInitialValueForMappedPersistentVar,"Somente constantes substituídas podem ser aplicadas como valor inicial para uma variável persistente mapeada"
_3S.CoDeSys.Compiler35220.Resources.ErrorMessages.pt-BR.resources,Wrn_PersistentVariableOnStack,"Variáveis persistentes nas instâncias do bloco de funções localizadas na pilha não são suportadas: {0}"
_3S.CoDeSys.Compiler35220.Resources.ErrorMessages.pt-BR.resources,Wrn_PointerMisatch,"O tipo '{0}' provavelmente não pode ser convertido no tipo '{1}'"
_3S.CoDeSys.Compiler35220.Resources.ErrorMessages.pt-BR.resources,Wrn_Pragma,"Aviso definido pelo usuário gerado por aviso pragma"
_3S.CoDeSys.Compiler35220.Resources.ErrorMessages.pt-BR.resources,Wrn_ReferenceToUninitializedVariable,"Uma referência à variável não-inicializada {0} é usada para a inicialização da {1}. Um acesso à variável não-inicializada pode resultar em comportamento inesperado."
_3S.CoDeSys.Compiler35220.Resources.ErrorMessages.pt-BR.resources,Wrn_ReservedUnusedKeyword,"O nome '{0}' é uma palavra-chave reservada na norma IEC61131-3. Um erro será relatado nas versões futuras."
_3S.CoDeSys.Compiler35220.Resources.ErrorMessages.pt-BR.resources,Wrn_ShiftExceedsTypeSize,"A mudança por {0} excede o tamanho de tipo de {1}."
_3S.CoDeSys.Compiler35220.Resources.ErrorMessages.pt-BR.resources,Wrn_StackCheckIncompleteDueToRecursion,"Cálculo da utilização da pilha incompleto devido a chamadas recursivas: {0}"
_3S.CoDeSys.Compiler35220.Resources.ErrorMessages.pt-BR.resources,Wrn_StatementNoEffect,"O nome ""{0}"" não tem efeito. É esse o objetivo?"
_3S.CoDeSys.Compiler35220.Resources.ErrorMessages.pt-BR.resources,Wrn_StringConstantTooLong,"Constante de cadeia '{0}' longa demais para o tipo de destino '{1}'"
_3S.CoDeSys.Compiler35220.Resources.ErrorMessages.pt-BR.resources,Wrn_StruturedTypePropertyNotMonitorable,"O atributo de monitoramento não é suportado pela propriedade '{0}' e será ignorado"
_3S.CoDeSys.Compiler35220.Resources.ErrorMessages.pt-BR.resources,Wrn_TooManyApplications,"Foram definidos {0} aplicações para o dispositivo {1}. O número máximo é {2}. Assim, você não será capaz de fazer download de todas as aplicações."
_3S.CoDeSys.Compiler35220.Resources.ErrorMessages.pt-BR.resources,Wrn_UninitialisedVariableUsedInInitialisation,"A variável não inicializada {0} é usada para a inicialização de {1}. Use o atributo 'global_init_slot' para alterar a ordem de inicialização."
_3S.CoDeSys.Compiler35220.Resources.ErrorMessages.pt-BR.resources,Wrn_ValueAssignViaPointerMayChangeVFTable,"A instância {0} indica que será reinicializada para chamadas de função virtual. Certifique-se que {0} não aponte para um tipo derivado de {1} "
_3S.CoDeSys.Compiler35220.Resources.ErrorMessages.pt-BR.resources,Wrn_VarInOutUnitializedInInitialValue,"Acesso à variável VAR_IN_OUT não inicializada"
_3S.CoDeSys.Compiler35220.Resources.ErrorMessages.pt-BR.resources,Wrn_WrongDestructor,"O método FB_Exit de um bloco de funções ou de uma estrutura deve ter uma única entrada 'bInCopyCode' do tipo BOOL e um valor retornado do tipo BOOL."
_3S.CoDeSys.Compiler35220.Resources.ErrorMessages.pt-BR.resources,Wrn_WrongReInit,"O método FB_ReInit de um bloco de funções ou de uma estrutura não deve ter entradas e um valor de retorno do tipo BOOL. O FB_ReInit não será chamado automaticamente!"
_3S.CoDeSys.Compiler35220.Resources.Strings.pt-BR.resources,AffectionCopied,"Valor antigo copiado X"
_3S.CoDeSys.Compiler35220.Resources.Strings.pt-BR.resources,AffectionInitialized,"Inicializado"
_3S.CoDeSys.Compiler35220.Resources.Strings.pt-BR.resources,AffectionLocationChanged,"Localização alterada"
_3S.CoDeSys.Compiler35220.Resources.Strings.pt-BR.resources,AffectionVFTableInitialized,"Tabela de funções virtuais inicializada"
_3S.CoDeSys.Compiler35220.Resources.Strings.pt-BR.resources,And_Text,"e"
_3S.CoDeSys.Compiler35220.Resources.Strings.pt-BR.resources,Area_Output_Checked,"Tamanho necessário para{0}: {1} bytes (tamanho disponível: {2} bytes)"
_3S.CoDeSys.Compiler35220.Resources.Strings.pt-BR.resources,Area_Output_Checked_Exceeded,"Tamanho excedido para{0}: {1} bytes (tamanho disponível: {2} bytes)"
_3S.CoDeSys.Compiler35220.Resources.Strings.pt-BR.resources,Area_Output_Info,"A área de memória {0} contém {1}: tamanho: {2} bytes, endereço mais alto usado: {3}, a maior lacuna de memória contígua: {4} bytes ({5} %)"
_3S.CoDeSys.Compiler35220.Resources.Strings.pt-BR.resources,Area_Output_Info_Simple,"A área da memória {0} contém {1}: a maior lacuna de memória contígua: {2} bytes ({3} %)"
_3S.CoDeSys.Compiler35220.Resources.Strings.pt-BR.resources,AttributeAlreadyRegistered,"O atributo {0} já foi registrado por outro plug-in"
_3S.CoDeSys.Compiler35220.Resources.Strings.pt-BR.resources,AttributeInvalidRange,"{0} não é um valor válido para o atributo '{1}'. Um valor no intervalo [{2}..{3}] é esperado."
_3S.CoDeSys.Compiler35220.Resources.Strings.pt-BR.resources,AttributeInvalidTypeInteger,"O valor '{0}' para o atributo '{1}' é inválido. Espera-se um número inteiro entre aspas simples (como '42')."
_3S.CoDeSys.Compiler35220.Resources.Strings.pt-BR.resources,AttributeMustBeEmpty,"Valor inesperado '{0}' atribuído ao atributo '{0}'."
_3S.CoDeSys.Compiler35220.Resources.Strings.pt-BR.resources,AttributeMustNotBeEmpty,"Esperava-se um valor atribuído ao atributo '{0}'."
_3S.CoDeSys.Compiler35220.Resources.Strings.pt-BR.resources,AttributeNotInFunctionFBOrMethod,"O atributo '{0}' só é avaliado para POUs do tipo função, bloco de funções ou método"
_3S.CoDeSys.Compiler35220.Resources.Strings.pt-BR.resources,AttributeNotInMethod,"O atributo '{0}' só é avaliado para POUs do tipo método"
_3S.CoDeSys.Compiler35220.Resources.Strings.pt-BR.resources,AttributeNotSupportedWithCompilerVersion,"O atributo '{0}' só é interpretado para versão do compilador {1} ou mais recente. A versão atual do compilador é {2}."
_3S.CoDeSys.Compiler35220.Resources.Strings.pt-BR.resources,AttributeStrictDesc,"A marcação de declarações do tipo ENUM com o atributo 'strict' força atribuições puramente constantes de componentes válidos do ENUM durante a compilação"
_3S.CoDeSys.Compiler35220.Resources.Strings.pt-BR.resources,AttributeStrictNoValidSignature,"O atributo 'strict' só é avaliado para declarações do tipo ENUM"
_3S.CoDeSys.Compiler35220.Resources.Strings.pt-BR.resources,AttributeToStringFunctionWrongPOUType,"O atributo {0} é válido somente para declarações de tipo e blocos de funções"
_3S.CoDeSys.Compiler35220.Resources.Strings.pt-BR.resources,AttributeToStringWrongType,"O atributo {0} é válido somente para enumerações"
_3S.CoDeSys.Compiler35220.Resources.Strings.pt-BR.resources,AttributeUnknown,"O atributo {0} é desconhecido e será ignorado pelo compilador"
_3S.CoDeSys.Compiler35220.Resources.Strings.pt-BR.resources,AttributeValueMustBeOneOf,"O valor '{0}' para o atributo '{1}' é inválido, deve ser um de : {2}"
_3S.CoDeSys.Compiler35220.Resources.Strings.pt-BR.resources,AttributeWrongScopeSigns,"O atributo '{0}' só pode ser adicionado a declarações variáveis. Ele será ignorado aqui."
_3S.CoDeSys.Compiler35220.Resources.Strings.pt-BR.resources,AttributeWrongScopeVars,"O atributo '{0}' foi adicionado a uma variável, mas afeta somente as POUs. O atributo será ignorado."
_3S.CoDeSys.Compiler35220.Resources.Strings.pt-BR.resources,Build,"Compilação"
_3S.CoDeSys.Compiler35220.Resources.Strings.pt-BR.resources,BuildCompleteErrors,"Compilação completa -- {0} erros, {1} advertências: download impossível"
_3S.CoDeSys.Compiler35220.Resources.Strings.pt-BR.resources,BuildCompleteOK,"Compilação completa -- {0} erros, {1} advertência: pronto para baixar"
_3S.CoDeSys.Compiler35220.Resources.Strings.pt-BR.resources,BuildStarted,"------ Compilação iniciada: aplicação: {0} -------"
_3S.CoDeSys.Compiler35220.Resources.Strings.pt-BR.resources,C138ErrMsgCheckSyntax,"Verificar a sintaxe '{0} : {1}({2})'"
_3S.CoDeSys.Compiler35220.Resources.Strings.pt-BR.resources,C138ErrMsgRequiresNInputs,"Especificado 'FB_Init' método requer exatamente {0} entradas."
_3S.CoDeSys.Compiler35220.Resources.Strings.pt-BR.resources,Change_AttributesChanged,"Atributos alterados"
_3S.CoDeSys.Compiler35220.Resources.Strings.pt-BR.resources,Change_CodeChanged,"implementação alterada"
_3S.CoDeSys.Compiler35220.Resources.Strings.pt-BR.resources,Change_DefineChanged,"Definições alteradas"
_3S.CoDeSys.Compiler35220.Resources.Strings.pt-BR.resources,Change_GlobalErrors,"Erros globais no projeto"
_3S.CoDeSys.Compiler35220.Resources.Strings.pt-BR.resources,Change_InterfaceAdded,"inserido"
_3S.CoDeSys.Compiler35220.Resources.Strings.pt-BR.resources,Change_InterfaceChange_Explicitly,"declaração alterada, explicitamente invalidada"
_3S.CoDeSys.Compiler35220.Resources.Strings.pt-BR.resources,Change_InterfaceChanged,"declaração alterada"
_3S.CoDeSys.Compiler35220.Resources.Strings.pt-BR.resources,Change_InterfaceDeleted,"Excluído"
_3S.CoDeSys.Compiler35220.Resources.Strings.pt-BR.resources,Change_NumOfSubSignaturesChanged,"número de métodos ou ações alterados"
_3S.CoDeSys.Compiler35220.Resources.Strings.pt-BR.resources,Change_ParameterTablesChanged,"Tabelas de parâmetros da biblioteca alteradas"
_3S.CoDeSys.Compiler35220.Resources.Strings.pt-BR.resources,Change_ReferencedLibrariesChanged,"Bibliotecas referenciadas alteradas"
_3S.CoDeSys.Compiler35220.Resources.Strings.pt-BR.resources,Change_VariableChanged,"variável {0} alterada"
_3S.CoDeSys.Compiler35220.Resources.Strings.pt-BR.resources,Change_VariableDeleted,"variável {0} excluída"
_3S.CoDeSys.Compiler35220.Resources.Strings.pt-BR.resources,Change_VariableInserted,"variável {0} inserida"
_3S.CoDeSys.Compiler35220.Resources.Strings.pt-BR.resources,ClearDownloadContext,"Apagar contexto de download"
_3S.CoDeSys.Compiler35220.Resources.Strings.pt-BR.resources,Code_Text,"Código"
_3S.CoDeSys.Compiler35220.Resources.Strings.pt-BR.resources,CodeNoChange,"O código não foi alterado. Não é preciso fazer alterações on-line."
_3S.CoDeSys.Compiler35220.Resources.Strings.pt-BR.resources,CompileCompleteErrors,"Compilação completa -- {0} erros, {1} advertências"
_3S.CoDeSys.Compiler35220.Resources.Strings.pt-BR.resources,CompileCompleteOK,"Compilação completa -- {0} erros, {1} advertências"
_3S.CoDeSys.Compiler35220.Resources.Strings.pt-BR.resources,Data_Text,"Dados"
_3S.CoDeSys.Compiler35220.Resources.Strings.pt-BR.resources,DoCodeTypification,"Tipificar o código"
_3S.CoDeSys.Compiler35220.Resources.Strings.pt-BR.resources,DoLocation,"Localizar dados globais"
_3S.CoDeSys.Compiler35220.Resources.Strings.pt-BR.resources,DoTypification,"Recuperando o set de trabalho"
_3S.CoDeSys.Compiler35220.Resources.Strings.pt-BR.resources,DownloadInfoSaveException,"O arquivo de informações para download não pôde ser salvo em {0}.\nJá é impossível iniciar a sessão no dispositivo após o recarregamento do projeto.\nCausa:\n{1}"
_3S.CoDeSys.Compiler35220.Resources.Strings.pt-BR.resources,Err_CompilerVersionError,"A versão {0} do compilador foi retirada. Use uma versão de compilador mais recente em seu lugar."
_3S.CoDeSys.Compiler35220.Resources.Strings.pt-BR.resources,ErrExpressionContainsNoAppName,"A expressão não contém um nome de aplicação"
_3S.CoDeSys.Compiler35220.Resources.Strings.pt-BR.resources,ErrExpressionContainsNoResource,"A expressão não contém um nome de recurso"
_3S.CoDeSys.Compiler35220.Resources.Strings.pt-BR.resources,ErrInvalidExpression,"Expressão inválida"
_3S.CoDeSys.Compiler35220.Resources.Strings.pt-BR.resources,ErrMultipleAreasWithMappedSegmentAccess,"Múltiplas áreas encontradas com o flag atribuído 'MappedSegmentAccessOnly'"
_3S.CoDeSys.Compiler35220.Resources.Strings.pt-BR.resources,ErrNoApplication,"Aplicação não encontrado"
_3S.CoDeSys.Compiler35220.Resources.Strings.pt-BR.resources,ErrNoAreaWithMappedSegmentAccess,"Segmentos mapeados encontrados, mas nenhuma área foi marcada 'MappedSegmentAccessOnly'"
_3S.CoDeSys.Compiler35220.Resources.Strings.pt-BR.resources,ErrorLimitExceeded,"Ocorreram mais de {0} erros: todas as outras mensagens de erro são omitidas"
_3S.CoDeSys.Compiler35220.Resources.Strings.pt-BR.resources,ErrSignatureNotFound,"Assinatura não encontrada"
_3S.CoDeSys.Compiler35220.Resources.Strings.pt-BR.resources,Except_Boot_Project_Error,"Nenhum projeto de inicialização possível nesse estado: aplicação sem memória. Faça primeiro o download completo."
_3S.CoDeSys.Compiler35220.Resources.Strings.pt-BR.resources,Except_Boot_Project_Error_CompileContext_Not_UpToDate,"A aplicação de inicialização é impossível neste estado: Erro interno"
_3S.CoDeSys.Compiler35220.Resources.Strings.pt-BR.resources,Except_Boot_Project_Error_Error_In_Compile,"Nenhum projeto de arranque possível nesse estado: erro ao criar informações sobre a inicialização do projeto. Veja a janela de mensagens."
_3S.CoDeSys.Compiler35220.Resources.Strings.pt-BR.resources,FeatureGroup_Description,"Recursos relacionados à linguagem IEC 61131-3"
_3S.CoDeSys.Compiler35220.Resources.Strings.pt-BR.resources,FeatureGroup_Name,"linguagem IEC 61131-3"
_3S.CoDeSys.Compiler35220.Resources.Strings.pt-BR.resources,GenerateCode,"Geração de código para {0}..."
_3S.CoDeSys.Compiler35220.Resources.Strings.pt-BR.resources,GenerateCodeInit,"Gerar inicialização de código..."
_3S.CoDeSys.Compiler35220.Resources.Strings.pt-BR.resources,GenerateCodeProgress,"Geração de código..."
_3S.CoDeSys.Compiler35220.Resources.Strings.pt-BR.resources,GenerateGlobalInit,"Gerar inicializações globais..."
_3S.CoDeSys.Compiler35220.Resources.Strings.pt-BR.resources,GenerateRelocations,"Gerar relocações..."
_3S.CoDeSys.Compiler35220.Resources.Strings.pt-BR.resources,GeneratingCode,"Gerando código..."
_3S.CoDeSys.Compiler35220.Resources.Strings.pt-BR.resources,Getter,"Getter"
_3S.CoDeSys.Compiler35220.Resources.Strings.pt-BR.resources,GlobalInitErrorPrefix,"Erro no código de inicialização implícito: "
_3S.CoDeSys.Compiler35220.Resources.Strings.pt-BR.resources,GVLChanged,"Lista de variáveis globais '{0}' alterada"
_3S.CoDeSys.Compiler35220.Resources.Strings.pt-BR.resources,GVLRenamedOrDeleted,"Lista de variáveis globais '{0}' renomeada ou apagada"
_3S.CoDeSys.Compiler35220.Resources.Strings.pt-BR.resources,HiddenPousPlaceholder,"<POUs ocultos>"
_3S.CoDeSys.Compiler35220.Resources.Strings.pt-BR.resources,Input_Text,"Entrada"
_3S.CoDeSys.Compiler35220.Resources.Strings.pt-BR.resources,InterfaceChanged,"A interface '{0}' foi alterada"
_3S.CoDeSys.Compiler35220.Resources.Strings.pt-BR.resources,InterfaceReferencesAffected,"As seguintes referências de interface estão verificadas para redirecionamento:"
_3S.CoDeSys.Compiler35220.Resources.Strings.pt-BR.resources,InterfacesChanged,"As seguintes interfaces da POU foram alteradas:"
_3S.CoDeSys.Compiler35220.Resources.Strings.pt-BR.resources,InvalidBooleanValue,"Valor inválido"
_3S.CoDeSys.Compiler35220.Resources.Strings.pt-BR.resources,LanguageModelMngrOptionConditionalShowSymbols_Description,"Usado para esconder variáveis em bibliotecas do usuário final"
_3S.CoDeSys.Compiler35220.Resources.Strings.pt-BR.resources,Libraries,"lLbraries"
_3S.CoDeSys.Compiler35220.Resources.Strings.pt-BR.resources,LibrariesChanged,"Bibliotecas alteradas"
_3S.CoDeSys.Compiler35220.Resources.Strings.pt-BR.resources,LoadCompileContext,"Carregar informações de compilação"
_3S.CoDeSys.Compiler35220.Resources.Strings.pt-BR.resources,LoadingLibraries,"Carregando bibliotecas..."
_3S.CoDeSys.Compiler35220.Resources.Strings.pt-BR.resources,Memory_Text,"Memória"
_3S.CoDeSys.Compiler35220.Resources.Strings.pt-BR.resources,MethodAdded,"Método '{0}' de {1} '{2}' adicionado"
_3S.CoDeSys.Compiler35220.Resources.Strings.pt-BR.resources,MethodChanged,"Método '{0}' de {1} '{2}' alterado"
_3S.CoDeSys.Compiler35220.Resources.Strings.pt-BR.resources,MethodRenamedOrDeleted,"Método '{0}' de {1} '{2}' renomeado ou apagado"
_3S.CoDeSys.Compiler35220.Resources.Strings.pt-BR.resources,NumInterfacesChanged,"{0} interfaces de POUs alteradas"
_3S.CoDeSys.Compiler35220.Resources.Strings.pt-BR.resources,NumInterfacesToTest,"{0} referências de interface estão testadas para redirecionamento"
_3S.CoDeSys.Compiler35220.Resources.Strings.pt-BR.resources,NumPOUsDownloaded,"{0} POUs mudaram seu código"
_3S.CoDeSys.Compiler35220.Resources.Strings.pt-BR.resources,NumVariablesAffected,"{0} variáveis afetadas pela alteração on-line, {1} localização alterada, {2} inicializadas, {3} copiadas, {4} tabela de funções virtuais iniciada"
_3S.CoDeSys.Compiler35220.Resources.Strings.pt-BR.resources,OnlineChangeRelinkCodegenProgress,"Geração de código para religação da interface"
_3S.CoDeSys.Compiler35220.Resources.Strings.pt-BR.resources,OnlineChangeRelinkProgress,"Verificando variáveis para possíveis referências de interface"
_3S.CoDeSys.Compiler35220.Resources.Strings.pt-BR.resources,OR,"ou"
_3S.CoDeSys.Compiler35220.Resources.Strings.pt-BR.resources,Output_Text,"Saída"
_3S.CoDeSys.Compiler35220.Resources.Strings.pt-BR.resources,ParamsArray_Comment,"'arrParams' é um arranjo de base 1 que mantém os valores reais passados para esta função. Qualquer valor além de 'nCoun' não é atribuído nem inicializado e não deve ser usado."
_3S.CoDeSys.Compiler35220.Resources.Strings.pt-BR.resources,ParamsCount_Comment,"Count define o número de parâmetros formais passados para essa função"
_3S.CoDeSys.Compiler35220.Resources.Strings.pt-BR.resources,Persistent_Text,"Dados persistentes"
_3S.CoDeSys.Compiler35220.Resources.Strings.pt-BR.resources,PersistenVariablesChanged,"Variáveis persistentes foram alteradas! Deseja inicializar com a lista atual?\n		\nSim: a lista atual será inicializada, os valores persistentes existentes serão substituídos.\nNão: os valores persistentes existentes serão mantidos, a lista atual usará esses valores.\nADVERTÊNCIA: Os valores podem não corresponder às suas variáveis persistentes. Você tem que verificar os valores manualmente!\nPor exemplo: se você acrescentar uma variável no início da lista, todos os valores estão errados!\n\nCancelar: cancelar download ou modificação on-line"
_3S.CoDeSys.Compiler35220.Resources.Strings.pt-BR.resources,POUChanged,"{0} '{1}' alterado"
_3S.CoDeSys.Compiler35220.Resources.Strings.pt-BR.resources,POURenamedOrDeleted,"{0} '{1}' renomeado ou apagado"
_3S.CoDeSys.Compiler35220.Resources.Strings.pt-BR.resources,POUsDownloaded,"O código dos POUs seguintes será baixado"
_3S.CoDeSys.Compiler35220.Resources.Strings.pt-BR.resources,POUUnit,"POUs"
_3S.CoDeSys.Compiler35220.Resources.Strings.pt-BR.resources,Precompile,"Pré-compilação"
_3S.CoDeSys.Compiler35220.Resources.Strings.pt-BR.resources,ProjectUpToDate,"A aplicação está em dia"
_3S.CoDeSys.Compiler35220.Resources.Strings.pt-BR.resources,Retain_Text,"Conservação de dados"
_3S.CoDeSys.Compiler35220.Resources.Strings.pt-BR.resources,Scanner_Initialize_char_array_must_end_with_null_value,"O arranjo de gráfico deve terminar com um valor nulo"
_3S.CoDeSys.Compiler35220.Resources.Strings.pt-BR.resources,Setter,"Setter"
_3S.CoDeSys.Compiler35220.Resources.Strings.pt-BR.resources,String1,"A versão do compilador especificada nesse projeto é descontinuada. Embora o projeto ainda possa ser compilado, recomenda-se que a versão do compilador seja atualizada para uma versão posterior. Queira notar que, após a atualização da versão do compilador, a versão antiga não está mais disponível para esse projeto."
_3S.CoDeSys.Compiler35220.Resources.Strings.pt-BR.resources,SupportExtendedProgrammingFeatureSettingProvider_Description,"Se ativado, recursos de programação estendidos, como programação orientada a objetos ou atributos, são apoiados na interface do usuário. Nota: Isso não influencia a capacidade de abrir e compilar projetos existentes que contenham tais elementos."
_3S.CoDeSys.Compiler35220.Resources.Strings.pt-BR.resources,SupportExtendedProgrammingFeatureSettingProvider_Name,"Apoiar recursos avançados de programação"
_3S.CoDeSys.Compiler35220.Resources.Strings.pt-BR.resources,TextContains,"Contém"
_3S.CoDeSys.Compiler35220.Resources.Strings.pt-BR.resources,TypeChanged,"Tipo '{0}' modificado"
_3S.CoDeSys.Compiler35220.Resources.Strings.pt-BR.resources,TypeRenamedOrDeleted,"Tipo '{0}' renomeado ou apagado"
_3S.CoDeSys.Compiler35220.Resources.Strings.pt-BR.resources,TypifyAll,"Tipificar código..."
_3S.CoDeSys.Compiler35220.Resources.Strings.pt-BR.resources,UnexpectedExpression,"'Expressão inesperada {0}'"
_3S.CoDeSys.Compiler35220.Resources.Strings.pt-BR.resources,UnresolvedVariable,"Variável não resolvida {0}"
_3S.CoDeSys.Compiler35220.Resources.Strings.pt-BR.resources,UpdatingCompilerVersion,"Atualização da versão do compilador"
_3S.CoDeSys.Compiler35220.Resources.Strings.pt-BR.resources,VariableDeclarationChanged,"A declaração da variável '{0}' em '{1}' alterada"
_3S.CoDeSys.Compiler35220.Resources.Strings.pt-BR.resources,VariableRenamedOrDeleted,"Variável '{0}' em '{1}' renomeada ou apagada"
_3S.CoDeSys.Compiler35220.Resources.Strings.pt-BR.resources,VariablesAffected,"As seguintes variáveis são afetadas pela alteração on-line:"
_3S.CoDeSys.Compiler35220.Resources.Strings.pt-BR.resources,WarningLimitExceeded,"Ocorreram mais de {0} advertências: todas as outras mensagens de advertência são omitidas"
_3S.CoDeSys.Compiler35220.Resources.Strings.pt-BR.resources,Warnings,"Advertências"
_3S.CoDeSys.Compiler35220.Resources.Strings.pt-BR.resources,WritingCompileInformationProgressText,"Finalizar informações de compilação de gravação..."
