resource,key,text
_3S.CoDeSys.Compiler35220.Resources.CompilerStrings.tr.resources,AffectionCopied,"Eski Değer Kopyalandı"
_3S.CoDeSys.Compiler35220.Resources.CompilerStrings.tr.resources,AffectionInitialized,"Başlatıldı"
_3S.CoDeSys.Compiler35220.Resources.CompilerStrings.tr.resources,AffectionInitNewVariables,"Başlatılan yeni değişkenler"
_3S.CoDeSys.Compiler35220.Resources.CompilerStrings.tr.resources,AffectionLocationChanged,"Pozisyon değişti"
_3S.CoDeSys.Compiler35220.Resources.CompilerStrings.tr.resources,AffectionVFTableInitialized,"Sanal fonksiyon tablosu başlatıldı"
_3S.CoDeSys.Compiler35220.Resources.CompilerStrings.tr.resources,And_Text,"ve"
_3S.CoDeSys.Compiler35220.Resources.CompilerStrings.tr.resources,Area_Output_Checked,"{0} için gereken boyut: {1} bayt (Kullanılabilir Boyut: {2} bayt)"
_3S.CoDeSys.Compiler35220.Resources.CompilerStrings.tr.resources,Area_Output_Checked_Exceeded,"{0} için aşılan boyut: {1} bayt (Kullanılabilir Boyut: {2} bayt)"
_3S.CoDeSys.Compiler35220.Resources.CompilerStrings.tr.resources,Area_Output_Info,"Bellek alanı {0} {1} içeriyor: boyut: {2} bayt, en yüksek kullanılan adres: {3}, en büyük bitişik bellek boşluğu: {4} bayt ({5} %)"
_3S.CoDeSys.Compiler35220.Resources.CompilerStrings.tr.resources,Area_Output_Info_Simple,"Bellek alanı {0} {1} içeriyor: en büyük bitişik bellek boşluğu: {2} bayt ({3} %)"
_3S.CoDeSys.Compiler35220.Resources.CompilerStrings.tr.resources,Area_Output_Info_Simple_2,"Bellek alanı {0} {1} içeriyor: boyut: {2} bayt, en büyük bitişik bellek boşluğu: {3} bayt ({4} %)"
_3S.CoDeSys.Compiler35220.Resources.CompilerStrings.tr.resources,AttributeHasNoEffect,"(Özniteliğin etkisi yok)"
_3S.CoDeSys.Compiler35220.Resources.CompilerStrings.tr.resources,Build,"Yapı"
_3S.CoDeSys.Compiler35220.Resources.CompilerStrings.tr.resources,BuildCompleteErrors,"Oluşturma tamamlandı -- {0} hata: {1} uyarı: indirme mümkün değil!"
_3S.CoDeSys.Compiler35220.Resources.CompilerStrings.tr.resources,BuildCompleteOK,"Oluşturma tamamlandı -- {0} hata: {1} uyarı: indirilmeye hazır!"
_3S.CoDeSys.Compiler35220.Resources.CompilerStrings.tr.resources,BuildStarted,"------ Oluşturma başlatıldı: Uygulama: {0} -------"
_3S.CoDeSys.Compiler35220.Resources.CompilerStrings.tr.resources,Code_Text,"Kod"
_3S.CoDeSys.Compiler35220.Resources.CompilerStrings.tr.resources,CodeNoChange,"Kod değişti. Çevrimiçi değişiklik gerekli değil."
_3S.CoDeSys.Compiler35220.Resources.CompilerStrings.tr.resources,CodeSizeOutput,"Oluşturulan kodun boyutu: {0} bayt"
_3S.CoDeSys.Compiler35220.Resources.CompilerStrings.tr.resources,Constant,"Sabit"
_3S.CoDeSys.Compiler35220.Resources.CompilerStrings.tr.resources,Data_Text,"Veri"
_3S.CoDeSys.Compiler35220.Resources.CompilerStrings.tr.resources,DataSizeOutput,"Genel verilerin boyutu: {0} bayt"
_3S.CoDeSys.Compiler35220.Resources.CompilerStrings.tr.resources,DoCodeTypification,"Simgelenen kod"
_3S.CoDeSys.Compiler35220.Resources.CompilerStrings.tr.resources,DoLocation,"genel verileri bul"
_3S.CoDeSys.Compiler35220.Resources.CompilerStrings.tr.resources,DoTypification,"Simgeleniyor"
_3S.CoDeSys.Compiler35220.Resources.CompilerStrings.tr.resources,Err_NoCodegeneratorDetailed,"Kod oluşturucu oluşturulamadı: Gerekli Eklenti '{0}' yüklü değil"
_3S.CoDeSys.Compiler35220.Resources.CompilerStrings.tr.resources,Err_NoMemoryAllocationCallbackDetailed,"Bellek ayırıcı oluşturma başarısız oldu: Gerekli Eklenti '{0}' yüklü değil"
_3S.CoDeSys.Compiler35220.Resources.CompilerStrings.tr.resources,ErrNoApplication,"Uygulama bulunamadı"
_3S.CoDeSys.Compiler35220.Resources.CompilerStrings.tr.resources,Error_Check_ImplicitParameter_MissingDefault,"örtük parametre girdi için varsayılan bir değer gerektirir."
_3S.CoDeSys.Compiler35220.Resources.CompilerStrings.tr.resources,Error_Check_ImplicitParameter_UnknownKind,"Bilinmeyen '{0}' örtük-parametre türü, [{1}] öğesinden biri olmalıdır."
_3S.CoDeSys.Compiler35220.Resources.CompilerStrings.tr.resources,Error_Check_ImplicitParameter_WrongPouType,"örtük parametre sadece işlev ve yöntem girdilerine uygulanabilir."
_3S.CoDeSys.Compiler35220.Resources.CompilerStrings.tr.resources,Error_Check_ImplicitParameter_WrongVarKind,"örtük parametre sadece VAR_INPUT değişkenlerine uygulanabilir."
_3S.CoDeSys.Compiler35220.Resources.CompilerStrings.tr.resources,Error_Check_ImplicitParameter_WrongVarType,"örtük parametre sadece STRING veya POINTER TO STRING türü değişkenlere uygulanabilir."
_3S.CoDeSys.Compiler35220.Resources.CompilerStrings.tr.resources,ErrorLimitExceeded,"{0} hatadan fazla hata oluştu: sonraki tüm hata mesajları atlanıyor"
_3S.CoDeSys.Compiler35220.Resources.CompilerStrings.tr.resources,Except_Boot_Project_Error,"Bu durumda Önyükleme projesi mümkün değil: uygulama belleği doldu. Önce tam indirme gerçekleştirin."
_3S.CoDeSys.Compiler35220.Resources.CompilerStrings.tr.resources,Except_Boot_Project_Error_Error_In_Compile,"Bu durumda Önyükleme projesi mümkün değil: Önyükleme projesi bilgileri oluşturmada hata. Aşağıdaki pencereye bakın."
_3S.CoDeSys.Compiler35220.Resources.CompilerStrings.tr.resources,GenerateCode,"{0} için kod oluştur..."
_3S.CoDeSys.Compiler35220.Resources.CompilerStrings.tr.resources,GenerateCodeInit,"Kod başlatma oluştur..."
_3S.CoDeSys.Compiler35220.Resources.CompilerStrings.tr.resources,GenerateCodeProgress,"Kod oluşturuluyor..."
_3S.CoDeSys.Compiler35220.Resources.CompilerStrings.tr.resources,GenerateGlobalInit,"genel başlatmalar oluştur..."
_3S.CoDeSys.Compiler35220.Resources.CompilerStrings.tr.resources,GenerateRelocations,"Pozisyon değişiklikleri oluştur..."
_3S.CoDeSys.Compiler35220.Resources.CompilerStrings.tr.resources,GeneratingCode,"Kod oluştur..."
_3S.CoDeSys.Compiler35220.Resources.CompilerStrings.tr.resources,GlobalInitErrorPrefix,"Kapalı başlatma kodunda hata:"
_3S.CoDeSys.Compiler35220.Resources.CompilerStrings.tr.resources,Input_Text,"Giriş"
_3S.CoDeSys.Compiler35220.Resources.CompilerStrings.tr.resources,InterfaceReferencesAffected,"Aşağıdaki arayüz başvuruları yeniden yönlendirmede test edildi:"
_3S.CoDeSys.Compiler35220.Resources.CompilerStrings.tr.resources,InterfacesChanged,"Aşağıdaki POU arayüzleri değiştirildi:"
_3S.CoDeSys.Compiler35220.Resources.CompilerStrings.tr.resources,Literal,"Sabit"
_3S.CoDeSys.Compiler35220.Resources.CompilerStrings.tr.resources,Memory_Text,"Bellek"
_3S.CoDeSys.Compiler35220.Resources.CompilerStrings.tr.resources,NonSafety_Text,"Güvenli Olmayan Veriler"
_3S.CoDeSys.Compiler35220.Resources.CompilerStrings.tr.resources,NumInterfacesChanged,"POU'ların {0} arayüzü değişti"
_3S.CoDeSys.Compiler35220.Resources.CompilerStrings.tr.resources,NumInterfacesToTest,"{0} arayüzü başvuruları yeniden yönlendirme için test edildi"
_3S.CoDeSys.Compiler35220.Resources.CompilerStrings.tr.resources,NumPOUsDownloaded,"{0} POU kodunu değiştirdi"
_3S.CoDeSys.Compiler35220.Resources.CompilerStrings.tr.resources,NumVariablesAffected,"çevrimiçi değişlikten {0} değişken etkilendi, {1} tanesinin pozisyonu değişti, {2} tanesi başlatıldı, {3} tanesi kopyalandı, {4} tanesi sanal fonksiyon tablosunu başlattı"
_3S.CoDeSys.Compiler35220.Resources.CompilerStrings.tr.resources,Output_Text,"Çıkış"
_3S.CoDeSys.Compiler35220.Resources.CompilerStrings.tr.resources,Persistent_Text,"Kalıcı Veriler"
_3S.CoDeSys.Compiler35220.Resources.CompilerStrings.tr.resources,PersistenVariablesChanged,"Kalıcı değişkenler değişti. Geçerli listeyle başlatmak istiyor musunuz?\n\nEvet: geçerli liste başlatılacak, varolan kalıcı değerler geçersiz kılınacak.\nHayır:  varolan kalıcı değerler korunacak, geçerli liste bu değerleri kullanacak.\n      UYARI: Değerler kalıcı değişkenlerinizle eşleşmeyebilir. Değerleri el ile kontrol etmeniz gerekir!\n      Örn. listenin başına bir değişken eklerseniz, tüm değerler yanlış olur! \n\nİptal: indirmeyi veya çevrimiçi değiştirmeyi iptal edin"
_3S.CoDeSys.Compiler35220.Resources.CompilerStrings.tr.resources,POUsDownloaded,"Aşağıdaki POU'ların kodu indirilecek"
_3S.CoDeSys.Compiler35220.Resources.CompilerStrings.tr.resources,POUUnit,"POU'lar"
_3S.CoDeSys.Compiler35220.Resources.CompilerStrings.tr.resources,ProjectUpToDate,"Uygulama güncel"
_3S.CoDeSys.Compiler35220.Resources.CompilerStrings.tr.resources,Retain_Text,"Saklama Verileri"
_3S.CoDeSys.Compiler35220.Resources.CompilerStrings.tr.resources,StoppingPrecompileChecks,"Ön derleme kontrolleri durduruluyor..."
_3S.CoDeSys.Compiler35220.Resources.CompilerStrings.tr.resources,TooLongStringLiteralHint,"... ({0} karakter daha) ..."
_3S.CoDeSys.Compiler35220.Resources.CompilerStrings.tr.resources,TotalMemorySizeCodeAndData,"Kod ve veri için toplam ayrılan bellek boyutu: {0} bayt"
_3S.CoDeSys.Compiler35220.Resources.CompilerStrings.tr.resources,TypifyAll,"simgelenen kod..."
_3S.CoDeSys.Compiler35220.Resources.CompilerStrings.tr.resources,UnknownMacroText,"Bilinmeyen"
_3S.CoDeSys.Compiler35220.Resources.CompilerStrings.tr.resources,VariablesAffected,"Aşağıdaki değişkenler çevrimiçi değişiklikten etkilenecek:"
_3S.CoDeSys.Compiler35220.Resources.CompilerStrings.tr.resources,WaitForDownloadInfoSaving,"Compileinfo dosyasının yazılması tamamlanana kadar bekleniyor"
_3S.CoDeSys.Compiler35220.Resources.CompilerStrings.tr.resources,WarningLimitExceeded,"{0} hatadan fazla uyarı oluştu: sonraki tüm uyarı mesajları atlanıyor"
_3S.CoDeSys.Compiler35220.Resources.ErrorMessages.tr.resources,Err_AbstractAndFinalNotPossible,"Bir yöntem veya fonksiyon bloğu ABSTRACT ve FINAL olamaz"
_3S.CoDeSys.Compiler35220.Resources.ErrorMessages.tr.resources,Err_AbstractAndPrivateNotPossible,"Bir PRIVATE yöntem ABSTRACT olamaz"
_3S.CoDeSys.Compiler35220.Resources.ErrorMessages.tr.resources,Err_AbstractFunctionBlockAssigned,"FUNCTION_BLOCK {0}, ABSTRACT'tir ve ödev için hedef olarak kullanılamaz"
_3S.CoDeSys.Compiler35220.Resources.ErrorMessages.tr.resources,Err_AbstractFunctionBlockInstance,"FUNCTION_BLOCK {0}, ABSTRACT ve somutlaştırılamaz"
_3S.CoDeSys.Compiler35220.Resources.ErrorMessages.tr.resources,Err_AbstractMethodMustNotContainAnyStatements,"ABSTRACT yöntemi {0}.{1} hiçbir ifade içermemelidir"
_3S.CoDeSys.Compiler35220.Resources.ErrorMessages.tr.resources,Err_AbstractMethodNotImplemented,"'{0}' adlı ABSTRACT yöntemi için {1} FUNCTION_BLOCK tanımlı bir uygulama yok"
_3S.CoDeSys.Compiler35220.Resources.ErrorMessages.tr.resources,Err_AbstractMethodOnlyInAbstractFunctionblock,"ABSTRACT METHOD {0}, FUNCTION_BLOCK {1} 'in de ABSTRACT olmasını gerektirir"
_3S.CoDeSys.Compiler35220.Resources.ErrorMessages.tr.resources,Err_AbstractMethodStaticCall,"ABSTRACT yöntemi '{0}' statik bir çağrı ile çağrılamaz"
_3S.CoDeSys.Compiler35220.Resources.ErrorMessages.tr.resources,Err_AbstractOnFunctionBlocksAndMethodsOnly,"ABSTRACT yalnızca yöntemlere ve fonksiyon bloklarına uygulanabilir"
_3S.CoDeSys.Compiler35220.Resources.ErrorMessages.tr.resources,Err_AbstractPropertyNotImplemented,"FUNCTION_BLOCK '{2}' içinde tanımlanan '{1}' ABSTRACT PROPERTY {0} için uygulama yok"
_3S.CoDeSys.Compiler35220.Resources.ErrorMessages.tr.resources,Err_AbstractPropertyStaticCall,"'{0}' ABSTRACT özelliğine statik olarak erişilemiyor"
_3S.CoDeSys.Compiler35220.Resources.ErrorMessages.tr.resources,Err_AbstractWrongVarInMethod,"ABSTRACT Yöntemlerinde yalnızca Girişlere, Çıkışlara ve Giriş/Çıkışlara izin verilir"
_3S.CoDeSys.Compiler35220.Resources.ErrorMessages.tr.resources,Err_AccessOutsideOfCall,"{0}' / '{1}' girişine çağrı dışından erişilemiyor"
_3S.CoDeSys.Compiler35220.Resources.ErrorMessages.tr.resources,Err_AccessToInternalObject,"{1} kitaplığının {0} dahili Nesnesine erişilemiyor"
_3S.CoDeSys.Compiler35220.Resources.ErrorMessages.tr.resources,Err_AccessToInternalProperty,"{1} kitaplığının {0} dahili Özelliğine erişilemiyor"
_3S.CoDeSys.Compiler35220.Resources.ErrorMessages.tr.resources,Err_AccessToInternalVariable,"{1} kitaplığının {0} dahili Değişkenine erişilemiyor"
_3S.CoDeSys.Compiler35220.Resources.ErrorMessages.tr.resources,Err_AccessVarInstFromOutsideTheDeclaringMethod,"Bildirim yöntemi dışından '{1}' öğesinin VAR_INST '{0}' öğesine erişilemiyor"
_3S.CoDeSys.Compiler35220.Resources.ErrorMessages.tr.resources,Err_AddressExpected,"{0} yerine AT'den sonra doğrudan adres bekleniyor"
_3S.CoDeSys.Compiler35220.Resources.ErrorMessages.tr.resources,Err_AddressMisaligned,"{0} adresi {1} data türü için yanlış hizalanmış"
_3S.CoDeSys.Compiler35220.Resources.ErrorMessages.tr.resources,Err_AddressOfNonInstanceVar,"'{0}' ifadesinin adresinde tür adı yerine gereken örnek."
_3S.CoDeSys.Compiler35220.Resources.ErrorMessages.tr.resources,Err_AddressOutOfRange,"'{0}' adresi aralık dışı: Hesaplanan ofset: {1} bayt, ayrılan boyut: {2} bayt"
_3S.CoDeSys.Compiler35220.Resources.ErrorMessages.tr.resources,Err_AddressSourceIsAddressDest,"Değişken '{0}' '{1}' Adresinde bulundu. Bu adres değişkeni '{2}' artık bulundu. Çevrimiçi değişiklikle bu değişiklik mümkün değil."
_3S.CoDeSys.Compiler35220.Resources.ErrorMessages.tr.resources,Err_Ambiguity,"'{0}' adının belirsiz kullanımı"
_3S.CoDeSys.Compiler35220.Resources.ErrorMessages.tr.resources,Err_AnyTypeOnlyInFunction,"{0}' türündeki değişkenlere yalnızca fonksiyonların girişi olarak izin veriliyor."
_3S.CoDeSys.Compiler35220.Resources.ErrorMessages.tr.resources,Err_ApplicationConflict,"{1}' aygıtında aynı '{0}' adına sahip iki uygulama var"
_3S.CoDeSys.Compiler35220.Resources.ErrorMessages.tr.resources,Err_ArrayBorderIsNoConstant,"Dizinin '{0}' kenarlığı sabit değer değil"
_3S.CoDeSys.Compiler35220.Resources.ErrorMessages.tr.resources,Err_ArrayBorderNoValidSignedInteger,"Dizi Kenarlığı {0} geçerli bir imzalanan tamsayı sabitini değerlendirmiyor"
_3S.CoDeSys.Compiler35220.Resources.ErrorMessages.tr.resources,Err_ArrayIndexNumWrong,"Dizi tam olarak {0} dizin gerektiriyor"
_3S.CoDeSys.Compiler35220.Resources.ErrorMessages.tr.resources,Err_ArrayInitialisationCountNoConstant,"Dizi başlatması sayı '{0}' sabit değer değil"
_3S.CoDeSys.Compiler35220.Resources.ErrorMessages.tr.resources,Err_ArrayInitialisationNotPossible,"Başlangıç FUNCTION parametresi olarak bir ARRAY başlatması mümkün değildir. Bunun yerine bir değişken kullanın"
_3S.CoDeSys.Compiler35220.Resources.ErrorMessages.tr.resources,Err_ArrayInitializationExpected,"Dize başlatma bekleniyor"
_3S.CoDeSys.Compiler35220.Resources.ErrorMessages.tr.resources,Err_ATDeclarationNotAllowed,"AT bildirimine yalnızca VAR bölümünde izin verilir"
_3S.CoDeSys.Compiler35220.Resources.ErrorMessages.tr.resources,Err_AtLeastOneExpected,"En az bir deyim bekleniyor"
_3S.CoDeSys.Compiler35220.Resources.ErrorMessages.tr.resources,Err_AttributeNameExpected,"Bir öznitelik değeri için '{0}' yerine tek baytlı dize bekleniyor"
_3S.CoDeSys.Compiler35220.Resources.ErrorMessages.tr.resources,Err_AttributeNotAllowedFor,"'{1}' için '{0}' özniteliğine izin verilmiyor"
_3S.CoDeSys.Compiler35220.Resources.ErrorMessages.tr.resources,Err_AttributeNotValidForNonExternalPOU,"Harici olmayan POU için '{0}' özniteliği geçerli değil"
_3S.CoDeSys.Compiler35220.Resources.ErrorMessages.tr.resources,Err_BaseClassNotFound,"{0}' temel sınıfı için hiç tanım bulunamadı"
_3S.CoDeSys.Compiler35220.Resources.ErrorMessages.tr.resources,Err_BaseNotAllowed,"Bu bağlamda SUPER ifadesine izin verilmiyor"
_3S.CoDeSys.Compiler35220.Resources.ErrorMessages.tr.resources,Err_Bitaccessnoconst,"Bit erişimi, sabit veya sembolik bir tamsayı sabiti gerektirir"
_3S.CoDeSys.Compiler35220.Resources.ErrorMessages.tr.resources,Err_BitAccessOnlyOnInt,"Bit erişimi yalnızca tamsayı türlerinde mümkündür"
_3S.CoDeSys.Compiler35220.Resources.ErrorMessages.tr.resources,Err_BitAdrOnOperation,"Operatör BITADR sadece değişkenlerde mümkündür, operasyonlarda değil"
_3S.CoDeSys.Compiler35220.Resources.ErrorMessages.tr.resources,Err_BitNrOverflow,"'{0}', '{1}' için geçerli bit sayısı değil"
_3S.CoDeSys.Compiler35220.Resources.ErrorMessages.tr.resources,Err_BitsForStructureOnly,"Yalnızca Yapılar ve Fonksiyon Blokları BIT türünde değişkenler içerebilir."
_3S.CoDeSys.Compiler35220.Resources.ErrorMessages.tr.resources,Err_BitsWrongScope,"BIT türündeki değişkenler VAR_INPUT, VAR_OUTPUT veya VAR bölümünde bildirilmelidir"
_3S.CoDeSys.Compiler35220.Resources.ErrorMessages.tr.resources,Err_BlobInitError,"{0}' yerine sabit değer bekleniyor"
_3S.CoDeSys.Compiler35220.Resources.ErrorMessages.tr.resources,Err_CalcNeedsCall,"Koşullu aramanın ikinci parametresi geçerli bir arama ifadesi olmalıdır"
_3S.CoDeSys.Compiler35220.Resources.ErrorMessages.tr.resources,Err_CallAfterInitHasInputs,"'{0}' ile işaretlenen bir yöntem bir girişe sahip olamaz."
_3S.CoDeSys.Compiler35220.Resources.ErrorMessages.tr.resources,Err_CalleeInvalidType,"'{0}' yerine program adı, fonksiyon veya fonksiyon bloğu örneği bekleniyor"
_3S.CoDeSys.Compiler35220.Resources.ErrorMessages.tr.resources,Err_CallOfPrivateMethod,"Özel {0}.{1} Yöntemine erişilemiyor"
_3S.CoDeSys.Compiler35220.Resources.ErrorMessages.tr.resources,Err_CallOfPrivateProperty,"Özel {0}.{1} Özelliğine erişilemiyor"
_3S.CoDeSys.Compiler35220.Resources.ErrorMessages.tr.resources,Err_CallOfProtectedMethod,"Korumalı {0}.{1} Yöntemine erişilemiyor"
_3S.CoDeSys.Compiler35220.Resources.ErrorMessages.tr.resources,Err_CallOfProtectedProperty,"Korumalı {0}.{1} Özelliğine erişilemiyor"
_3S.CoDeSys.Compiler35220.Resources.ErrorMessages.tr.resources,Err_CallRecursion,"Çağrı Özyinelemesi: {0}"
_3S.CoDeSys.Compiler35220.Resources.ErrorMessages.tr.resources,Err_CancelledByUser,"Kullanıcı derlemeyi iptal etti"
_3S.CoDeSys.Compiler35220.Resources.ErrorMessages.tr.resources,Err_CannotAddMultipleTime,"{0}' türünde birden fazla işleç eklenemiyor"
_3S.CoDeSys.Compiler35220.Resources.ErrorMessages.tr.resources,Err_CannotMultiplyMultipleTime,"{0}' türünde birden fazla işleç çoğaltılamıyor"
_3S.CoDeSys.Compiler35220.Resources.ErrorMessages.tr.resources,Err_CantHaveBaseClass,"EXTENDS anahtar sözcüğü {0} türü için uygun değil"
_3S.CoDeSys.Compiler35220.Resources.ErrorMessages.tr.resources,Err_CaseLabelDuplicate,"Case etiketi yineleniyor"
_3S.CoDeSys.Compiler35220.Resources.ErrorMessages.tr.resources,Err_CaseLabelInCaseRange,"{0} case etiketi ayrıca {1} .. {2} aralığında bulunuyor."
_3S.CoDeSys.Compiler35220.Resources.ErrorMessages.tr.resources,Err_CaseLabelNoConstant,"Case etiketi sabit veya sembolik tamsayı sabit gerektiriyor"
_3S.CoDeSys.Compiler35220.Resources.ErrorMessages.tr.resources,Err_CaseLabelOutsideOfCase,"Case etiketi durum deyiminin bir parçası değil"
_3S.CoDeSys.Compiler35220.Resources.ErrorMessages.tr.resources,Err_CaseRangesOverlapping,"Case {0} .. {1} ve {2} .. {3} çakışan aralığını içeriyor."
_3S.CoDeSys.Compiler35220.Resources.ErrorMessages.tr.resources,Err_CheckLicenseNeedsSysTarget,"3S License kütüphanesi __CHECKLICENSE operatörü için gereklidir."
_3S.CoDeSys.Compiler35220.Resources.ErrorMessages.tr.resources,Err_CompareNotPossible1,"{0}' türünde nesnelerde karşılaştırma mümkün değil"
_3S.CoDeSys.Compiler35220.Resources.ErrorMessages.tr.resources,Err_CompareNotPossible2,"{0}' veya '{1}' türünde nesnelerde karşılaştırma mümkün değil"
_3S.CoDeSys.Compiler35220.Resources.ErrorMessages.tr.resources,Err_ComparisonOperatorExpected,"'{0}' yerine karşılaştırma operatörü bekleniyor"
_3S.CoDeSys.Compiler35220.Resources.ErrorMessages.tr.resources,Err_CompilerVersionError,"Derleyici sürümü {0} geri çekildi. Lütfen daha yüksek bir Derleyici sürümü kullanın."
_3S.CoDeSys.Compiler35220.Resources.ErrorMessages.tr.resources,Err_CompoAccessNoStruct,"'{0}' yapılandırılmış değişken değil"
_3S.CoDeSys.Compiler35220.Resources.ErrorMessages.tr.resources,Err_ConditionExpected,"Koşul bekleniyor"
_3S.CoDeSys.Compiler35220.Resources.ErrorMessages.tr.resources,Err_ConstantIndexOutOfRange,"{0}' sabit dizini '{1}' ila '{2}' aralığında değil"
_3S.CoDeSys.Compiler35220.Resources.ErrorMessages.tr.resources,Err_ConstantOverflow,"{0}' sabiti '{1}' türü için çok büyük"
_3S.CoDeSys.Compiler35220.Resources.ErrorMessages.tr.resources,Err_ContainsNoDefinition,"'{0}' '{1}' için hiç tanım içermiyor"
_3S.CoDeSys.Compiler35220.Resources.ErrorMessages.tr.resources,Err_CounterStartExpected,"Sayaç başlatma bekleniyor"
_3S.CoDeSys.Compiler35220.Resources.ErrorMessages.tr.resources,Err_DataRecursion,"Veri Özyinelemesi: {0}"
_3S.CoDeSys.Compiler35220.Resources.ErrorMessages.tr.resources,Err_DeclarationKeywordNotAllowed,"'Bu yerde '{0}' öğesine izin verilmiyor"
_3S.CoDeSys.Compiler35220.Resources.ErrorMessages.tr.resources,Err_DefineValueExpected,"{0}' yerine tanımlama değeri bekleniyor"
_3S.CoDeSys.Compiler35220.Resources.ErrorMessages.tr.resources,Err_DeleteNeedsPointer,"__DELETE işleneni işaretçi olmalı"
_3S.CoDeSys.Compiler35220.Resources.ErrorMessages.tr.resources,Err_DerefNoPointer,"Dereference bir POINTER gerektirir"
_3S.CoDeSys.Compiler35220.Resources.ErrorMessages.tr.resources,Err_DeviceNameNoIdent,"'{0}' cihaz adı geçersiz. Geçerli bir IEC 61131-3 tanımlayıcısı olmalıdır"
_3S.CoDeSys.Compiler35220.Resources.ErrorMessages.tr.resources,Err_DeviceNotInstalled,"Aygıt sistemde yüklü değil. Kod oluşturma mümkün değil."
_3S.CoDeSys.Compiler35220.Resources.ErrorMessages.tr.resources,Err_DivisionByZero,"Sıfıra bölme"
_3S.CoDeSys.Compiler35220.Resources.ErrorMessages.tr.resources,Err_DuplicateElseInCaseStatement,"CASE deyiminde ELSE'nin yinelenen tanımı"
_3S.CoDeSys.Compiler35220.Resources.ErrorMessages.tr.resources,Err_DuplicateLabelDefinition,"{0}' etiketi yineleniyor"
_3S.CoDeSys.Compiler35220.Resources.ErrorMessages.tr.resources,Err_DuplicateVarConfig,"'{0}' için yinelenen VAR_CONFIG"
_3S.CoDeSys.Compiler35220.Resources.ErrorMessages.tr.resources,Err_DynamicMemoryNotSupported,"{0}' uygulaması için tanımlanan dinamik nesne oluşturma yok"
_3S.CoDeSys.Compiler35220.Resources.ErrorMessages.tr.resources,Err_ExplicitTransitionAssignMissing,"Geçiş kodu çoklu ifadeler içerir. Geçiş çıktı değişkeni için açık atama gereklidir."
_3S.CoDeSys.Compiler35220.Resources.ErrorMessages.tr.resources,Err_ExpressionExpectedInstead,"{0}' yerine ifade bekleniyor"
_3S.CoDeSys.Compiler35220.Resources.ErrorMessages.tr.resources,Err_ExprNoConstantError,"{0}' yerine sabit değer bekleniyor"
_3S.CoDeSys.Compiler35220.Resources.ErrorMessages.tr.resources,Err_FCallExpectedPointerAsSecondArgument,"FCall'ın ikinci bağımsız değişkeni, bir işleve yönelik işaretçi olmalıdır."
_3S.CoDeSys.Compiler35220.Resources.ErrorMessages.tr.resources,Err_FCallWrongCallPatternSignature,"FCall'ın ilk bağımsız değişkeni, çağrıya yönelik model olarak kullanılan bir imza türü olmalıdır."
_3S.CoDeSys.Compiler35220.Resources.ErrorMessages.tr.resources,Err_FCallWrongNumberOfArguments,"FCall tam olarak 2+{0} bağımsız değişken bekliyor."
_3S.CoDeSys.Compiler35220.Resources.ErrorMessages.tr.resources,Err_FeatureNotImplemented,"Özellik '{0}' uygulanmadı."
_3S.CoDeSys.Compiler35220.Resources.ErrorMessages.tr.resources,Err_FinalOnFunctionBlocksAndMethodsOnly,"FINAL yalnızca METHOD ve FUNCTION_BLOCK öğelerine uygulanabilir"
_3S.CoDeSys.Compiler35220.Resources.ErrorMessages.tr.resources,Err_FunctionBlockNeedsInstance,"Erişilebilmesi için FUNCTION_BLOCK '{0}' somutlaştırılmalıdır"
_3S.CoDeSys.Compiler35220.Resources.ErrorMessages.tr.resources,Err_FunctionBlockNoLongerValid,"FUNCTIONBLOCK anahtar sözcüğü artık desteklenmiyor. Bunun yerine FUNCTION_BLOCK kullanın."
_3S.CoDeSys.Compiler35220.Resources.ErrorMessages.tr.resources,Err_FunctionCallMixedStyle,"Fonksiyon çağrısında resmi parametrelerin tümünün belirtilmesi veya hiçbirinin belirtilmemesi gerekir"
_3S.CoDeSys.Compiler35220.Resources.ErrorMessages.tr.resources,Err_FunNeedsAtLeastNInputs,"'{0}' FUNCTION en az '{1}' ve maksimum '{2}' girişi gerektirir"
_3S.CoDeSys.Compiler35220.Resources.ErrorMessages.tr.resources,Err_FunNeedsNInputs,"{0}' fonksiyonu tam '{1}' giriş gerektiriyor"
_3S.CoDeSys.Compiler35220.Resources.ErrorMessages.tr.resources,Err_GeneratingVarInitializations,"Değişkenler için bir veya daha fazla başlangıç değeri geçersiz"
_3S.CoDeSys.Compiler35220.Resources.ErrorMessages.tr.resources,Err_GenericDeclarationProducesErrorInGeneratedCode,"'{0}' tür bildirimi, Genel Fonksiyon bloku kodunda hatalara neden oluyor"
_3S.CoDeSys.Compiler35220.Resources.ErrorMessages.tr.resources,Err_GenericNoInitialValueSupported,"Genel Sabit bildirimi için desteklenen başlangıç ​​değeri yok"
_3S.CoDeSys.Compiler35220.Resources.ErrorMessages.tr.resources,Err_GenericNoInteger,"Genel Sabitler için sadece tamsayı türlerine izin verilir"
_3S.CoDeSys.Compiler35220.Resources.ErrorMessages.tr.resources,Err_GenericNotConstant,"'{1}' Genel Sabiti için '{0}' tanımı sabit bir değer değil"
_3S.CoDeSys.Compiler35220.Resources.ErrorMessages.tr.resources,Err_GenericOnlyConst,"VAR_GENERIC bildiriminde yalnızca CONSTANT genel türleri desteklenir"
_3S.CoDeSys.Compiler35220.Resources.ErrorMessages.tr.resources,Err_GenericOnWrongPosition,"VAR_GENERIC bildirimine sadece fonksiyon bloğu adından sonra Fonksiyon bloklarında izin verilir"
_3S.CoDeSys.Compiler35220.Resources.ErrorMessages.tr.resources,Err_GenericParamMissing,"'{0}' genel değişkeni için başlatma eksik"
_3S.CoDeSys.Compiler35220.Resources.ErrorMessages.tr.resources,Err_GenericParamsAllExplicitOrNone,"Ya tüm genel değişkenler açık şekilde atanmalı ya da hiçbiri atanmamalı"
_3S.CoDeSys.Compiler35220.Resources.ErrorMessages.tr.resources,Err_GenericParamUnknown,"'{0}', '{1}' işlev blokunun genel sabiti olarak bildirilmemiştir"
_3S.CoDeSys.Compiler35220.Resources.ErrorMessages.tr.resources,Err_GenericWrongNumberOfInitializer,"Genel Fonksiyon Bloku '{0}', tam olarak '{1}' adet Genel Sabit Tanımı bekliyor"
_3S.CoDeSys.Compiler35220.Resources.ErrorMessages.tr.resources,Err_GlobalVariableListExpected,"{0} yerine VAR_GLOBAL veya VAR_CONFIG bekleniyor"
_3S.CoDeSys.Compiler35220.Resources.ErrorMessages.tr.resources,Err_IdentifierExpected,"{0}' yerine tanımlayıcı bekleniyor"
_3S.CoDeSys.Compiler35220.Resources.ErrorMessages.tr.resources,Err_IdentNotDefined,"Tanımlayıcı '{0}' tanımlanmadı"
_3S.CoDeSys.Compiler35220.Resources.ErrorMessages.tr.resources,Err_IllegalOperator,"'{0}' geçerli bir ST operatörü değil"
_3S.CoDeSys.Compiler35220.Resources.ErrorMessages.tr.resources,Err_ImplicitEnumerationTypeNotExpected,"Kapalı numaralandırma türü bu yerde beklenmiyor."
_3S.CoDeSys.Compiler35220.Resources.ErrorMessages.tr.resources,Err_ImplicitMethodImplementationNotPublic,"FUNCTION_BLOCK '{0}': 'FB_Init', 'FB_Exit' ve 'FB_ReInit' METHOD erişim PUBLIC olmalıdır"
_3S.CoDeSys.Compiler35220.Resources.ErrorMessages.tr.resources,Err_ImplicitMethodNameForVariable,"{0} kapalı oluşturulan yöntemin adıdır ve fonksiyon bloğundaki değişkenler için geçersizdir"
_3S.CoDeSys.Compiler35220.Resources.ErrorMessages.tr.resources,Err_ImplicitReferenceTypeDeclNotAllowed,"Kapalı bir başvuru türünün bildirimi bu konumda mümkün değildir"
_3S.CoDeSys.Compiler35220.Resources.ErrorMessages.tr.resources,Err_ImplicitReferenceTypeOnlChangeError,"Çevrimiçi değişiklik yoluyla yerel kapalı başvuru türünü eklemek mümkün değildir"
_3S.CoDeSys.Compiler35220.Resources.ErrorMessages.tr.resources,Err_ImplicitRefTypeAllClassesNeedAttrib,"Devralınan fonksiyon bloğu '{0}' özniteliğinin kullanımında farklıdır"
_3S.CoDeSys.Compiler35220.Resources.ErrorMessages.tr.resources,Err_ImplicitRefTypeDeclarationNotAllowed,"Kapalı başvuru türü '{0}' bu türde tanımlanamaz."
_3S.CoDeSys.Compiler35220.Resources.ErrorMessages.tr.resources,Err_ImplicitRefTypeIsnotAllowedAsBase,"Örtük referans türleri, REFERENCE, POINTER ve ARRAY temel türü olamaz"
_3S.CoDeSys.Compiler35220.Resources.ErrorMessages.tr.resources,Err_ImplicitRefTypeSignNotSupported,"Yalnızca Fonksiyon Blokları ve Yapılandırmalar Kapalı Başvuru Türü olarak işaretlenebilir."
_3S.CoDeSys.Compiler35220.Resources.ErrorMessages.tr.resources,Err_IncompletePOUDeclaration,"POU bildirimi bir ad olmadan eksik"
_3S.CoDeSys.Compiler35220.Resources.ErrorMessages.tr.resources,Err_InconsistentInheritanceOfCPPCompatibility,"C++- Uyumluluğunun tutarsız devralınması. '{0}' için eksik öznitelik."
_3S.CoDeSys.Compiler35220.Resources.ErrorMessages.tr.resources,Err_InconsistentUseOfCPPCompatibility,"C ++ uyumluluğunun tutarsız kullanımı. '{0}' için eksik özellik."
_3S.CoDeSys.Compiler35220.Resources.ErrorMessages.tr.resources,Err_InconsistentUseOfCPPCompatibility_MissingParent,"C ++ uyumluluğunun tutarsız kullanımı. '{0}' üst POU'su için eksik özellik."
_3S.CoDeSys.Compiler35220.Resources.ErrorMessages.tr.resources,Err_IndexingInvalid,"{0}' türünde bir ifadeye [] ile dizinleme uygulanamıyor"
_3S.CoDeSys.Compiler35220.Resources.ErrorMessages.tr.resources,Err_IndexNumWrong,"{0}' türündeki değişken tam 1 Dizin gerektiriyor"
_3S.CoDeSys.Compiler35220.Resources.ErrorMessages.tr.resources,Err_IndexOfNotSupported,"INDEXOF operatörü artık desteklenmiyor. Bunun yerine ADR'yi kullanın. POU adındaki ADR, POINTER'a bir POINTER işlevini FUNCTION koduna döndürür."
_3S.CoDeSys.Compiler35220.Resources.ErrorMessages.tr.resources,Err_InheritanceError,"Devralmaya yalnızca FUNCTION_BLOCK, INTERFACE ve STRUCT için izin verilir"
_3S.CoDeSys.Compiler35220.Resources.ErrorMessages.tr.resources,Err_IniNeedsUserdefType,"INI operatörünün FUNCTION_BLOCK örneğine veya veri birimi türünün örneğine ihtiyacı var"
_3S.CoDeSys.Compiler35220.Resources.ErrorMessages.tr.resources,Err_InOutAccessOutside,"'{1}' nin '{0}' VAR_IN_OUT parametresine harici erişim yok. """
_3S.CoDeSys.Compiler35220.Resources.ErrorMessages.tr.resources,Err_InOutAssignedInActionCall,"VAR_IN_OUT {0} '{1}' yerel eylem çağrısına atanamaz"
_3S.CoDeSys.Compiler35220.Resources.ErrorMessages.tr.resources,Err_InOutNotAssigned,"VAR_IN_OUT '{0}' '{1}' çağrısında atanmış olmalı"
_3S.CoDeSys.Compiler35220.Resources.ErrorMessages.tr.resources,Err_InOutParamNotEqual,"{0}' türü VAR_IN_OUT '{2}' '{1}' türüne eşit değil"
_3S.CoDeSys.Compiler35220.Resources.ErrorMessages.tr.resources,Err_InputMissing,"{1}' çağrısında '{0}' parametresi için girişe atama eksik"
_3S.CoDeSys.Compiler35220.Resources.ErrorMessages.tr.resources,Err_InstanceNotAllowedInRetain,"Saklama verilerinde '{0}' örneklerine izin verilmiyor"
_3S.CoDeSys.Compiler35220.Resources.ErrorMessages.tr.resources,Err_IntegerLiteralExpected,"'{0}' yerine Tamsayı Sabit bekleniyor"
_3S.CoDeSys.Compiler35220.Resources.ErrorMessages.tr.resources,Err_InterfaceChanged,"{1}' arayüzünün '{0}' geçersiz kılma yönteminin arayüzü bildirimle eşleşmiyor"
_3S.CoDeSys.Compiler35220.Resources.ErrorMessages.tr.resources,Err_InterfaceChanged_NumberOfInputsOutputsDifferent,"'{0}' yönteminin giriş/çıkış sayısı, '{1}' arayüzüne karşılık gelmiyor."
_3S.CoDeSys.Compiler35220.Resources.ErrorMessages.tr.resources,Err_InterfaceChanged_VariableDifferent,"'{1}' yönteminin '{0}' değişkeni, '{2}' arayüzüne karşılık gelmiyor."
_3S.CoDeSys.Compiler35220.Resources.ErrorMessages.tr.resources,Err_InterfaceChangedBase,"{1}' temelinin '{0}' geçersiz kılma yönteminin arayüzü bildirimle eşleşmiyor"
_3S.CoDeSys.Compiler35220.Resources.ErrorMessages.tr.resources,Err_InterfaceImplementationError,"INTERFACE yalnızca bir FUNCTION_BLOCK tarafından uygulanabilir"
_3S.CoDeSys.Compiler35220.Resources.ErrorMessages.tr.resources,Err_InterfaceMethodImplementationNotPublic,"FUNCTION_BLOCK '{1}' INTERFACE METHOD '{0}' uygulaması PUBLIC olmalıdır"
_3S.CoDeSys.Compiler35220.Resources.ErrorMessages.tr.resources,Err_InterfaceNeedsInstance,"{0}' arayüzünün erişilmesi için örneğinin oluşturulması gerekir"
_3S.CoDeSys.Compiler35220.Resources.ErrorMessages.tr.resources,Err_InterfaceNotFound,"{0}' arayüzü için hiç tanım bulunamadı"
_3S.CoDeSys.Compiler35220.Resources.ErrorMessages.tr.resources,Err_InternalErrorProhibitingOnlineChange,"Dahili hata {0} çevrimiçi değişikliği yasaklıyor. Temiz uygulama ve indirme gerekli."
_3S.CoDeSys.Compiler35220.Resources.ErrorMessages.tr.resources,Err_InvalidAccessPathForNamespaceAccess,"'{0}' geçerli bir erişim yolu değil"
_3S.CoDeSys.Compiler35220.Resources.ErrorMessages.tr.resources,Err_InvalidBaseForGlobalScopeExpression,"Genel Kapsam işlemi '.' '{0}' ifadesinde geçerli değil"
_3S.CoDeSys.Compiler35220.Resources.ErrorMessages.tr.resources,Err_InvalidEnumBaseType,"Numaralandırma tabanı türü olarak yalnızca tamsayı türler desteklenir"
_3S.CoDeSys.Compiler35220.Resources.ErrorMessages.tr.resources,Err_InvalidEnumDefaultValue,"Bir ENUM için varsayılan başlatma değerleri olarak yalnızca yerel ENUM üyeleri kullanılabilir"
_3S.CoDeSys.Compiler35220.Resources.ErrorMessages.tr.resources,Err_InvalidInitialisationForArray,"{0}, {1} sabiti için geçersiz bir başlatma. Sabitlerin başlangıç değerleri sabit olmalı."
_3S.CoDeSys.Compiler35220.Resources.ErrorMessages.tr.resources,Err_InvalidInitialisationForVarInst,"Bir VAR_INST değişkenine yönelik başlangıç ​​değeri, yerel değişkenler kullanmayabilir."
_3S.CoDeSys.Compiler35220.Resources.ErrorMessages.tr.resources,Err_InvalidJumpDestination,"JMP için geçersiz hedef {0}"
_3S.CoDeSys.Compiler35220.Resources.ErrorMessages.tr.resources,Err_InvalidLoopIncrement,"Döngü artışı geçersiz"
_3S.CoDeSys.Compiler35220.Resources.ErrorMessages.tr.resources,Err_InvalidNamespaceForNamespaceAccess,"'{0}' geçerli bir ad alanı erişimi değil"
_3S.CoDeSys.Compiler35220.Resources.ErrorMessages.tr.resources,Err_InvalidSignatureName,"{0}' adı geçerli bir tanımlayıcı değil"
_3S.CoDeSys.Compiler35220.Resources.ErrorMessages.tr.resources,Err_IsNoInput,"'{0}', '{1}' girişi değil"
_3S.CoDeSys.Compiler35220.Resources.ErrorMessages.tr.resources,Err_IsNoLValue,"'{0}' geçerli bir atama hedefi değil"
_3S.CoDeSys.Compiler35220.Resources.ErrorMessages.tr.resources,Err_IsNoOutput,"'{0}', '{1}' çıkışı değil"
_3S.CoDeSys.Compiler35220.Resources.ErrorMessages.tr.resources,Err_IsValidRefNeedsReference,"__ISVALIDREF işleneni REFERENCE türünde olmalıdır"
_3S.CoDeSys.Compiler35220.Resources.ErrorMessages.tr.resources,Err_LibNamespaceConflict,"'{1}' Kitaplığının Yerel Ad Alanı '{0}', '{2}' kitaplığının Ad Alanını gizler"
_3S.CoDeSys.Compiler35220.Resources.ErrorMessages.tr.resources,Err_LibraryConflict,"'{1}' kitaplığıyla tanımlanan belirsiz ad alanı '{0}'"
_3S.CoDeSys.Compiler35220.Resources.ErrorMessages.tr.resources,Err_LibraryNamespaceNotValid,"{1} Kitaplığının ad alanı {0} geçerli bir tanımlayıcı değil."
_3S.CoDeSys.Compiler35220.Resources.ErrorMessages.tr.resources,Err_LibraryWithUnicodeIdentifiers,"{0}' Kitaplığı unicode tanımlayıcılar desteğiyle kaydedildi ve yalnızca unicode tanımlayıcılarını proje de desteklerse kullanılabilir (derleme seçeneklerine bakın)."
_3S.CoDeSys.Compiler35220.Resources.ErrorMessages.tr.resources,Err_LibSupports32BitOnly,"Kitaplık '{0}' yalnızca 32 bit uygulamalarda destekleniyor"
_3S.CoDeSys.Compiler35220.Resources.ErrorMessages.tr.resources,Err_LiteralExpected,"{0}' yerine sabit bekleniyor"
_3S.CoDeSys.Compiler35220.Resources.ErrorMessages.tr.resources,Err_LowerGreaterUpperBorder,"Alt kenarlık üst kenarlıktan düşük olmalı."
_3S.CoDeSys.Compiler35220.Resources.ErrorMessages.tr.resources,Err_LowerUpperBoundOnVariableLengthArrayOnly,"LOWER_BOUND ve UPPER_BOUND operatörleri yalnızca diziler için desteklenir"
_3S.CoDeSys.Compiler35220.Resources.ErrorMessages.tr.resources,Err_LowerUpperBoundOperandNotExactly,"Bu durumda {0} operatörünün 2. işleneninin değeri 1 olmalıdır"
_3S.CoDeSys.Compiler35220.Resources.ErrorMessages.tr.resources,Err_LowerUpperBoundOperandNotInRange,"Bu durumda {0} operatörünün 2. işleneninin değeri 1 ile {1} arasında olmalıdır"
_3S.CoDeSys.Compiler35220.Resources.ErrorMessages.tr.resources,Err_LValueForAnyVar,"ANY parametresi '{0}' / '{1}', giriş olarak yazma erişimli değişken gerektirir"
_3S.CoDeSys.Compiler35220.Resources.ErrorMessages.tr.resources,Err_LValueForReference,"Başvuru ataması yazma erişimi olan değişken gerektiriyor"
_3S.CoDeSys.Compiler35220.Resources.ErrorMessages.tr.resources,Err_LValueForVarinout,"VAR_IN_OUT parametresi '{0}' / '{1}', giriş olarak yazma erişimli değişken gerektirir"
_3S.CoDeSys.Compiler35220.Resources.ErrorMessages.tr.resources,Err_LValueForVarinoutStrings,"VAR_IN_OUT parametresi '{0}' / '{1}', giriş olarak yazma erişimli değişken gerektirir"
_3S.CoDeSys.Compiler35220.Resources.ErrorMessages.tr.resources,Err_LValueNoRefType,"Yalnızca Referans türündeki değişkenlere başvuru atamasına izin verilir"
_3S.CoDeSys.Compiler35220.Resources.ErrorMessages.tr.resources,Err_MalformedAddress,"{0}' Doğrudan Adresi yanlış biçimlendirilmiş"
_3S.CoDeSys.Compiler35220.Resources.ErrorMessages.tr.resources,Err_MappedVarWrittenInDiffTasks,"{1} adresine eşlenen değişken {0} farklı görevlerde yazılmış."
_3S.CoDeSys.Compiler35220.Resources.ErrorMessages.tr.resources,Err_MaxArraySizeExceeded,"Maksimum dizi boyutu aşıldı. Alt artırın veya üst sınırı azaltın."
_3S.CoDeSys.Compiler35220.Resources.ErrorMessages.tr.resources,Err_MaxNestingDepthExceeded,"Maksimum iç içe geçme derinliği aşıldı. "
_3S.CoDeSys.Compiler35220.Resources.ErrorMessages.tr.resources,Err_MissingImplementationTerminator,"Uygulama bloku için '{0}' sonlandırıcısı bulunamadı."
_3S.CoDeSys.Compiler35220.Resources.ErrorMessages.tr.resources,Err_MissingInstancePathForPersistent,"{0} değişkeni için VAR_PERSISTENT listesinde eşleşen örnek yolu bulunamadı. Tüm örnek yollarını VAR_PERSISTENT listesine eklemek için ""Tüm örnek yollarını ekle"" komutunu kullanın. (Ayrıntılar için yardıma bakın)"
_3S.CoDeSys.Compiler35220.Resources.ErrorMessages.tr.resources,Err_MissingObjectForPersistent,"{0} değişkeni için örnek yol girmek üzere uygulamanın hiçbir VAR_PERSISTENT listesi parçası değil"
_3S.CoDeSys.Compiler35220.Resources.ErrorMessages.tr.resources,Err_MissingParameterList,"{0} '{1}' öğesine parantezler '()' olmadan başvuruldu"
_3S.CoDeSys.Compiler35220.Resources.ErrorMessages.tr.resources,Err_ModNotReal,"MOD, REAL için tanımlanmadı"
_3S.CoDeSys.Compiler35220.Resources.ErrorMessages.tr.resources,Err_Multiassigninfor,"FOR döngüsünde tam olarak bir sayaç bekleniyor"
_3S.CoDeSys.Compiler35220.Resources.ErrorMessages.tr.resources,Err_MultipleAssignmentsNotAllowedForOperator,"'{0}' operatörü için birden fazla atamaya izin verilmiyor."
_3S.CoDeSys.Compiler35220.Resources.ErrorMessages.tr.resources,Err_MultipleAssignmentsToInterfaceVariables,"Arayüz değişkenlerine birden fazla atamaya izin verilmiyor."
_3S.CoDeSys.Compiler35220.Resources.ErrorMessages.tr.resources,Err_MultipleAssignmentWithChangingValueTypes,"Kapalı atamalı değer türlerinin birden fazla atamasına izin verilmiyor."
_3S.CoDeSys.Compiler35220.Resources.ErrorMessages.tr.resources,Err_MultipleAssignmentWithProperty,"PROPERTY, birden fazla atamanın ortasında kullanılamaz."
_3S.CoDeSys.Compiler35220.Resources.ErrorMessages.tr.resources,Err_MultipleAssignmentWithReferences,"Fonksiyon bloklarına veya veri yapılarına birden fazla başvuru atamasına izin verilmiyor."
_3S.CoDeSys.Compiler35220.Resources.ErrorMessages.tr.resources,Err_MultipleAssignsToSameInputInCall,"'{0}' parametresi için birden fazla giriş ataması."
_3S.CoDeSys.Compiler35220.Resources.ErrorMessages.tr.resources,Err_NamesNotEqual,"İmzada kullanılan ad nesne adıyla aynı değil"
_3S.CoDeSys.Compiler35220.Resources.ErrorMessages.tr.resources,Err_NewArrayOnUserdefNotAllowed,"__NEW ile bir Dizi oluşturmaya kullanıcı tanımlı Türlerde izin verilmiyor."
_3S.CoDeSys.Compiler35220.Resources.ErrorMessages.tr.resources,Err_NewNeedsType,"__NEW için işlenen olarak tür tanımı bekleniyor"
_3S.CoDeSys.Compiler35220.Resources.ErrorMessages.tr.resources,Err_NewOnInterfaceNotPossible,"__NEW arayüzlerde mümkün değil"
_3S.CoDeSys.Compiler35220.Resources.ErrorMessages.tr.resources,Err_NewOnlyWithAttribute,"Bir FUNCTION_BLOCK veya STRUCT, __NEW ile oluşturulması için '{{attribute' enable_dynamic_creation '}}' pragmasına ihtiyaç duyuyor"
_3S.CoDeSys.Compiler35220.Resources.ErrorMessages.tr.resources,Err_NewPositionNotOK,"__NEW sonucu atanmalıdır."
_3S.CoDeSys.Compiler35220.Resources.ErrorMessages.tr.resources,Err_NoArrayOfBit,"Bir dizinin temel türü olarak BIT'e izin verilmez"
_3S.CoDeSys.Compiler35220.Resources.ErrorMessages.tr.resources,Err_NoAssign,"{0} türü için atamaya izin verilmedi"
_3S.CoDeSys.Compiler35220.Resources.ErrorMessages.tr.resources,Err_NoBitAccessOnFunctionCall,"FUNCTION çağrısında bit erişimine izin verilmiyor"
_3S.CoDeSys.Compiler35220.Resources.ErrorMessages.tr.resources,Err_NoBitTypeOnBitAddress,"{1} bit adresinde {0} türü mümkün değil"
_3S.CoDeSys.Compiler35220.Resources.ErrorMessages.tr.resources,Err_NoBranchOutOfFinally,"__FINALLY bloğunun dalına izin verilmiyor"
_3S.CoDeSys.Compiler35220.Resources.ErrorMessages.tr.resources,Err_NoBytesInRetain,"RETAIN verilerinde bulunan bir STRUCT türü BYTE, SINT veya USINT içeremez"
_3S.CoDeSys.Compiler35220.Resources.ErrorMessages.tr.resources,Err_NoCallInInstancePath,"Fonksiyon çağrısının sonucunda bileşen erişimi '.', dizin erişimi '[]' veya çağrı '()' gerçekleştirmek mümkün değildir. Önce değişkene yardımcı olmak için sonuç ata."
_3S.CoDeSys.Compiler35220.Resources.ErrorMessages.tr.resources,Err_NoCallInInterfaceComparison,"Çağrının dönüş değeri olan arayüzü karşılaştırmak mümkün değildir. Önce değişkene atayın."
_3S.CoDeSys.Compiler35220.Resources.ErrorMessages.tr.resources,Err_NoCaseLabelFound,"Case etiketi bulunamadı"
_3S.CoDeSys.Compiler35220.Resources.ErrorMessages.tr.resources,Err_NoChangeOnAccessModifier,"{0}.{1} yöntemi, {3}.{1} Yöntemini geçersiz kılarken ""{2}"" erişim değiştiricisini değiştiremiyor"
_3S.CoDeSys.Compiler35220.Resources.ErrorMessages.tr.resources,Err_NoCodegenerator,"Kod oluşturucu oluşturulamadı: Gerekli plugi-in kurulu değil"
_3S.CoDeSys.Compiler35220.Resources.ErrorMessages.tr.resources,Err_NoComponentOf,"'{0}', '{1}' bileşeni değil"
_3S.CoDeSys.Compiler35220.Resources.ErrorMessages.tr.resources,Err_NoConstantInitialisationForValue,"{0}' sabit değerini başlatma sabit değil"
_3S.CoDeSys.Compiler35220.Resources.ErrorMessages.tr.resources,Err_NoCopyCodeAllowed,"Çevrimiçi değişiklikler sırasında bu POU'yu yeni bir konuma taşımaya izin verilmiyor"
_3S.CoDeSys.Compiler35220.Resources.ErrorMessages.tr.resources,Err_NoCopyCodeForVariableAtDirectAddress,"Bir doğrudan adresteki bir değişken çevrimiçi değişiklik sırasında türünü değiştiremez"
_3S.CoDeSys.Compiler35220.Resources.ErrorMessages.tr.resources,Err_NoDirectAddressInSubsequentVarDecl,"Adres ataması olan '{0}' değişkeninin bildirimi, bir PRG veya GVL'de attribute 'subsequent' ile kullanılamaz"
_3S.CoDeSys.Compiler35220.Resources.ErrorMessages.tr.resources,Err_NoEnclosingLoopExit,"{0} öğesine kapsayan döngü yok"
_3S.CoDeSys.Compiler35220.Resources.ErrorMessages.tr.resources,Err_NoExitOrContinueOutOfCatch,"__CATCH bloğundan EXIT veya CONTINUE değerine izin verilmiyor"
_3S.CoDeSys.Compiler35220.Resources.ErrorMessages.tr.resources,Err_NoExitOrContinueOutOfTry,"__TRY bloğundan EXIT veya CONTINUE değerine izin verilmiyor"
_3S.CoDeSys.Compiler35220.Resources.ErrorMessages.tr.resources,Err_NoExplicitCall,"'{0}' için açık çağrılara izin verilmiyor. {1}. "
_3S.CoDeSys.Compiler35220.Resources.ErrorMessages.tr.resources,Err_NoFormalParamsCallsForExtensibleFunction,"Genişletilebilir Fonksiyon {0} çağrısı için kapalı giriş ataması mümkün değil"
_3S.CoDeSys.Compiler35220.Resources.ErrorMessages.tr.resources,Err_NoGenericInstanceInVarConst,"Genel Fonksiyon Bloku örnekleri sabit olarak bildirilemez"
_3S.CoDeSys.Compiler35220.Resources.ErrorMessages.tr.resources,Err_NoGlobalDefine,"{0}' için hiç genel tanım yok"
_3S.CoDeSys.Compiler35220.Resources.ErrorMessages.tr.resources,Err_NoIndirectPropertyCallOnStringWithSize,"Yalnızca açıkça belirtilmeyen uzunluktaki türler desteklendiğinden {0} türündeki özelliği dolaylı çağırma mümkün değil"
_3S.CoDeSys.Compiler35220.Resources.ErrorMessages.tr.resources,Err_NoInheritanceOnFinalType,"'FINAL özniteliği olan '{0}' temel olarak kullanılamayabilir"
_3S.CoDeSys.Compiler35220.Resources.ErrorMessages.tr.resources,Err_NoInitialForExternal,"VAR_EXTERNAL {0} için izin verilen başlangıç değeri yok"
_3S.CoDeSys.Compiler35220.Resources.ErrorMessages.tr.resources,Err_NoInitialForInoutConstant,"VAR_INOUT CONSTANT {0} için izin verilen başlangıç değeri yok"
_3S.CoDeSys.Compiler35220.Resources.ErrorMessages.tr.resources,Err_NoInputMemory,"Ayrılmış giriş belleği yok"
_3S.CoDeSys.Compiler35220.Resources.ErrorMessages.tr.resources,Err_NoInputsWithSlotAttributes,"'{1}' özniteliğiyle '{0}' imzasında hiç girişe izin verilmiyor"
_3S.CoDeSys.Compiler35220.Resources.ErrorMessages.tr.resources,Err_NoInstanceObject,"'{0}', {1} türünden ve örneği oluşturulamıyor"
_3S.CoDeSys.Compiler35220.Resources.ErrorMessages.tr.resources,Err_NoInstancePath,"'{0}' için VAR_CONFIG yok"
_3S.CoDeSys.Compiler35220.Resources.ErrorMessages.tr.resources,Err_NoLocalEnum,"Yerel tanımlanan numaralandırma artık desteklenmiyor. Bunun yerine Data Türü tanımını kullanın."
_3S.CoDeSys.Compiler35220.Resources.ErrorMessages.tr.resources,Err_NoMatchingInitMethodFound,"{0} somutlaştırılması için eşleşen 'FB_Init' METHOD bulunamadı"
_3S.CoDeSys.Compiler35220.Resources.ErrorMessages.tr.resources,Err_NoMatchingOverload,"'{0}' yöntemi için Eşleşen Aşırı Yükleme bulunamadı"
_3S.CoDeSys.Compiler35220.Resources.ErrorMessages.tr.resources,Err_NoMemoryAllocationCallback,"Bellek ayırıcı oluşturma başarısız oldu: Gerekli eklenti kurulu değil"
_3S.CoDeSys.Compiler35220.Resources.ErrorMessages.tr.resources,Err_NoMemoryMemory,"Ayrılmış bellek yok"
_3S.CoDeSys.Compiler35220.Resources.ErrorMessages.tr.resources,Err_NoMemoryReserveForExternal,"Harici fonksiyon blokları için ayrılmış bellek kullanımı desteklenmiyor"
_3S.CoDeSys.Compiler35220.Resources.ErrorMessages.tr.resources,Err_NoMethodImplementation,"{0}' yöntemi için '{1}' arayüzünde tanımlanmış bir uygulama yok"
_3S.CoDeSys.Compiler35220.Resources.ErrorMessages.tr.resources,Err_NoMixExternalIECInheritance,"Bir genişletilmiş POU, temeliyle aynı yolla uygulanmalıdır (harici veya IEC'de)."
_3S.CoDeSys.Compiler35220.Resources.ErrorMessages.tr.resources,Err_NoMultipleInheritance,"EXTENDS listesinde yalnızca bir temel FUNCTION_BLOCK tanımlanabilir"
_3S.CoDeSys.Compiler35220.Resources.ErrorMessages.tr.resources,Err_NoNamespace,"'{0}' bir ad alanına başvurmuyor"
_3S.CoDeSys.Compiler35220.Resources.ErrorMessages.tr.resources,Err_NoNewAssignmentInOtherExpression,"Başka bir ifadede __NEW operatörüyle bir atama ifadesi kullanmak mümkün değildir. Bunun yerine imleç değişkenini kullanın."
_3S.CoDeSys.Compiler35220.Resources.ErrorMessages.tr.resources,Err_NoOnlineChangeOnDynamicObjects,"Dinamik olarak oluşturulan türün boyutunu değiştiren çevrimiçi bir değişiklik gerçekleştirilemez."
_3S.CoDeSys.Compiler35220.Resources.ErrorMessages.tr.resources,Err_NoOnlineChangeOnGenericConstantBaseType,"{0} BaseType bildiriminde {1} sabitinin değeri {2} yerine {3} olarak değiştirildi: çevrimiçi değişiklik mümkün değildir!"
_3S.CoDeSys.Compiler35220.Resources.ErrorMessages.tr.resources,Err_NoOnlineChangeOnGenericConstantType,"{0} Değişkeni bildiriminde {1} sabitinin değeri {2} yerine {3} olarak değiştirildi: çevrimiçi değişiklik mümkün değildir!"
_3S.CoDeSys.Compiler35220.Resources.ErrorMessages.tr.resources,Err_NoOnlineChangePossible,"Çevrimiçi değişiklik yapılamaz. Tam indirmeyi gerçekleştir"
_3S.CoDeSys.Compiler35220.Resources.ErrorMessages.tr.resources,Err_NoOutputMemory,"Ayrılmış çıkış belleği yok"
_3S.CoDeSys.Compiler35220.Resources.ErrorMessages.tr.resources,Err_NoOutsideAccessToGenericVariable,"'{1}' Fonksiyon Blokunun '{0}' Genel Sabitine dıştan erişim yok"
_3S.CoDeSys.Compiler35220.Resources.ErrorMessages.tr.resources,Err_NoOverrideOnFinalMethod,"FUNCTION_BLOCK '{0}': {1}.{2} METHOD'nde erişim belirteci FINAL ile geçersiz kılma mümkün değil"
_3S.CoDeSys.Compiler35220.Resources.ErrorMessages.tr.resources,Err_NoOverrideOnInternalMethod,"FUNCTION_BLOCK '{0}': kitaplığındaki {3} METHOD {1}.{2} için erişim tanımlayıcısı INTERNAL olarak geçersiz kılma mümkün değil"
_3S.CoDeSys.Compiler35220.Resources.ErrorMessages.tr.resources,Err_NoOverrideOnPrivateMethod,"FUNCTION_BLOCK '{0}': {1}.{2} METHOD'nde erişim belirteci PRIVATE ile geçersiz kılma mümkün değil"
_3S.CoDeSys.Compiler35220.Resources.ErrorMessages.tr.resources,Err_NoPointerToBit,"POINTER TO BIT'e izin verilmez"
_3S.CoDeSys.Compiler35220.Resources.ErrorMessages.tr.resources,Err_NoPropertiesInOutAssignment,"Bir özellik çağrının bir çıkış atamasına atanamaz. Yerine geçici bir değişken kullanın."
_3S.CoDeSys.Compiler35220.Resources.ErrorMessages.tr.resources,Err_NoPropertyForVarInout,"Özellikler VAR_IN_OUT değişkenine atanamaz."
_3S.CoDeSys.Compiler35220.Resources.ErrorMessages.tr.resources,Err_NoReadAccessToProperty,"Alma erişimcisi olmadığından '{0}' özelliği bu bağlamda kullanılamaz"
_3S.CoDeSys.Compiler35220.Resources.ErrorMessages.tr.resources,Err_NoReferenceToBits,"Bitlere başvurular mümkün değil"
_3S.CoDeSys.Compiler35220.Resources.ErrorMessages.tr.resources,Err_NoReferenceToOutput,"Çıktılar tip olamaz. REFERENCE TO"
_3S.CoDeSys.Compiler35220.Resources.ErrorMessages.tr.resources,Err_NoResolutionForLazyVariable,"LAZY değişkeni '{0}' türü çözülemedi"
_3S.CoDeSys.Compiler35220.Resources.ErrorMessages.tr.resources,Err_NoResolutionForSomeLazyVariables,"Bu imzadaki tembel değişken türü tahmin edilemedi."
_3S.CoDeSys.Compiler35220.Resources.ErrorMessages.tr.resources,Err_NoStaticVariableInitialisationForValue,"'{0}' statik değişkeninin başlatılması sabit değil ya da değiştirilen sabitler devre dışı"
_3S.CoDeSys.Compiler35220.Resources.ErrorMessages.tr.resources,Err_NoSuchLabel,"JMP deyiminin kapsamında '{0}' gibi bir etiket yok."
_3S.CoDeSys.Compiler35220.Resources.ErrorMessages.tr.resources,Err_NoSystemDefine,"{0}' için hiç sistem tanımı yok"
_3S.CoDeSys.Compiler35220.Resources.ErrorMessages.tr.resources,Err_NotAllowedInContainerLib,"'Kapsayıcı kitaplığında '{0}' öğesine izin verilmiyor"
_3S.CoDeSys.Compiler35220.Resources.ErrorMessages.tr.resources,Err_NotAllowedInInterfaceLib,"'Arayüz kitaplığında '{0}' öğesine izin verilmiyor"
_3S.CoDeSys.Compiler35220.Resources.ErrorMessages.tr.resources,Err_NotAllowedInTaskLocalVariables,"Görev yerel değişken listesi '{0}': '{1}' izin verilmiyor"
_3S.CoDeSys.Compiler35220.Resources.ErrorMessages.tr.resources,Err_NotAnInstanceOf,"'{0}', bir '{1}' örneği değil"
_3S.CoDeSys.Compiler35220.Resources.ErrorMessages.tr.resources,Err_NotEnoughMemoryForCompactDownload,"İlk kod alanında kompakt indirme için yeterince bellek kalmadı. '{0}' bayt ayrılamadı."
_3S.CoDeSys.Compiler35220.Resources.ErrorMessages.tr.resources,Err_NotEnoughMemoryForVariableInit,"{0}' değişkenini başlatma için yeterli bellek yok. {1} bayt gerekiyor."
_3S.CoDeSys.Compiler35220.Resources.ErrorMessages.tr.resources,Err_NotSupportedInInterface,"Bu kod Bildirim bölümünde desteklenmiyor"
_3S.CoDeSys.Compiler35220.Resources.ErrorMessages.tr.resources,Err_NoValidCondition,"'{0}' geçerli bir koşul değil"
_3S.CoDeSys.Compiler35220.Resources.ErrorMessages.tr.resources,Err_NoValidConditionforPragma,"'{0}' pragma için geçerli bir koşul değil"
_3S.CoDeSys.Compiler35220.Resources.ErrorMessages.tr.resources,Err_NoValidEnumInit,"{0} bir numaralandırma için geçerli başlatma değil"
_3S.CoDeSys.Compiler35220.Resources.ErrorMessages.tr.resources,Err_NoValidInstancePath,"'{0}' geçerli bir örnek yolu değil"
_3S.CoDeSys.Compiler35220.Resources.ErrorMessages.tr.resources,Err_NoValidOperand,"'{0}' geçerli bir İşlenen değil"
_3S.CoDeSys.Compiler35220.Resources.ErrorMessages.tr.resources,Err_NoValidOperandforPragma,"'{0}' pragma için geçerli bir işlenen değil"
_3S.CoDeSys.Compiler35220.Resources.ErrorMessages.tr.resources,Err_NoValidStatement,"'{0}' geçerli bir deyim değil"
_3S.CoDeSys.Compiler35220.Resources.ErrorMessages.tr.resources,Err_NoValuePassingForCPPExternal,"CPP uyumlu fonksiyonlar STRING, ARRAY veya STRUCT tipinde girişler veya çıkışlar içeremez. Bunun yerine bu tür için POINTER veya REFERENCE kullanın."
_3S.CoDeSys.Compiler35220.Resources.ErrorMessages.tr.resources,Err_NoVarConfigInMethodOrFunction,"Yöntemlerde ve Fonksiyonlarda Eksik Adreslere izin verilmiyor"
_3S.CoDeSys.Compiler35220.Resources.ErrorMessages.tr.resources,Err_NoVarForExternal,"VAR_EXTERNAL {0} için genel bir tanım bulunamadı"
_3S.CoDeSys.Compiler35220.Resources.ErrorMessages.tr.resources,Err_NoVarInputInPropertyAccessors,"Özellik Aksesuarlarında Giriş Değişkenlerini tanımlamaya izin verilmedi: {0} : {1}"
_3S.CoDeSys.Compiler35220.Resources.ErrorMessages.tr.resources,Err_NoVarsinInterface,"Arayüzlerde değişken bildirimlerine izin verilmez"
_3S.CoDeSys.Compiler35220.Resources.ErrorMessages.tr.resources,Err_NoVarTempInSubsequentPrograms,"VAR_TEMP, attribute 'subsequent' özellikli PROGRAM'da mümkün değil"
_3S.CoDeSys.Compiler35220.Resources.ErrorMessages.tr.resources,Err_NumOfInitializersDoNotMatch,"'FB_Init' öğesinin başlangıç değeri ({0}) ARRAY ({1}) öğesinin sayısıyla eşleşmiyor"
_3S.CoDeSys.Compiler35220.Resources.ErrorMessages.tr.resources,Err_OneAccessorRequired,"{0}' özniteliği için en az bir erişimci gerekli"
_3S.CoDeSys.Compiler35220.Resources.ErrorMessages.tr.resources,Err_OnlyMethodsOverride,"{0} {1} / {2} geçersiz kılınamadı: yalnızca yöntemlerin geçersiz kılmasına izin verilir."
_3S.CoDeSys.Compiler35220.Resources.ErrorMessages.tr.resources,Err_OperationNotPossibleOnType,"'{0}' işlemi '{1}' türünde mümkün değil"
_3S.CoDeSys.Compiler35220.Resources.ErrorMessages.tr.resources,Err_Operator1of2Expected,"'{2}' yerine '{0}' veya '{1}' bekleniyor"
_3S.CoDeSys.Compiler35220.Resources.ErrorMessages.tr.resources,Err_Operator1of3Expected,"'{3}' yerine '{0}', '{1}' veya '{2}' bekleniyor"
_3S.CoDeSys.Compiler35220.Resources.ErrorMessages.tr.resources,Err_Operator1of3ExpectedInsteadofEOF,"Beklenmedik Dosya Sonu bulundu: '{0}', '{1}' veya '{2}' bekleniyor"
_3S.CoDeSys.Compiler35220.Resources.ErrorMessages.tr.resources,Err_Operator1of4Expected,"'{4}' yerine '{0}', '{1}',  '{2}' veya '{3}' bekleniyor"
_3S.CoDeSys.Compiler35220.Resources.ErrorMessages.tr.resources,Err_OperatorExpected,"'{1}' yerine '{0}' beklendi"
_3S.CoDeSys.Compiler35220.Resources.ErrorMessages.tr.resources,Err_OperatorExpectedInsteadofEOF,"Beklenmedik Dosya Sonu bulundu: '{0}' bekleniyor"
_3S.CoDeSys.Compiler35220.Resources.ErrorMessages.tr.resources,Err_OperatorNotAllowedAtPosition,"Bu ifadede '{0}' operatörünün kullanımına izin verilmiyor"
_3S.CoDeSys.Compiler35220.Resources.ErrorMessages.tr.resources,Err_OperatorNotSupported,"{0} işleçi desteklenmiyor."
_3S.CoDeSys.Compiler35220.Resources.ErrorMessages.tr.resources,Err_OperatorNotSupportedVersion,"'{0}' operatörü mevcut hedefiniz tarafından desteklenmiyor. En azından çalışma zamanı sistemi sürümü {1} gerekiyor."
_3S.CoDeSys.Compiler35220.Resources.ErrorMessages.tr.resources,Err_OperatorNoValidVariableName,"Operatör '{0}' bir değişken için geçerli bir ad değil"
_3S.CoDeSys.Compiler35220.Resources.ErrorMessages.tr.resources,Err_OpNeedsAtLeastInputs,"'{0}' en az '{1}' İşlenen gerektiriyor"
_3S.CoDeSys.Compiler35220.Resources.ErrorMessages.tr.resources,Err_OpNeedsExactInputs,"'{0}' tam '{1}' İşlenen gerektiriyor"
_3S.CoDeSys.Compiler35220.Resources.ErrorMessages.tr.resources,Err_OpTakesAtMostInputs,"'{0}' en çok '{1}' İşlenen alır"
_3S.CoDeSys.Compiler35220.Resources.ErrorMessages.tr.resources,Err_OutOfCodeMemory,"Kod belleği bitti: POU '{0}', {1} bayt. (Artımlı derleme parçalanmış bellek üretebilir. Tüm veri ve kodu yeniden yerleştirmeye zorlamak için ""Oluşturma, Temizleme"" işlemi gerçekleştirin.)"
_3S.CoDeSys.Compiler35220.Resources.ErrorMessages.tr.resources,Err_OutOfMemory,"Genel veri belleği dolu: Değişken '{0}', {1} bayt. (Artımlı derleme parçalanmış bellek üretebilir. Tüm veri ve kodu yeniden yerleştirmeye zorlamak için ""Oluşturma, Temizleme"" işlemi gerçekleştirin.)"
_3S.CoDeSys.Compiler35220.Resources.ErrorMessages.tr.resources,Err_OutOfMemoryFunctionPointer,"Genel veri belleği dolu: '{0}' fonksiyonu için fonksiyon İşaretçisi ayrılamadı"
_3S.CoDeSys.Compiler35220.Resources.ErrorMessages.tr.resources,Err_OutOfMemoryWithWholeSize,"Genel veri belleği dolu: Değişken '{0}', {1} bayt (En büyük bitişik bellek boşluğu {2}). Artışlı derleme veya kalıcı değişken listelerine değişkenler ekleme parçalanmış bellek üretebilir. Kalıcı değişken listelerini sıkıştırmak için ""Bildirimler, Listeyi yeniden sırala ve boşlukları temizle"" işlemi veya diğer veri ve kodu yeniden yerleştirmeye zorlamak için ""Oluştur, Temizle"" işlemini gerçekleştirin."
_3S.CoDeSys.Compiler35220.Resources.ErrorMessages.tr.resources,Err_OutOfPersistentMemoryExplicit,"Kalıcı bellek dolu: Değişken '{0}', {1} bayt (En büyük bitişik bellek boşluğu {2}). Kalıcı değişken listesini değiştirme parçalı bellek üretebilir. Kompakt kalıcı değişken listelerine ""Bildirimler, Yeniden sıralama listesi ve boşlukları temizle"" işlemini gerçekleştirin. {3}"
_3S.CoDeSys.Compiler35220.Resources.ErrorMessages.tr.resources,Err_OutOfPersistentMemoryImplicit,"Yeterli kalıcı bellek yok {0}"
_3S.CoDeSys.Compiler35220.Resources.ErrorMessages.tr.resources,Err_OutOfRetainMemory,"Saklama belleği dolu: Değişken '{0}', {1} bayt (Artımlı derleme parçalanmış bellek üretebilir. Tüm veri ve kodu yeniden yerleştirmeye zorlamak için ""Oluşturma, Temizleme"" işlemi gerçekleştirin.)"
_3S.CoDeSys.Compiler35220.Resources.ErrorMessages.tr.resources,Err_OutOfRetainMemoryWithWholeSize,"Saklama belleği dolu: Değişken '{0}', {1} bayt (En büyük bitişik bellek boşluğu {2}) (Artımlı derleme parçalanmış bellek üretebilir. Tüm veri ve kodu yeniden yerleştirmeye zorlamak için ""Oluşturma, Temizleme"" işlemi gerçekleştirin.)"
_3S.CoDeSys.Compiler35220.Resources.ErrorMessages.tr.resources,Err_OutParamNotEqual,"'{0}' türü VAR_OUTPUT '{2}' öğesinin '{1}' türüne eşit değil"
_3S.CoDeSys.Compiler35220.Resources.ErrorMessages.tr.resources,Err_OutputByteWrittenFromDifferentTasks,"Çıkış belleğindeki aynı bayt farklı görevlerde yazılır"
_3S.CoDeSys.Compiler35220.Resources.ErrorMessages.tr.resources,Err_OverflowInAddress,"{0}' adresinde sabit taşması"
_3S.CoDeSys.Compiler35220.Resources.ErrorMessages.tr.resources,Err_OverloadNeedsAttribute,"'{0}' adına sahip başka bir yöntem mevcut. Aşırı yüklenen yöntemler tanımlamak istiyorsanız {{attribute 'overloaded'}} Özniteliğini kullanın."
_3S.CoDeSys.Compiler35220.Resources.ErrorMessages.tr.resources,Err_OverloadWithSameInputs,"'{0}' için aynı girdi tiplerine sahip başka bir aşırı yükleme mevcut."
_3S.CoDeSys.Compiler35220.Resources.ErrorMessages.tr.resources,Err_ParameterlistNotConst,"Bir parametre listesi CONSTANT olarak bildirilmelidir"
_3S.CoDeSys.Compiler35220.Resources.ErrorMessages.tr.resources,Err_ParamsNotAllowed,"PARAMS parametresi, bir fonksiyon veya yöntemin son giriş parametresi olmalıdır"
_3S.CoDeSys.Compiler35220.Resources.ErrorMessages.tr.resources,Err_PartialAccess_NotAValidComponent,"'%{1}{2}', '{0}' nesnesinin geçerli bir kısmi bileşeni değil"
_3S.CoDeSys.Compiler35220.Resources.ErrorMessages.tr.resources,Err_PartialAccess_OnlyOnBitTypes,"Kısmi erişim sadece ANY_BIT türlerinde desteklenir, '{0}' üzerinde desteklenmez"
_3S.CoDeSys.Compiler35220.Resources.ErrorMessages.tr.resources,Err_PersistentNoAddress,"Kalıcı bir listede doğrudan adres bildirimi mümkün değildir"
_3S.CoDeSys.Compiler35220.Resources.ErrorMessages.tr.resources,Err_PersistentVariablesChangeMessageText,"Kalıcı değişkenler değişti. İndirme işlemi kullanıcı tarafından iptal edildi."
_3S.CoDeSys.Compiler35220.Resources.ErrorMessages.tr.resources,Err_PersistentWrongVariable,"Kalıcı listesindeki değişkenlerin tümü VAR_GLOBAL PERSISTENT veya VAR_GLOBAL PERSISTENT RETAIN olmalıdır"
_3S.CoDeSys.Compiler35220.Resources.ErrorMessages.tr.resources,Err_POUCalledFromDifferentTasks,"POU {0} {1} Çıkışına yazar ve birçok Görevde çağrılır."
_3S.CoDeSys.Compiler35220.Resources.ErrorMessages.tr.resources,Err_PrivateOnMethodsOnly,"PRIVATE ve PROTECTED yalnızca FUNCTION_BLOCK yönteminde uygulanabilir"
_3S.CoDeSys.Compiler35220.Resources.ErrorMessages.tr.resources,Err_ProjectDefinedNotSupportedFor,"'{0}' öğesinin herkese açık arayüzünü etkileyebileceği için 'project_defined' durumu bu söz dizimi için desteklenmiyor."
_3S.CoDeSys.Compiler35220.Resources.ErrorMessages.tr.resources,Err_QueryInterfaceErrorP1,"__QueryInterface ilk İşleneni bir arayüz referansı veya bir fonksiyon bloğunun örneği olmalı"
_3S.CoDeSys.Compiler35220.Resources.ErrorMessages.tr.resources,Err_QueryInterfaceErrorP2,"__QueryInterface ikinci İşleneni bir arayüz referansı olmalıdır"
_3S.CoDeSys.Compiler35220.Resources.ErrorMessages.tr.resources,Err_QueryInterfaceP1NoIQuery,"{0} arayüzü {1} öğesini genişletmez"
_3S.CoDeSys.Compiler35220.Resources.ErrorMessages.tr.resources,Err_QueryPointerErrorP1,"__QueryPointer ilk İşleneni bir arayüz referansı veya bir fonksiyon bloğunun örneği olmalı"
_3S.CoDeSys.Compiler35220.Resources.ErrorMessages.tr.resources,Err_QueryPointerErrorP2,"__QueryInterface öğesinin ikinci işleneni POINTER olmalıdır"
_3S.CoDeSys.Compiler35220.Resources.ErrorMessages.tr.resources,Err_RecursiveConstantInitialisation,"Sabit Değerin özyinelemeli tanımı."
_3S.CoDeSys.Compiler35220.Resources.ErrorMessages.tr.resources,Err_RefAssignNeedsLValue,"Bir başvuru ataması kaynak ifade olarak yazma erişimli bir değişken gerektirir."
_3S.CoDeSys.Compiler35220.Resources.ErrorMessages.tr.resources,Err_RefAssignOnlyForReferenceTypes,"REF= ile başlatmaya yalnızca REFERENCE TO türündeki değişkenler için izin verilir"
_3S.CoDeSys.Compiler35220.Resources.ErrorMessages.tr.resources,Err_ReferenceNotAllowed,"REFERENCE türüne, ARRAY, POINTER veya REFERENCE için temel tür olarak izin verilmez"
_3S.CoDeSys.Compiler35220.Resources.ErrorMessages.tr.resources,Err_ReferenceNotAllowedForVarInOut,"Bir başvuru türü VAR_IN_OUT türünde izin verilmiyor"
_3S.CoDeSys.Compiler35220.Resources.ErrorMessages.tr.resources,Err_ReferenceToInput,"Değişken bir eşlemede bir giriş adresine başvuru atama mümkün değil"
_3S.CoDeSys.Compiler35220.Resources.ErrorMessages.tr.resources,Err_RelatedPositionInterface,"İlgili pozisyon: '{1} arayüzünün {0}' arayüz yöntemi."
_3S.CoDeSys.Compiler35220.Resources.ErrorMessages.tr.resources,Err_RelatedPositionTaskX,"İlgili konum: {0} görevindeki erişim"
_3S.CoDeSys.Compiler35220.Resources.ErrorMessages.tr.resources,Err_RetainNotAccessiblePOU,"{0} POU'su kitaplık adını gizler, kitaplık öğelerine erişim mümkün değil. {1} saklanan değişkenini kaydetmek için hiç kapalı kod oluşturulmayacak."
_3S.CoDeSys.Compiler35220.Resources.ErrorMessages.tr.resources,Err_RetainNotAccessibleVariable,"{0} değişkeni kitaplık adını gizler. Kütüphane elemanlarına erişim mümkün değildir. {1} RETAIN değişkenini kaydetmek için örtük kod oluşturulmaz."
_3S.CoDeSys.Compiler35220.Resources.ErrorMessages.tr.resources,Err_RetainOrPersistentNotAllowed,"RETAIN veya PERSISTENT adlı yere izin verilmiyor"
_3S.CoDeSys.Compiler35220.Resources.ErrorMessages.tr.resources,Err_RetainsNotSupported,"Saklama verileri bu aygıtta desteklenmiyor"
_3S.CoDeSys.Compiler35220.Resources.ErrorMessages.tr.resources,Err_ReturnTypeForNonFunction,"Dönüş türü yalnızca FONKSİYON ve YÖNTEM türünde POU'lar için mümkün"
_3S.CoDeSys.Compiler35220.Resources.ErrorMessages.tr.resources,Err_RValueRequired,"Atamanın geçerli source'u yok"
_3S.CoDeSys.Compiler35220.Resources.ErrorMessages.tr.resources,Err_SelfInheritance,"Arayüzlerde özyineleme: {0}"
_3S.CoDeSys.Compiler35220.Resources.ErrorMessages.tr.resources,Err_SelfInheritanceBase,"Temel fonksiyon blok listesinde özyineleme: {0}"
_3S.CoDeSys.Compiler35220.Resources.ErrorMessages.tr.resources,Err_SelMuxOnlyEqualUserDefTypes,"SEL veya MUX içinde kullanılan tüm kullanıcı tanımlı türler eşit olmalıdır"
_3S.CoDeSys.Compiler35220.Resources.ErrorMessages.tr.resources,Err_SemicolonExpected,"'{0}' yerine ';' bekleniyor"
_3S.CoDeSys.Compiler35220.Resources.ErrorMessages.tr.resources,Err_SemicolonExpectedInsteadOfEnd,"'POU sonu yerine ';' bekleniyor"
_3S.CoDeSys.Compiler35220.Resources.ErrorMessages.tr.resources,Err_SlotFunctionAmbiguousName,"{1} yuva özniteliğine sahip POU {0} belirsiz ada sahip"
_3S.CoDeSys.Compiler35220.Resources.ErrorMessages.tr.resources,Err_SlotFunctionHiddenByVariable,"{2}' değişkeniyle gizli olduğundan {1} özniteliğine sahip POU {0} çağrılamıyor"
_3S.CoDeSys.Compiler35220.Resources.ErrorMessages.tr.resources,Err_SomethingOverridingMethod,"{0} '{1}' INTERFACE METHOD'ini geçersiz kılıyor '{2}'"
_3S.CoDeSys.Compiler35220.Resources.ErrorMessages.tr.resources,Err_SomethingOverridingMethodBase,"{0} '{1}', '{2}' tabanı METHOD'ini geçersiz kılıyor"
_3S.CoDeSys.Compiler35220.Resources.ErrorMessages.tr.resources,Err_SpecialTypeExpected,"Bu yerde '{0}' türünde ifade bekleniyor"
_3S.CoDeSys.Compiler35220.Resources.ErrorMessages.tr.resources,Err_StackOverflowDetected,"{0} Görevinde yığın taşması algılandı. Maksimum Yığın Boyutu: {1} bayt. Hesaplanan Yığın Boyutu: {2} bayt. Çağrı Hiyerarşisi:"
_3S.CoDeSys.Compiler35220.Resources.ErrorMessages.tr.resources,Err_StaticNotAllowed,"Bu yerde VAR_STAT bildirimine izin verilmiyor"
_3S.CoDeSys.Compiler35220.Resources.ErrorMessages.tr.resources,Err_StrictEnumNoArithmeticAllowed,"'{0}' katı ENUM türünde aritmetiklere izin verilmiyor"
_3S.CoDeSys.Compiler35220.Resources.ErrorMessages.tr.resources,Err_StrictEnumNotAMember,"'{0}', katı ENUM türü '{1}' için geçerli bir değer değil"
_3S.CoDeSys.Compiler35220.Resources.ErrorMessages.tr.resources,Err_StringLengthIsNoConstant,"'{0}' dize uzunluğu sabit değer değil"
_3S.CoDeSys.Compiler35220.Resources.ErrorMessages.tr.resources,Err_StringLiteralExpected,"'{0}' yerine bir String dizesi bekleniyor"
_3S.CoDeSys.Compiler35220.Resources.ErrorMessages.tr.resources,Err_StringSizeExpected,"""("" sonrası dizenin boyutu bekleniyor"
_3S.CoDeSys.Compiler35220.Resources.ErrorMessages.tr.resources,Err_StringTooShortForVarInOut,"{0}' dize değişkeni VAR_IN_OUT parametresi '{1}' / '{2}' için çok kısa"
_3S.CoDeSys.Compiler35220.Resources.ErrorMessages.tr.resources,Err_StructInitOnlyInput,"'{0}', '{1}' girişi değil"
_3S.CoDeSys.Compiler35220.Resources.ErrorMessages.tr.resources,Err_StructuredValueTypeInExternalCall,"Harici fonksiyon çağrısında '{0}' yapılandırılmış türüne izin verilmiyor."
_3S.CoDeSys.Compiler35220.Resources.ErrorMessages.tr.resources,Err_StructureInitialisationNotPossible,"Fonksiyon başlatma çağrısının Parametresi olarak bir yapı başlatma mümkün değil. Yerine bir değişken kullanın."
_3S.CoDeSys.Compiler35220.Resources.ErrorMessages.tr.resources,Err_StructureInitializationExpected,"{0} için başlatma listesi beklendi"
_3S.CoDeSys.Compiler35220.Resources.ErrorMessages.tr.resources,Err_StructureNotAllowed,"STRUCT bildirimine yalnızca veri birimi türünde izin verilir"
_3S.CoDeSys.Compiler35220.Resources.ErrorMessages.tr.resources,Err_SummarizedLibraryErrors,"{1} kitaplığında {0} dahili hata"
_3S.CoDeSys.Compiler35220.Resources.ErrorMessages.tr.resources,Err_SystemOutOfMemory,"Geliştirme sisteminde çevrimiçi değişikliği işlemek için yeterli bellek yok. Geliştirmeye devam etmeden önce lütfen uygulamayı yeniden başlatın."
_3S.CoDeSys.Compiler35220.Resources.ErrorMessages.tr.resources,Err_TaskLocalVariablesAccessNotAllowed,"Görev yerel değişken listesi '{0}': Yazma erişimine yalnızca '{1}' görevinde izin veriliyor"
_3S.CoDeSys.Compiler35220.Resources.ErrorMessages.tr.resources,Err_TaskLocalVariablesNoOnlineChangePossible,"Görev yerel değişken listesi '{0}' değişti. Çevrimiçi değişiklik mümkün değil."
_3S.CoDeSys.Compiler35220.Resources.ErrorMessages.tr.resources,Err_TaskLocalVariablesWriterTaskNotDefined,"Görev yerel değişken listesi '{0}': Yazar görevi tanımlanmadı."
_3S.CoDeSys.Compiler35220.Resources.ErrorMessages.tr.resources,Err_ThisNotAllowed,"Bu bağlamda THIS ifade edilemez"
_3S.CoDeSys.Compiler35220.Resources.ErrorMessages.tr.resources,Err_TooFewParametersForExtensibleFunction,"Genişletilebilir Fonksiyon {0}, {2} parametresi için en az {1} giriş gerektirir"
_3S.CoDeSys.Compiler35220.Resources.ErrorMessages.tr.resources,Err_TooManyInitializer,"Dizi için çok fazla başlatıcı"
_3S.CoDeSys.Compiler35220.Resources.ErrorMessages.tr.resources,Err_TooManyParametersForExtensibleFunction,"Genişletilebilir Fonksiyon {0}, {2} parametresi için en fazla {1} giriş kabul eder"
_3S.CoDeSys.Compiler35220.Resources.ErrorMessages.tr.resources,Err_TryCatchNotSupported,"Yapılandırılmış özel durum işleme henüz desteklenmiyor."
_3S.CoDeSys.Compiler35220.Resources.ErrorMessages.tr.resources,Err_TryCatchNotSupportedCodegenerator,"Geçerli cihazın kod üreteci yapılandırılmış istisna işlemeyi desteklemiyor"
_3S.CoDeSys.Compiler35220.Resources.ErrorMessages.tr.resources,Err_TryCatchNotSupportedVersion,"Yapılandırılmış özel durum işleme geçerli hedefiniz tarafından desteklenmiyor. En azından çalışma zamanı sistem sürümü 3.5.6.0 gerekir."
_3S.CoDeSys.Compiler35220.Resources.ErrorMessages.tr.resources,Err_TypeExpected,"{0}' yerine tür tanımı bekleniyor"
_3S.CoDeSys.Compiler35220.Resources.ErrorMessages.tr.resources,Err_TypeIsNotGeneric,"'{0}' genel bir fonksiyon bloku değil."
_3S.CoDeSys.Compiler35220.Resources.ErrorMessages.tr.resources,Err_TypeMismatch,"{0}' türü '{1}' türüne dönüştürülemiyor"
_3S.CoDeSys.Compiler35220.Resources.ErrorMessages.tr.resources,Err_TypesNotComparable,"{0}' türü '{1}' türüyle karşılaştırılamıyor"
_3S.CoDeSys.Compiler35220.Resources.ErrorMessages.tr.resources,Err_UnexpectedArrayInitialisation,"Beklenmedik dizi başlatma"
_3S.CoDeSys.Compiler35220.Resources.ErrorMessages.tr.resources,Err_UnexpectedOperandForCallInitFunction,"'{1}' içinde beklenmedik İşlenen '{0}' bulundu. Bir GVL veya PRG parametre olarak geçirilmelidir."
_3S.CoDeSys.Compiler35220.Resources.ErrorMessages.tr.resources,Err_UnexpectedOperandForIndexOf,"{1}' içinde beklenmedik İşlenen '{0}' bulundu"
_3S.CoDeSys.Compiler35220.Resources.ErrorMessages.tr.resources,Err_UnexpectedPragmaif,"Beklenmedik Pragma: 'if' ile eşleşmeden '{0}' bulundu"
_3S.CoDeSys.Compiler35220.Resources.ErrorMessages.tr.resources,Err_UnexpectedStatement,"Beklenmedik ifade"
_3S.CoDeSys.Compiler35220.Resources.ErrorMessages.tr.resources,Err_UnexpectedStructureInitialisation,"Beklenmedik yapı başlatma"
_3S.CoDeSys.Compiler35220.Resources.ErrorMessages.tr.resources,Err_UnexpectedTokenFound,"Beklenmedik Belirteç '{0}' bulundu"
_3S.CoDeSys.Compiler35220.Resources.ErrorMessages.tr.resources,Err_UnexpectedTypeName,"Bu yerde '{0}' tür adı beklenmiyor"
_3S.CoDeSys.Compiler35220.Resources.ErrorMessages.tr.resources,Err_UninitialisedVariableUsedInInitialisation,"Başlatılmamış değişken {0} {1} öğesinin başlatılması için kullanıldı. Başlatma sırasını değiştirmek için 'global_init_slot' özniteliğini kullanın."
_3S.CoDeSys.Compiler35220.Resources.ErrorMessages.tr.resources,Err_UnionNotAllowed,"UNION bildirimine yalnızca veri birimi türünde izin verilir"
_3S.CoDeSys.Compiler35220.Resources.ErrorMessages.tr.resources,Err_UnknownCompilerVersionInCompiledLib,"""{0}"" kitaplığı bilinmeyen derleyici sürümü ""{1}"" ile oluşturuldu."
_3S.CoDeSys.Compiler35220.Resources.ErrorMessages.tr.resources,Err_UnknownEmbeddedLanguageType,"Bilinmeyen gömülü '{0}' dil tipi."
_3S.CoDeSys.Compiler35220.Resources.ErrorMessages.tr.resources,Err_UnknownMaxStackSize,"Yürütülmekte olan görev hakkındaki bilgilere erişmek, hedef sistemde desteklenen maksimum yığın boyutu hakkında bilgi gerektirir."
_3S.CoDeSys.Compiler35220.Resources.ErrorMessages.tr.resources,Err_UnknownType,"Bilinmeyen tür: '{0}'"
_3S.CoDeSys.Compiler35220.Resources.ErrorMessages.tr.resources,Err_UnsupportedFeature,"'{0}' derleyici özelliği sadece {1} derleyici sürümü veya daha yenisi ile desteklenir"
_3S.CoDeSys.Compiler35220.Resources.ErrorMessages.tr.resources,Err_UnsupportedType,"Desteklenmeyen tür: '{0}'"
_3S.CoDeSys.Compiler35220.Resources.ErrorMessages.tr.resources,Err_UpperBoundExpected,"FOR döngüsü için üst sınır bekleniyor"
_3S.CoDeSys.Compiler35220.Resources.ErrorMessages.tr.resources,Err_UserCheckFunctionsNotSupported,"Kullanıcı tanımlı kontrol fonksiyonları desteklenmiyor"
_3S.CoDeSys.Compiler35220.Resources.ErrorMessages.tr.resources,Err_VarAccessNotSupported,"VAR_ACCESS desteklenmiyor"
_3S.CoDeSys.Compiler35220.Resources.ErrorMessages.tr.resources,Err_VarConfigNotAllowed,"VAR_CONFIG bildirimine yalnızca VAR_CONFIG listesinde izin verilir"
_3S.CoDeSys.Compiler35220.Resources.ErrorMessages.tr.resources,Err_VarGlobalNotAllowed,"VAR_GLOBAL bildirimine yalnızca genel değişken listesinde izin verilir"
_3S.CoDeSys.Compiler35220.Resources.ErrorMessages.tr.resources,Err_VariableDeclarationExpected,"{0}' yerine değişken bildirimi bekleniyor"
_3S.CoDeSys.Compiler35220.Resources.ErrorMessages.tr.resources,Err_VariableDuplicate,"{0}' adında yerel bir değişken zaten '{1}' içinde tanımlandı"
_3S.CoDeSys.Compiler35220.Resources.ErrorMessages.tr.resources,Err_VariableForVarinoutConstant,"VAR_IN_OUT CONSTANT parametresi '{0}' / '{1}', giriş olarak değişken gerektirir"
_3S.CoDeSys.Compiler35220.Resources.ErrorMessages.tr.resources,Err_VariableListExpected,"{0} yerine VAR, VAR_INPUT, VAR_OUTPUT veya VAR_INOUT bekleniyor"
_3S.CoDeSys.Compiler35220.Resources.ErrorMessages.tr.resources,Err_VariableOverride,"{1}' fonksiyon bloğunda ve '{2}' temelinde '{0}' değişkeninin yinelenen tanımı"
_3S.CoDeSys.Compiler35220.Resources.ErrorMessages.tr.resources,Err_VarInstOnlyInMethods,"Bu yerde VAR_INST bildirimine izin verilmiyor"
_3S.CoDeSys.Compiler35220.Resources.ErrorMessages.tr.resources,Err_VarLengthArrayInOut,"Değişken uzunluktaki ARRAY, yalnızca METHOD, FUNCTION ve FUNCTION_BLOCK adlı VAR_IN_OUT olarak mümkündür"
_3S.CoDeSys.Compiler35220.Resources.ErrorMessages.tr.resources,Err_VarLengthArrayTopLevel,"Değişken uzunluktaki ARRAY, bir tür bildiriminin en üst düzey konumunda olmalıdır"
_3S.CoDeSys.Compiler35220.Resources.ErrorMessages.tr.resources,Err_VarTempNotAllowed,"Bu yerde VAR_TEMP bildirimine izin verilmiyor"
_3S.CoDeSys.Compiler35220.Resources.ErrorMessages.tr.resources,Err_VarTooBig,"'{0}' değişkeni çok büyük. (değişken boyut: {1}, segment boyutu: {2})"
_3S.CoDeSys.Compiler35220.Resources.ErrorMessages.tr.resources,Err_VectorBaseMustBeRealType,"Bir VECTOR temel türü GERÇEK veya LREAL olmalıdır."
_3S.CoDeSys.Compiler35220.Resources.ErrorMessages.tr.resources,Err_VectorNoPersistentRetain,"Bir VECTOR PERSISTENT veya RETAIN olarak ilan edilemez."
_3S.CoDeSys.Compiler35220.Resources.ErrorMessages.tr.resources,Err_VectorSizeIsNoConstant,"Bir VECTOR boyutu sabit olmalıdır."
_3S.CoDeSys.Compiler35220.Resources.ErrorMessages.tr.resources,Err_VectorSizeNotValid,"Bir VECTOR boyutu 0'dan büyük ve 9'dan küçük bir tamsayı olmalıdır."
_3S.CoDeSys.Compiler35220.Resources.ErrorMessages.tr.resources,Err_VectorTypeCantBePlacedInUnion,"Vektör türleri UNION'a yerleştirilemez."
_3S.CoDeSys.Compiler35220.Resources.ErrorMessages.tr.resources,Err_VectorTypesNotCompatible,"{0} ve {1} VECTOR tipleri uyumlu değil"
_3S.CoDeSys.Compiler35220.Resources.ErrorMessages.tr.resources,Err_VersionInvalidFormat,"'{0}' belirteci geçerli bir sürüm değil"
_3S.CoDeSys.Compiler35220.Resources.ErrorMessages.tr.resources,Err_VersionOverflow,"'{0}' sürümünün en az bir bölümünün çok büyük bir değeri var"
_3S.CoDeSys.Compiler35220.Resources.ErrorMessages.tr.resources,Err_VersionPartNegative,"'{0}' sürümünün en az bir bölümünün negatif bir değeri var"
_3S.CoDeSys.Compiler35220.Resources.ErrorMessages.tr.resources,Err_WrongCallAfterGlobalInitSlotSignature,"Attribute 'call_after_global_init_slot' ile süslenmiş bir imzanın argümanı veya 'bInitRetains' adında tek bir girişi olmamalıdır."
_3S.CoDeSys.Compiler35220.Resources.ErrorMessages.tr.resources,Err_WrongConstructor,"FUNCTION_BLOCK veya STRUCT yönteminin 'FB_Init' iki BOOL türünde 'bInitRetains' ve 'bInCopyCode' girişine ihtiyaç duyuyor"
_3S.CoDeSys.Compiler35220.Resources.ErrorMessages.tr.resources,Err_WrongDestructor,"'FB_Exit' FUNCTION_BLOCK veya STRUCT yöntemi, BOOL türünde bir 'bInCopyCode' girdisine ihtiyaç duyuyor"
_3S.CoDeSys.Compiler35220.Resources.ErrorMessages.tr.resources,Err_WrongFormalParameter,"Yanlış resmi parametre: Bu yerde '{0}' öğesi bekleniyor"
_3S.CoDeSys.Compiler35220.Resources.ErrorMessages.tr.resources,Err_WrongObjectType,"{0}' türündeki nesne çağrılamıyor"
_3S.CoDeSys.Compiler35220.Resources.ErrorMessages.tr.resources,Err_WrongReInit,"METHOD FB_ReInit bir FUNCTION_BLOCK veya STRUCT öğesinin giriş ve BOOL türünde bir dönüş değeri olmamalıdır. FB_ReInit otomatik olarak çağrılmayacak!"
_3S.CoDeSys.Compiler35220.Resources.ErrorMessages.tr.resources,Err_WrongTypeForAdr,"'{0}' öğesine ADR için işlenen olarak izin verilmiyor"
_3S.CoDeSys.Compiler35220.Resources.ErrorMessages.tr.resources,Err_WrongTypeForExternal,"VAR_EXTERNAL {0} için yanlış tür tanımı"
_3S.CoDeSys.Compiler35220.Resources.ErrorMessages.tr.resources,Err_WrongVarInInterfaceMethod,"INTERFACE METHOD'da yalnızca girişlere, çıkışlara ve giriş/çıkışlara izin verilir"
_3S.CoDeSys.Compiler35220.Resources.ErrorMessages.tr.resources,Inf_RelatedPosition,"İlgili Pozisyon"
_3S.CoDeSys.Compiler35220.Resources.ErrorMessages.tr.resources,Inf_RelatedPositionRecursion,"Çağrılan '{0}'."
_3S.CoDeSys.Compiler35220.Resources.ErrorMessages.tr.resources,Inf_RelatedPositionStackoverflow,"{1} baytlık yığın kullanan '{0}'."
_3S.CoDeSys.Compiler35220.Resources.ErrorMessages.tr.resources,Inf_UseXSizeOfOperator,"Bu hatayı önlemek için XSIZEOF operatörünü kullanın"
_3S.CoDeSys.Compiler35220.Resources.ErrorMessages.tr.resources,Info_PersistentMemoryConfiguration,"Kalıcı bellek yapılandırmasında kalıcı belleğin boyutunu düzenleyebilirsiniz."
_3S.CoDeSys.Compiler35220.Resources.ErrorMessages.tr.resources,PublishSymbolsMustBeSet,"'Tüm IEC sembollerini yayınla' ayarlanmalıdır"
_3S.CoDeSys.Compiler35220.Resources.ErrorMessages.tr.resources,Txt_ParentContextNotUpToDate,"Ana içerik güncel değil"
_3S.CoDeSys.Compiler35220.Resources.ErrorMessages.tr.resources,Wrn_AbstractKeywordMissing,"ABSTRACT anahtar sözcüğü eksik"
_3S.CoDeSys.Compiler35220.Resources.ErrorMessages.tr.resources,Wrn_AccessToInternalObject,"{1} kütüphanesinin {0} dahili nesnesine erişilmemeli"
_3S.CoDeSys.Compiler35220.Resources.ErrorMessages.tr.resources,Wrn_AccessToInternalProperty,"{1} kütüphanesinin {0} dahili mülküne erişilmemeli"
_3S.CoDeSys.Compiler35220.Resources.ErrorMessages.tr.resources,Wrn_AccessToInternalVariable,"{1} kütüphanesinin dahili {0} değişkenine erişilmemelidir"
_3S.CoDeSys.Compiler35220.Resources.ErrorMessages.tr.resources,Wrn_AmbiguousCheckfunctionInLibrary,"Örtük kontrol fonksiyonu {0}, başka bir örtük kontrol fonksiyonu {1} tarafından gizlenmiştir. Kontroller gerçekleştirilmeyecek! Kontrol fonksiyonunu kullanmak için çakışmayı çözümleyin ve uygulamayı temizleyin."
_3S.CoDeSys.Compiler35220.Resources.ErrorMessages.tr.resources,Wrn_AtLeastOneExpected,"En az bir deyim bekleniyor"
_3S.CoDeSys.Compiler35220.Resources.ErrorMessages.tr.resources,Wrn_AttributeCheck,"Öznitelik kontrolü başarısız"
_3S.CoDeSys.Compiler35220.Resources.ErrorMessages.tr.resources,Wrn_BoolNotAtBitAddress,"BOOL veri türü için bit adresi beklendi"
_3S.CoDeSys.Compiler35220.Resources.ErrorMessages.tr.resources,Wrn_CallOfPrivateProperty,"PRIVATE PROPERTY {0}.{1} 'e erişilmemelidir"
_3S.CoDeSys.Compiler35220.Resources.ErrorMessages.tr.resources,Wrn_CallOfProtectedProperty,"PROTECTED PROPERTY {0}.{1} 'e erişilmemelidir"
_3S.CoDeSys.Compiler35220.Resources.ErrorMessages.tr.resources,Wrn_CallRecursion,"Çağrı Özyinelemesi: {0}"
_3S.CoDeSys.Compiler35220.Resources.ErrorMessages.tr.resources,Wrn_ChangeOfAccessModifier,"{0}.{1} yöntemi, {3}.{1} yöntemini geçersiz kılarken ""{2}"" erişim değiştiricisini değiştiriyor"
_3S.CoDeSys.Compiler35220.Resources.ErrorMessages.tr.resources,Wrn_ComplexExpression,"POU çok kompleks ifade içeriyor. Orta sonuçları kullanmayı düşünün."
_3S.CoDeSys.Compiler35220.Resources.ErrorMessages.tr.resources,Wrn_ConcurrentAccessOfBitInSameByte,"Aynı baytta '{0}' bitinin eş zamanlı erişimi"
_3S.CoDeSys.Compiler35220.Resources.ErrorMessages.tr.resources,Wrn_ConstantInStructDeclaration,"Yapı veya birleşim bildiriminde CONSTANT anahtar sözcüğü göz ardı edilir"
_3S.CoDeSys.Compiler35220.Resources.ErrorMessages.tr.resources,Wrn_DefaultValueNotConstant,"Varsayılan değer CONSTANT değil"
_3S.CoDeSys.Compiler35220.Resources.ErrorMessages.tr.resources,Wrn_DefaultValueTopLevel,"Giriş yalnızca IEC kodundan FUNCTION çağrıldığında isteğe bağlıdır"
_3S.CoDeSys.Compiler35220.Resources.ErrorMessages.tr.resources,Wrn_DeviceNotInstalledForSimulation,"Aygıt sistemde yüklü değil. Simülasyon varsayılan ayarları kullanıyor."
_3S.CoDeSys.Compiler35220.Resources.ErrorMessages.tr.resources,Wrn_EnumComparison,"Bir numaralandırma türü ({0}) ile başka birinin ({1}) karşılaştırması"
_3S.CoDeSys.Compiler35220.Resources.ErrorMessages.tr.resources,Wrn_EnumValueDuplicate,"{0} sabiti birden fazla numaralandırmaya atandı"
_3S.CoDeSys.Compiler35220.Resources.ErrorMessages.tr.resources,Wrn_ExitForRetainInstances,"Sıcak sıfırlama sırasında VAR_RETAIN içinde örneklerin FB_EXIT öğesi de çağırılır ancak FB_INIT çağırılmaz. FB_EXIT ile fonksiyon bloklarının tutma bildiriminden kaçının!"
_3S.CoDeSys.Compiler35220.Resources.ErrorMessages.tr.resources,Wrn_ExtendsForInterfaces,"Arayüzlerin devralması için IMPLEMENTS yerine EXTENDS Anahtar Sözcüğünü kullanın."
_3S.CoDeSys.Compiler35220.Resources.ErrorMessages.tr.resources,Wrn_ExternalReferenceIgnored,"Harici referanslar yalnızca FUNCTION_BLOCK, METHOD, FUNCTION ve CONSTANT genel değişken listeleri için mümkündür. {0} '{1}' için harici referans yok sayıldı."
_3S.CoDeSys.Compiler35220.Resources.ErrorMessages.tr.resources,Wrn_GlobalInitSlotNotForVariables,"global_init_slot' özniteliği her zaman tam değişken listesini etkiler ve tekli değişkenlere uygulanmamalıdır"
_3S.CoDeSys.Compiler35220.Resources.ErrorMessages.tr.resources,Wrn_GranularityMismatchForDirectVariable,"Değişken '{0}' {1} ayrıntı düzeyine sahip, ancak {1} bayta hizalanmayan {2} doğrudan adresinde bulunuyor."
_3S.CoDeSys.Compiler35220.Resources.ErrorMessages.tr.resources,Wrn_ImplicitCheckFunctionShadowed,"Üstü kapalı kontrol fonksiyonu '{0}', başka bir değişken ya da fonksiyon tarafından gizlenmiştir. Kontroller gerçekleştirilmeyecek! Kontrol fonksiyonunu kullanmak için çakışmayı çözümleyin ve uygulamayı temizleyin."
_3S.CoDeSys.Compiler35220.Resources.ErrorMessages.tr.resources,Wrn_ImplicitEnumConversion,"Bir numaralandırılmış türden ({0}) diğerine ({1}) örtük dönüştürme"
_3S.CoDeSys.Compiler35220.Resources.ErrorMessages.tr.resources,Wrn_ImplicitIntToReal,"{0}' öğesinden '{1}' öğesine kapalı dönüştürme: olası bilgi kaybı"
_3S.CoDeSys.Compiler35220.Resources.ErrorMessages.tr.resources,Wrn_ImplicitSignedToUnsigned,"İşaretli '{0}' Türünden işaretsiz '{1}' Türüne kapalı dönüştürme: olası işaret değişimi"
_3S.CoDeSys.Compiler35220.Resources.ErrorMessages.tr.resources,Wrn_ImplicitUnsignedToSigned,"İşaretsiz '{0}' Türünden işaretli '{1}' Türüne kapalı dönüştürme: olası işaret değişimi"
_3S.CoDeSys.Compiler35220.Resources.ErrorMessages.tr.resources,Wrn_InterfaceChangedBase,"{1}' temelinin '{0}' geçersiz kılma yönteminin arayüzü bildirimle eşleşmiyor"
_3S.CoDeSys.Compiler35220.Resources.ErrorMessages.tr.resources,Wrn_InvalidDefaultValue,"{0} türünün bu bağlamda varsayılan bir değeri olamaz"
_3S.CoDeSys.Compiler35220.Resources.ErrorMessages.tr.resources,Wrn_InvalidStringSize,"Dizenin boyutu negatif olamaz ('{0}')."
_3S.CoDeSys.Compiler35220.Resources.ErrorMessages.tr.resources,Wrn_LabelNoReference,"{0}' etiketine başvurulmadı"
_3S.CoDeSys.Compiler35220.Resources.ErrorMessages.tr.resources,Wrn_LibraryNotInstalled,"Kitaplık {0} Kitaplık Yöneticisi'ne eklenmedi veya geçerli bir lisans bulunamadı"
_3S.CoDeSys.Compiler35220.Resources.ErrorMessages.tr.resources,Wrn_LibWithStringInVarInOut,"Çağıranların sabitleri geçirmeye izin vermesi için '{1}' içinde VAR_IN_OUT dizesi değişkenini '{0}' VAR_IN_OUT CONSTANT olarak tanımlamayı deneyin."
_3S.CoDeSys.Compiler35220.Resources.ErrorMessages.tr.resources,Wrn_LoopExitConditionConstant,"Döngü çıkış koşulu '{0} {1} {2}' sabit FALSE değerinde. Olası sonsuz döngü!"
_3S.CoDeSys.Compiler35220.Resources.ErrorMessages.tr.resources,Wrn_LValueForVarinoutStrings,"VAR_IN_OUT parametresi '{0}' / '{1}', giriş olarak yazma erişimli değişken gerektirir. Bu, sonraki sürümlerde bir derleme hatası olacaktır!"
_3S.CoDeSys.Compiler35220.Resources.ErrorMessages.tr.resources,Wrn_MethodAlreadyCalledImplicitly,"{0}' Yöntemi zaten kapalı çağrıldı"
_3S.CoDeSys.Compiler35220.Resources.ErrorMessages.tr.resources,Wrn_MissingAttributeNoAssign,"POU '{0}' için 'no_assign' özniteliği eksik mi? '{1}' değişkeninin türü, 'no_assign' ile ilişkilendirilir."
_3S.CoDeSys.Compiler35220.Resources.ErrorMessages.tr.resources,Wrn_MissingInstancePathForPersistent,"{0} değişkeni için VAR_PERSISTENT listesinde eşleşen örnek yolu bulunamadı. Tüm örnek yollarını VAR_PERSISTENT listesine eklemek için ""Tüm örnek yollarını ekle"" komutunu kullanın. (Ayrıntılar için yardıma bakın)"
_3S.CoDeSys.Compiler35220.Resources.ErrorMessages.tr.resources,Wrn_NoInheritanceForUnions,"""UNION"" veri tipi için devralma tasarlanmamış: {0}"
_3S.CoDeSys.Compiler35220.Resources.ErrorMessages.tr.resources,Wrn_NoInitialValueForConstant,"{0}' sabit değişkeni için hiç başlangıç değeri yok"
_3S.CoDeSys.Compiler35220.Resources.ErrorMessages.tr.resources,Wrn_NonAsciiStringLiteral,"'{0}...' dize sabiti temsil edilemeyen karakterler içeriyor. 'STRING için UTF-8 Kodlaması' proje seçeneği kullanılabilir."
_3S.CoDeSys.Compiler35220.Resources.ErrorMessages.tr.resources,Wrn_NonLocalAccessToVarInOut,"'{2}' harici bağlamından '{1}' içinde tanımlanan VAR_IN_OUT '{0}' erişimi."
_3S.CoDeSys.Compiler35220.Resources.ErrorMessages.tr.resources,Wrn_NoPointerToBit,"Tek bir bite başvurulamaz. Tam bayta bir başvuru depolanacaktır."
_3S.CoDeSys.Compiler35220.Resources.ErrorMessages.tr.resources,Wrn_NotAllowedInInterfaceLib,"'Arayüz kitaplığında '{0}' öğesine izin verilmiyor"
_3S.CoDeSys.Compiler35220.Resources.ErrorMessages.tr.resources,Wrn_Obsolete,"POU '{0}' eski olarak işaretlendi: {1}"
_3S.CoDeSys.Compiler35220.Resources.ErrorMessages.tr.resources,Wrn_ObsoleteOutputInAbstractMethod,"Bir VAR_OUTPUT için varsayılan değer ABTRACT veya INTERFACE METHOD'da kullanılmaz"
_3S.CoDeSys.Compiler35220.Resources.ErrorMessages.tr.resources,Wrn_OnlyConstantInitialValueForMappedPersistentVar,"Eşlenen bir kalıcı değişken için yalnızca değiştirilen sabitler başlangıç değeri olarak uygulanabilir."
_3S.CoDeSys.Compiler35220.Resources.ErrorMessages.tr.resources,Wrn_PersistentVariableOnStack,"Yığında bulunan FUNCTION_BLOCK örneklerindeki PERSISTENT değişkenler desteklenmiyor: {0}"
_3S.CoDeSys.Compiler35220.Resources.ErrorMessages.tr.resources,Wrn_PointerMisatch,"{0}' türü '{1}' türüne dönüştürülebilir olmayabilir"
_3S.CoDeSys.Compiler35220.Resources.ErrorMessages.tr.resources,Wrn_Pragma,"Uyarı pragmasıyla oluşturulan kullanıcı tanımlı uyarı"
_3S.CoDeSys.Compiler35220.Resources.ErrorMessages.tr.resources,Wrn_ReferenceToUninitializedVariable,"{1}'in başlatılması için başlatılmamış olan değişkene {0} bir başvuru kullanılır. Başlatılmamış değişkene erişim beklenmeyen davranışlara yol açabilir."
_3S.CoDeSys.Compiler35220.Resources.ErrorMessages.tr.resources,Wrn_ReservedUnusedKeyword,"'{0}' adı, IEC61131-3 standardında ayrılmış bir anahtar kelimedir. Sonraki sürümlerde bir hata bildirilecek."
_3S.CoDeSys.Compiler35220.Resources.ErrorMessages.tr.resources,Wrn_ShiftExceedsTypeSize,"{0} kadar kaydırma {1} tür boyutunu aşıyor."
_3S.CoDeSys.Compiler35220.Resources.ErrorMessages.tr.resources,Wrn_StackCheckIncompleteDueToRecursion,"Özyinelemeli çağrılar nedeniyle yığın kullanımı hesaplama tamamlanmadı: {0}"
_3S.CoDeSys.Compiler35220.Resources.ErrorMessages.tr.resources,Wrn_StatementNoEffect,"{0}' kodunun hiç etkisi yok. Amaçlanan bu mu?"
_3S.CoDeSys.Compiler35220.Resources.ErrorMessages.tr.resources,Wrn_StringConstantTooLong,"String sabiti '{0}' hedef türü '{1}' için çok uzun"
_3S.CoDeSys.Compiler35220.Resources.ErrorMessages.tr.resources,Wrn_StruturedTypePropertyNotMonitorable,"İzleme özelliği '{0}' mülkü için desteklenmiyor ve yok sayılacak"
_3S.CoDeSys.Compiler35220.Resources.ErrorMessages.tr.resources,Wrn_TooManyApplications,"{1} aygıtı için {0} uygulama tanımladınız. Maksimum sayı {2}. Bu yüzden tüm uygulamaları indiremeyeceksiniz."
_3S.CoDeSys.Compiler35220.Resources.ErrorMessages.tr.resources,Wrn_UninitialisedVariableUsedInInitialisation,"Başlatılmamış değişken {0} {1} öğesinin başlatılması için kullanıldı. Başlatma sırasını değiştirmek için 'global_init_slot' özniteliğini kullanın."
_3S.CoDeSys.Compiler35220.Resources.ErrorMessages.tr.resources,Wrn_ValueAssignViaPointerMayChangeVFTable,"{0} öğesinin işaret ettiği örnek sanal fonksiyon çağrıları için tekrar başlatılacak. {0} öğesinin {1} öğesinden türetilen bir türü işaret etmediğinden emin olun "
_3S.CoDeSys.Compiler35220.Resources.ErrorMessages.tr.resources,Wrn_VarInOutUnitializedInInitialValue,"Başlatılmamış VAR_IN_OUT değişkenine erişim"
_3S.CoDeSys.Compiler35220.Resources.ErrorMessages.tr.resources,Wrn_WrongDestructor,"'FB_Exit' FUNCTION_BLOCK veya STRUCT yöntemi, BOOL türünde bir 'bInCopyCode' girdisine ihtiyaç duyuyor."
_3S.CoDeSys.Compiler35220.Resources.ErrorMessages.tr.resources,Wrn_WrongReInit,"METHOD FB_ReInit bir FUNCTION_BLOCK veya STRUCT öğesinin giriş ve BOOL türünde bir dönüş değeri olmamalıdır. FB_ReInit otomatik olarak çağrılmayacak!"
_3S.CoDeSys.Compiler35220.Resources.Strings.tr.resources,AffectionCopied,"Eski değer X'i kopyaladı"
_3S.CoDeSys.Compiler35220.Resources.Strings.tr.resources,AffectionInitialized,"Başlatıldı"
_3S.CoDeSys.Compiler35220.Resources.Strings.tr.resources,AffectionLocationChanged,"Pozisyon değişti"
_3S.CoDeSys.Compiler35220.Resources.Strings.tr.resources,AffectionVFTableInitialized,"Sanal fonksiyon tablosu başlatıldı"
_3S.CoDeSys.Compiler35220.Resources.Strings.tr.resources,And_Text,"ve"
_3S.CoDeSys.Compiler35220.Resources.Strings.tr.resources,Area_Output_Checked,"{0} için gereken boyut: {1} bayt (Kullanılabilir Boyut: {2} bayt)"
_3S.CoDeSys.Compiler35220.Resources.Strings.tr.resources,Area_Output_Checked_Exceeded,"{0} için aşılan boyut: {1} bayt (Kullanılabilir Boyut: {2} bayt)"
_3S.CoDeSys.Compiler35220.Resources.Strings.tr.resources,Area_Output_Info,"Bellek alanı {0} {1} içeriyor: boyut: {2} bayt, en yüksek kullanılan adres: {3}, en büyük bitişik bellek boşluğu: {4} bayt ({5} %)"
_3S.CoDeSys.Compiler35220.Resources.Strings.tr.resources,Area_Output_Info_Simple,"Bellek alanı {0} {1} içeriyor: en büyük bitişik bellek boşluğu: {2} bayt ({3} %)"
_3S.CoDeSys.Compiler35220.Resources.Strings.tr.resources,AttributeAlreadyRegistered,"{0} özelliği başka bir plug-in tarafından zaten kaydedildi"
_3S.CoDeSys.Compiler35220.Resources.Strings.tr.resources,AttributeInvalidRange,"'{1}' özniteliği için {0} geçerli bir değer değil. [{2}..{3}] aralığında bir değer beklendi."
_3S.CoDeSys.Compiler35220.Resources.Strings.tr.resources,AttributeInvalidTypeInteger,"'{1}' özniteliği için '{0}' değeri geçersiz. Tek tırnak içinde bir tamsayı bekleniyor ('42' gibi)."
_3S.CoDeSys.Compiler35220.Resources.Strings.tr.resources,AttributeMustBeEmpty,"Beklenmedik değer '{0}', '{0}' özniteliğine atandı."
_3S.CoDeSys.Compiler35220.Resources.Strings.tr.resources,AttributeMustNotBeEmpty,"'{0}' özniteliğine atanan bir değer beklendi."
_3S.CoDeSys.Compiler35220.Resources.Strings.tr.resources,AttributeNotInFunctionFBOrMethod,"'{0}' özniteliği yalnızca Fonksiyon, Fonksiyon Bloğu veya Yöntem türündeki POU'lar için değerlendirilir."
_3S.CoDeSys.Compiler35220.Resources.Strings.tr.resources,AttributeNotInMethod,"'{0}' özniteliği yalnızca Yöntem türündeki POU'lar için değerlendirilir."
_3S.CoDeSys.Compiler35220.Resources.Strings.tr.resources,AttributeNotSupportedWithCompilerVersion,"'{0}' özniteliği yalnızca derleyici sürümü {1} veya daha yenisi için yorumlanır. Geçerli derleyici sürümü {2}."
_3S.CoDeSys.Compiler35220.Resources.Strings.tr.resources,AttributeStrictDesc,"Numaralandırma türü tanımlarını 'katı' özniteliğiyle donatma, derleme sırasında geçerli numaralandırma türlerinin yalnızca sabit atamalarına zorlar."
_3S.CoDeSys.Compiler35220.Resources.Strings.tr.resources,AttributeStrictNoValidSignature,"'Katı' özniteliği yalnızca ENUM türü tanımlamalar için değerlendirilir."
_3S.CoDeSys.Compiler35220.Resources.Strings.tr.resources,AttributeToStringFunctionWrongPOUType,"{0} özniteliği yalnızca tür bildirimleri ve fonksiyon blokları için geçerli."
_3S.CoDeSys.Compiler35220.Resources.Strings.tr.resources,AttributeToStringWrongType,"{0} özniteliği yalnızca numaralandırma için geçerli."
_3S.CoDeSys.Compiler35220.Resources.Strings.tr.resources,AttributeUnknown,"{0} özniteliği bilinmiyor ve derleyici tarafından yok sayılacak."
_3S.CoDeSys.Compiler35220.Resources.Strings.tr.resources,AttributeValueMustBeOneOf,"'{1}' özniteliği için geçersiz değer '{0}' şunlardan biri olmalıdır: {2}"
_3S.CoDeSys.Compiler35220.Resources.Strings.tr.resources,AttributeWrongScopeSigns,"'{0}' özniteliği yalnızca değişken bildirimlerine eklenebilir. Burada yok sayılacaktır."
_3S.CoDeSys.Compiler35220.Resources.Strings.tr.resources,AttributeWrongScopeVars,"'{0}' özniteliği bir değişkene eklendi, ancak yalnızca POU'ları etkiliyor. Öznitelik yok sayılacak."
_3S.CoDeSys.Compiler35220.Resources.Strings.tr.resources,Build,"Yapı"
_3S.CoDeSys.Compiler35220.Resources.Strings.tr.resources,BuildCompleteErrors,"Oluşturma tamamlandı -- {0} hata: {1} uyarı: indirme mümkün değil!"
_3S.CoDeSys.Compiler35220.Resources.Strings.tr.resources,BuildCompleteOK,"Oluşturma tamamlandı -- {0} hata: {1} uyarı: indirilmeye hazır!"
_3S.CoDeSys.Compiler35220.Resources.Strings.tr.resources,BuildStarted,"------ Oluşturma başlatıldı: Uygulama: {0} -------"
_3S.CoDeSys.Compiler35220.Resources.Strings.tr.resources,C138ErrMsgCheckSyntax,"'{0} : {1}({2})' söz dizimini kontrol edin"
_3S.CoDeSys.Compiler35220.Resources.Strings.tr.resources,C138ErrMsgRequiresNInputs,"Belirtilen 'FB_Init' yöntemi tam olarak {0} girişi gerektiriyor."
_3S.CoDeSys.Compiler35220.Resources.Strings.tr.resources,Change_AttributesChanged,"Öznitelikler değiştirildi"
_3S.CoDeSys.Compiler35220.Resources.Strings.tr.resources,Change_CodeChanged,"uygulama değişti"
_3S.CoDeSys.Compiler35220.Resources.Strings.tr.resources,Change_DefineChanged,"Tanımlar değişti"
_3S.CoDeSys.Compiler35220.Resources.Strings.tr.resources,Change_GlobalErrors,"Projede genel hatalar"
_3S.CoDeSys.Compiler35220.Resources.Strings.tr.resources,Change_InterfaceAdded,"eklendi"
_3S.CoDeSys.Compiler35220.Resources.Strings.tr.resources,Change_InterfaceChange_Explicitly,"bildirim değişti, açık olarak geçersiz kılındı"
_3S.CoDeSys.Compiler35220.Resources.Strings.tr.resources,Change_InterfaceChanged,"bildirim değişti"
_3S.CoDeSys.Compiler35220.Resources.Strings.tr.resources,Change_InterfaceDeleted,"silindi"
_3S.CoDeSys.Compiler35220.Resources.Strings.tr.resources,Change_NumOfSubSignaturesChanged,"yöntem sayısı veya eylemler değişti"
_3S.CoDeSys.Compiler35220.Resources.Strings.tr.resources,Change_ParameterTablesChanged,"Kitaplık parametresi tabloları değişti"
_3S.CoDeSys.Compiler35220.Resources.Strings.tr.resources,Change_ReferencedLibrariesChanged,"Başvurulan kitaplıklar değişti"
_3S.CoDeSys.Compiler35220.Resources.Strings.tr.resources,Change_VariableChanged,"değişken {0} değişti"
_3S.CoDeSys.Compiler35220.Resources.Strings.tr.resources,Change_VariableDeleted,"değişken {0} silindi"
_3S.CoDeSys.Compiler35220.Resources.Strings.tr.resources,Change_VariableInserted,"değişken {0} eklendi"
_3S.CoDeSys.Compiler35220.Resources.Strings.tr.resources,ClearDownloadContext,"İndirme Bağlamını Temizle"
_3S.CoDeSys.Compiler35220.Resources.Strings.tr.resources,Code_Text,"Kod"
_3S.CoDeSys.Compiler35220.Resources.Strings.tr.resources,CodeNoChange,"Kod değişti. Çevrimiçi değişiklik gerekli değil."
_3S.CoDeSys.Compiler35220.Resources.Strings.tr.resources,CompileCompleteErrors,"Derleme tamamlandı -- {0} hata, {1} uyarı"
_3S.CoDeSys.Compiler35220.Resources.Strings.tr.resources,CompileCompleteOK,"Derleme tamamlandı -- {0} hata, {1} uyarı"
_3S.CoDeSys.Compiler35220.Resources.Strings.tr.resources,Data_Text,"Veri"
_3S.CoDeSys.Compiler35220.Resources.Strings.tr.resources,DoCodeTypification,"Simgelenen kod"
_3S.CoDeSys.Compiler35220.Resources.Strings.tr.resources,DoLocation,"genel verileri bul"
_3S.CoDeSys.Compiler35220.Resources.Strings.tr.resources,DoTypification,"Çalışma kümesi alınıyor"
_3S.CoDeSys.Compiler35220.Resources.Strings.tr.resources,DownloadInfoSaveException,"İndirme bilgisi dosyası {0} pozisyonuna kaydedilemedi.\nAygıtta oturum açma proje yeniden yüklendikten sonra mümkün olmayacak.\nNeden:\n{1}"
_3S.CoDeSys.Compiler35220.Resources.Strings.tr.resources,Err_CompilerVersionError,"Derleyici sürümü {0} geri çekildi. Lütfen daha yüksek bir Derleyici sürümü kullanın."
_3S.CoDeSys.Compiler35220.Resources.Strings.tr.resources,ErrExpressionContainsNoAppName,"İfade hiç uygulama adı içermiyor"
_3S.CoDeSys.Compiler35220.Resources.Strings.tr.resources,ErrExpressionContainsNoResource,"İfade hiç kaynak adı içermiyor"
_3S.CoDeSys.Compiler35220.Resources.Strings.tr.resources,ErrInvalidExpression,"Geçersiz ifade"
_3S.CoDeSys.Compiler35220.Resources.Strings.tr.resources,ErrMultipleAreasWithMappedSegmentAccess,"'MappedSegmentAccessOnly' işaret seti ile birden çok alan bulundu"
_3S.CoDeSys.Compiler35220.Resources.Strings.tr.resources,ErrNoApplication,"Uygulama bulunamadı"
_3S.CoDeSys.Compiler35220.Resources.Strings.tr.resources,ErrNoAreaWithMappedSegmentAccess,"Eşlenen segmentler bulundu, ancak 'MappedSegmentAccessOnly' ile hiçbir alan işaretlenmedi"
_3S.CoDeSys.Compiler35220.Resources.Strings.tr.resources,ErrorLimitExceeded,"{0} hatadan fazla hata oluştu: sonraki tüm hata mesajları atlanıyor"
_3S.CoDeSys.Compiler35220.Resources.Strings.tr.resources,ErrSignatureNotFound,"İmza bulunamadı"
_3S.CoDeSys.Compiler35220.Resources.Strings.tr.resources,Except_Boot_Project_Error,"Bu durumda Önyükleme projesi mümkün değil: uygulama belleği doldu. Önce tam indirme gerçekleştirin."
_3S.CoDeSys.Compiler35220.Resources.Strings.tr.resources,Except_Boot_Project_Error_CompileContext_Not_UpToDate,"Bu durumda Önyükleme uygulaması mümkün değil: Dahili hata"
_3S.CoDeSys.Compiler35220.Resources.Strings.tr.resources,Except_Boot_Project_Error_Error_In_Compile,"Bu durumda Önyükleme projesi mümkün değil: Önyükleme projesi bilgileri oluşturmada hata. Aşağıdaki pencereye bakın."
_3S.CoDeSys.Compiler35220.Resources.Strings.tr.resources,FeatureGroup_Description,"IEC 61131-3 diliyle ilgili özellikler"
_3S.CoDeSys.Compiler35220.Resources.Strings.tr.resources,FeatureGroup_Name,"IEC 61131-3 dil"
_3S.CoDeSys.Compiler35220.Resources.Strings.tr.resources,GenerateCode,"{0} için kod oluştur..."
_3S.CoDeSys.Compiler35220.Resources.Strings.tr.resources,GenerateCodeInit,"Kod başlatma oluştur..."
_3S.CoDeSys.Compiler35220.Resources.Strings.tr.resources,GenerateCodeProgress,"Kod oluşturuluyor..."
_3S.CoDeSys.Compiler35220.Resources.Strings.tr.resources,GenerateGlobalInit,"genel başlatmalar oluştur..."
_3S.CoDeSys.Compiler35220.Resources.Strings.tr.resources,GenerateRelocations,"Pozisyon değişiklikleri oluştur..."
_3S.CoDeSys.Compiler35220.Resources.Strings.tr.resources,GeneratingCode,"Kod oluştur..."
_3S.CoDeSys.Compiler35220.Resources.Strings.tr.resources,Getter,"Alıcı"
_3S.CoDeSys.Compiler35220.Resources.Strings.tr.resources,GlobalInitErrorPrefix,"Kapalı başlatma kodunda hata:"
_3S.CoDeSys.Compiler35220.Resources.Strings.tr.resources,GVLChanged,"Global değişken listesi '{0}' değişti"
_3S.CoDeSys.Compiler35220.Resources.Strings.tr.resources,GVLRenamedOrDeleted,"{0}' global değişken listesi yeniden adlandırıldı veya silindi"
_3S.CoDeSys.Compiler35220.Resources.Strings.tr.resources,HiddenPousPlaceholder,"<Gizli POU'lar>"
_3S.CoDeSys.Compiler35220.Resources.Strings.tr.resources,Input_Text,"Giriş"
_3S.CoDeSys.Compiler35220.Resources.Strings.tr.resources,InterfaceChanged,"{0}' arayüzü değişti"
_3S.CoDeSys.Compiler35220.Resources.Strings.tr.resources,InterfaceReferencesAffected,"Aşağıdaki arayüz başvuruları yeniden yönlendirmede test edildi:"
_3S.CoDeSys.Compiler35220.Resources.Strings.tr.resources,InterfacesChanged,"Aşağıdaki POU arayüzleri değiştirildi:"
_3S.CoDeSys.Compiler35220.Resources.Strings.tr.resources,InvalidBooleanValue,"geçersiz değer"
_3S.CoDeSys.Compiler35220.Resources.Strings.tr.resources,LanguageModelMngrOptionConditionalShowSymbols_Description,"Son kullanıcıdan kitaplıktaki değişkenleri gizlemek için kullanılır."
_3S.CoDeSys.Compiler35220.Resources.Strings.tr.resources,Libraries,"Kütüphaneler"
_3S.CoDeSys.Compiler35220.Resources.Strings.tr.resources,LibrariesChanged,"Kitaplıklar değişti"
_3S.CoDeSys.Compiler35220.Resources.Strings.tr.resources,LoadCompileContext,"Derleme bilgisini yükle"
_3S.CoDeSys.Compiler35220.Resources.Strings.tr.resources,LoadingLibraries,"Kitaplıklar yükleniyor..."
_3S.CoDeSys.Compiler35220.Resources.Strings.tr.resources,Memory_Text,"Bellek"
_3S.CoDeSys.Compiler35220.Resources.Strings.tr.resources,MethodAdded,"{1} '{2}' öğesinin '{0}' yöntemi eklendi"
_3S.CoDeSys.Compiler35220.Resources.Strings.tr.resources,MethodChanged,"{1} '{2}' öğesinin '{0}' yöntemi değişti"
_3S.CoDeSys.Compiler35220.Resources.Strings.tr.resources,MethodRenamedOrDeleted,"{1} '{2}' öğesinin '{0}' yöntemi yeniden adlandırıldı veya silindi"
_3S.CoDeSys.Compiler35220.Resources.Strings.tr.resources,NumInterfacesChanged,"POU'ların {0} arayüzü değişti"
_3S.CoDeSys.Compiler35220.Resources.Strings.tr.resources,NumInterfacesToTest,"{0} arayüzü başvuruları yeniden yönlendirme için test edildi"
_3S.CoDeSys.Compiler35220.Resources.Strings.tr.resources,NumPOUsDownloaded,"{0} POU kodunu değiştirdi"
_3S.CoDeSys.Compiler35220.Resources.Strings.tr.resources,NumVariablesAffected,"çevrimiçi değişlikten {0} değişken etkilendi, {1} tanesinin pozisyonu değişti, {2} tanesi başlatıldı, {3} tanesi kopyalandı, {4} tanesi sanal fonksiyon tablosunu başlattı"
_3S.CoDeSys.Compiler35220.Resources.Strings.tr.resources,OnlineChangeRelinkCodegenProgress,"Arabirimleri yeniden bağlamak için kod oluşturma"
_3S.CoDeSys.Compiler35220.Resources.Strings.tr.resources,OnlineChangeRelinkProgress,"Değişkenlerin olası arayüz referansları için kontrol edilmesi"
_3S.CoDeSys.Compiler35220.Resources.Strings.tr.resources,OR,"ya da"
_3S.CoDeSys.Compiler35220.Resources.Strings.tr.resources,Output_Text,"Çıkış"
_3S.CoDeSys.Compiler35220.Resources.Strings.tr.resources,ParamsArray_Comment,"'arrParams', bu FUNCTION öğesine iletilen gerçek değerleri tutan 1 tabanlı bir ARRAY'dir. 'NCoun' değerinin ötesinde herhangi bir değer atanmaz veya başlatılmaz ve kullanılmaz."
_3S.CoDeSys.Compiler35220.Resources.Strings.tr.resources,ParamsCount_Comment,"Sayı, bu fonksiyona geçirilen resmi parametrelerin sayısını tanımlar"
_3S.CoDeSys.Compiler35220.Resources.Strings.tr.resources,Persistent_Text,"Kalıcı Veriler"
_3S.CoDeSys.Compiler35220.Resources.Strings.tr.resources,PersistenVariablesChanged,"Kalıcı değişkenler değişti. Geçerli listeyle başlatmak istiyor musunuz?\n\nEvet: geçerli liste başlatılacak, varolan kalıcı değerler geçersiz kılınacak.\nHayır:  varolan kalıcı değerler korunacak, geçerli liste bu değerleri kullanacak.\n      UYARI: Değerler kalıcı değişkenlerinizle eşleşmeyebilir. Değerleri el ile kontrol etmeniz gerekir!\n      Örn. listenin başına bir değişken eklerseniz, tüm değerler yanlış olur! \n\nİptal: indirmeyi veya çevrimiçi değiştirmeyi iptal edin"
_3S.CoDeSys.Compiler35220.Resources.Strings.tr.resources,POUChanged,"{0} '{1}' değişti"
_3S.CoDeSys.Compiler35220.Resources.Strings.tr.resources,POURenamedOrDeleted,"{0} '{1}' yeniden adlandırıldı veya silindi"
_3S.CoDeSys.Compiler35220.Resources.Strings.tr.resources,POUsDownloaded,"Aşağıdaki POU'ların kodu indirilecek"
_3S.CoDeSys.Compiler35220.Resources.Strings.tr.resources,POUUnit,"POU'lar"
_3S.CoDeSys.Compiler35220.Resources.Strings.tr.resources,Precompile,"Ön derleme"
_3S.CoDeSys.Compiler35220.Resources.Strings.tr.resources,ProjectUpToDate,"Uygulama güncel"
_3S.CoDeSys.Compiler35220.Resources.Strings.tr.resources,Retain_Text,"Saklama Verileri"
_3S.CoDeSys.Compiler35220.Resources.Strings.tr.resources,Scanner_Initialize_char_array_must_end_with_null_value,"Char dizisi null değeriyle bitmelidir"
_3S.CoDeSys.Compiler35220.Resources.Strings.tr.resources,Setter,"Kurucu"
_3S.CoDeSys.Compiler35220.Resources.Strings.tr.resources,String1,"Bu projede belirtilen derleyici sürümü onaylanmıyor. Proje derlenebilse de derleyici sürümünü daha sonraki bir sürüme güncellemeniz önerilir. Lütfen derleyici sürümünü güncelledikten sonra eski sürümün bu proje için artık kullanılamayacağını unutmayın."
_3S.CoDeSys.Compiler35220.Resources.Strings.tr.resources,SupportExtendedProgrammingFeatureSettingProvider_Description,"Etkinse, nesne yönlendirmeli programlama gibi genişletilmiş programlama özellikleri veya öznitelikler kullanıcı arayüzünde desteklenir. Not: Bu, bu tür öğeleri içeren varolan projeleri açma ve derleme kapasitesini etkilemez."
_3S.CoDeSys.Compiler35220.Resources.Strings.tr.resources,SupportExtendedProgrammingFeatureSettingProvider_Name,"Genişletilmiş programlama özelliklerini destekle"
_3S.CoDeSys.Compiler35220.Resources.Strings.tr.resources,TextContains,"içeren"
_3S.CoDeSys.Compiler35220.Resources.Strings.tr.resources,TypeChanged,"{0}' türü değişti"
_3S.CoDeSys.Compiler35220.Resources.Strings.tr.resources,TypeRenamedOrDeleted,"{0}' türü yeniden adlandırıldı veya silindi"
_3S.CoDeSys.Compiler35220.Resources.Strings.tr.resources,TypifyAll,"simgelenen kod..."
_3S.CoDeSys.Compiler35220.Resources.Strings.tr.resources,UnexpectedExpression,"'Beklenmeyen İfade {0}'"
_3S.CoDeSys.Compiler35220.Resources.Strings.tr.resources,UnresolvedVariable,"Çözülmemiş değişken {0}"
_3S.CoDeSys.Compiler35220.Resources.Strings.tr.resources,UpdatingCompilerVersion,"Derleyici sürümü güncelleniyor"
_3S.CoDeSys.Compiler35220.Resources.Strings.tr.resources,VariableDeclarationChanged,"{1}' içindeki '{0}' değişkeni bildirimi değişti"
_3S.CoDeSys.Compiler35220.Resources.Strings.tr.resources,VariableRenamedOrDeleted,"{1}' içindeki '{0}' değişkeni yeniden adlandırıldı veya silindi"
_3S.CoDeSys.Compiler35220.Resources.Strings.tr.resources,VariablesAffected,"Aşağıdaki değişkenler çevrimiçi değişiklikten etkilenecek:"
_3S.CoDeSys.Compiler35220.Resources.Strings.tr.resources,WarningLimitExceeded,"{0} hatadan fazla uyarı oluştu: sonraki tüm uyarı mesajları atlanıyor"
_3S.CoDeSys.Compiler35220.Resources.Strings.tr.resources,Warnings,"Uyarılar"
_3S.CoDeSys.Compiler35220.Resources.Strings.tr.resources,WritingCompileInformationProgressText,"Yazma derleme bilgilerini bitir..."
